1584	1687	1826	2071	2076	2082	2116	2124:3420:249	8	174	954	358	1083	570	24
9	1741	1899	2082	2125:289:41	20	37	41	150
1617	1671	1798	1915	2071	2076	2079	2115	2121	2125:10557:166	195	366	329	2274	591	308	1633	4525	170
39	1728	2081	2124:1239:537	24	666	12
5	1672	2080	2095	2115:769:270	79	200	8	212
1521	1897	2096:124:37	29	58
5	2101:273:149	124
1570	1957	2071	2076	2101:1202:54	8	733	162	245
2	1741	2081	2096	2107:1177:474	54	425	216	8
1673	1794	1960	2080	2096	2101:939:162	79	8	341	116	233
5	1670	1914	2082	2108:239:166	12	20	37	4
2079	2087	2111	2116	2121	2126:4428:29	1279	1154	100	1633	233
101	1688	2070	2075:186:125	8	16	37
1689	1826	2080	2087	2116	2131:2460:29	70	250	1070	304	737
1630	1670	1745	2082	2087	2116	2124	2131:2655:91	41	58	900	1204	295	4	62
1050	1688	1774	2125:40:4	8	8	20
5	1673	1687	1817	1935	2075	2080	2082	2096	2102	2116	2125	2131:9544:1129	391	24	75	133	45	504	1820	1383	974	4	529	2533
1689	1935	2081	2125	2131:1482:4	54	629	200	595
1804	2080	2095	2126	2131:798:50	270	33	75	370
637	1689:9:1	8
1347	1688	1831	2115	2121	2131:2297:20	4	120	304	1154	695
1320	1690	2087:782:45	12	725
9	1282	1926	2111:627:20	8	41	558
2095:12:12
9	1926	2107:57:16	8	33
19	1671	1774	1922	2087	2096:2551:616	41	245	79	1441	129
2	1671	1690	1798	1926	2070	2076	2081	2101	2115	2121:10000:1220	345	33	170	254	500	541	1337	400	775	4425
5	1689	1893	2071	2076:927:183	8	50	566	120
1629	1672	1925	2125:144:25	24	29	66
5	1671	1745	2116	2124:315:204	8	16	75	12
2	1688	1741	2071	2076	2086:2018:537	12	29	662	241	537
1690	1740	2080	2082	2096	2108	2115:1410:8	62	216	783	187	4	150
1671	1760	1926	2071	2076	2086	2096	2101:3233:145	145	191	1179	295	491	283	504
1915	2080	2125:195:58	54	83
6	1670	2125	2131:598:254	25	99	220
2	1671	1926	2081	2095	2101:1577:504	75	158	545	12	283
1688	2071	2076	2086	2096	2115	2125	2131:6601:12	1729	587	1366	329	54	1091	1433
2	17	1673	1790	1974	2081	2115	2121:10222:820	1037	333	354	37	1929	1350	4362
6	1688	1811	1890	2086	2096:953:262	1	58	87	516	29
7	2071	2076	2086	2101:2777:204	1012	266	879	416
1910	2082	2107:261:66	133	62
6	1689	1831	2095	2100	2115	2121	2131:2055:320	16	104	33	8	158	1333	83
2	684	1807	1914	2107:531:370	12	87	54	8
2	1689	1751	1926	2081	2082	2108	2115	2121:11896:1595	49	400	258	1891	1283	4	1558	4858
1784	1935	2096	2115	2125	2131:1184:58	54	141	20	316	595
3	1672	1688	1794	2071	2076	2080:2589:520	200	8	95	879	308	579
1672	1758	1890	2095:107:41	37	25	4
5	2071	2081	2108:1331:295	483	495	58
1	1449	1689	1790	1920	2070	2075	2079	2096	2115	2121:10017:1362	237	20	200	129	758	604	329	895	1404	4079
10	139	1751	1941	2080	2087	2101	2111	2115	2121	2131:10840:62	370	212	166	1575	1300	866	166	1045	4958	120
5	2080	2101:1053:316	533	204
5	2086	2100:545:212	258	75
1689	2080	2125:302:8	174	120
120	1673	2081	2082:982:150	204	541	87
1613	1671	1690	1937:152:33	49	29	41
1	1504	1688	1798	1950	2079	2095	2115	2121:10845:2491	325	12	312	145	420	145	1900	5095
2	1688	1741	2081	2082	2107:1305:566	20	45	495	125	54
483	1687	1922:53:29	4	20
822	1780	2079	2101	2108:111:4	20	50	33	4
1689	1832	2081	2086	2126:923:25	4	399	404	91
720	1687	1821	2071	2076	2096	2101:554:12	12	24	45	137	179	145
57	1688	1907	2071	2076	2086	2101	2125	2131:3359:1116	25	237	895	279	362	291	25	129
6	1269	1689	1741	2071	2076	2081	2086	2096	2111	2124	2127:9931:895	429	37	145	1745	504	2041	1483	416	1916	137	183
1457	1688	1778	1925	2114	2125:161:37	12	20	25	1	66
1413	1673	1688	1826	2116	2125:229:20	83	16	20	20	70
1489	1671	1794	2071	2075:260:50	33	12	120	45
1553	1689	2071	2081	2087	2096:2104:45	49	716	595	420	279
797	1895	2079	2116	2126	2131:899:1	83	33	87	120	575
1671	1752	1935	2080	2096	2107	2125	2131:2850:166	99	104	645	179	49	429	1179
88	1688	1739	2080	2114	2121	2125:540:225	29	4	208	8	37	29
5	1688	1790	1892	2071	2076	2081	2082	2115	2121:10103:562	4	225	241	1124	804	1624	491	766	4262
2	1790	1914	2070	2076	2079	2095	2100	2108	2115	2121:9693:1275	191	245	758	545	366	141	174	20	1333	4645
1795	1901	2070	2076	2096:218:25	45	45	62	41
5	1688	1745	2101	2116:495:220	1	12	158	104
1825	1925	2125:90:8	12	70
5	1673	1961	2071	2076	2101	2124:2788:495	341	45	1195	279	350	83
2	1811	2080	2086	2096	2101	2120:4589:1504	25	837	1179	366	512	166
8	31	1795	2081:1578:108	625	137	708
1430	1687	1795	1933:57:12	4	12	29
1925	2125:45:16	29
2	1914	2079	2082	2096	2102	2116	2121	2130:11493:1629	225	491	2350	320	1154	654	4462	208
128	1673	1689	2075	2081	2082	2095	2115:3063:241	274	29	137	875	1062	179	266
1188	1670	1687	2081	2082	2097:1419:4	12	4	404	983	12
2071	2076	2094	2101	2124	2127:777:383	129	4	179	45	37
2	1688	1832	1937	2107:277:204	8	12	24	29
1	1485	1689	2074	2082	2096	2111	2116	2121	2125	2131:10013:1937	462	4	4	195	500	837	412	3904	675	1083
10	128	1833	1973	2071	2076	2081	2082	2096	2115	2120	2124:9153:33	625	179	54	2187	579	1841	1620	258	1249	524	4
1626	1672	1689	1833	2096	2107	2115	2125	2131:3601:266	304	66	62	654	104	691	425	1029
1673	1915	2082	2107	2116	2125:365:125	33	87	4	41	75
9:8:8
2071	2076	2101:498:320	58	120
1795	1935	2075	2081	2125	2131:1937:100	58	29	800	300	650
3	42	1671	2081:1090:358	287	70	375
5	568	1670	1689	1890:206:145	16	12	8	25
8	74	1670	1800	1953	2096:668:112	275	16	66	33	166
5	638	2095	2115:299:154	4	4	137
1482	1673	1689	1817	1924	2080	2096	2101	2124	2131:1437:145	237	33	91	100	283	166	183	62	137
729	1688	2082	2096	2108	2115	2125	2131:3802:1	16	1020	612	4	700	379	1070
2	1911	2080	2096:927:487	66	216	158
1690	1758	1907	2080	2095	2101	2125	2131:796:20	58	62	166	16	350	58	66
1689	1757	1926	2080	2096:234:20	25	20	99	70
5	505	1745	1890	2071	2076	2079	2082	2096	2111	2116:9717:783	33	554	462	1895	575	220	2404	2054	308	429
1689	1741	1968	2071	2076	2086	2096	2101:3234:33	41	12	987	312	1112	312	425
2	1690	1728	2087	2096	2108	2120	2125	2131:12554:2700	83	112	4879	1099	16	595	804	2266
2	1739	2080	2096	2101	2107	2114	2121:1992:766	54	420	145	183	8	54	362
2071	2076	2086	2101:753:404	24	150	175
1688	1831	1890	2075	2096	2101	2115	2121:4403:20	116	112	245	249	925	441	2295
1688	1964	2080	2096	2125:290:4	16	158	29	83
4	1690	1790	1902	2115	2121	2131:6401:879	25	337	341	1066	2499	1254
502	1690	2080	2086	2101:536:16	12	370	1	137
1547	1754	2070	2075	2082	2096	2126:4025:479	62	124	495	1599	916	350
1315	1670	1794	2080	2082	2102:568:50	16	20	254	45	183
9	1689	2071	2076	2096:805:24	16	545	108	112
1289	2082	2087	2096	2116	2126:1956:158	245	712	466	100	275
2	1790	2081	2082	2096	2115	2121	2130:12037:808	337	1499	1687	1224	1308	5045	129
648	1739	1892	2070	2076	2081	2082	2096	2114	2121:11657:83	366	237	1008	1408	2816	1362	2416	816	1145
742	1672	1689	1751	2070	2076	2080	2082	2096	2115	2121	2130:8954:1	350	16	120	679	295	937	1316	462	1050	3695	33
3	117	1857	2071	2081	2107	2126:1997:454	116	66	683	554	20	104
3	32	1672	1793	2076	2082	2096:5736:825	1750	200	612	645	1154	550
6	1432	1831	1900	2115	2121:4448:708	279	225	212	674	2350
1688	1780	1924	2080	2096	2124	2131:518:4	29	58	291	91	25	20
4	1672	1829	2075	2080	2086	2096	2121	2126	2131:10563:1491	600	299	325	1708	1579	708	695	358	2800
1579	2071	2075	2086	2095	2111	2124:1794:225	141	175	362	104	750	37
6	497	1690	1740	1926	2087	2115:1235:254	16	25	83	58	679	120
5	1012	1670	2080	2082:485:137	8	25	170	145
1462	1768	1914:46:1	8	37
78	1672	1688	1751	1900	2070	2075	2080	2082	2096	2111	2115	2121:9639:1150	379	25	300	150	237	633	600	1504	437	233	983	3008
1336	1964	2071	2081	2086	2125:1335:50	16	204	516	487	62
5	1759	1890	2080	2100:623:283	83	50	162	45
1690	1741	2086:53:16	4	33
1572	2096	2115:65:37	20	8
689	1685	2080:238:8	1	229
2	1741	2080	2086	2095	2101:2589:850	137	620	504	41	437
5	1820	1890	2095:164:120	12	20	12
1740	1900	2080	2115:373:8	54	270	41
1	1480	1672	1687	1768	2108	2125	2131:3421:1004	162	258	20	229	12	566	1170
21	1688	1774	1922	2086	2101:975:491	8	124	45	191	116
2	2080	2082	2116:1073:608	270	87	108
4	1689	2072	2081	2086	2100	2107	2121	2126	2131:11905:1737	25	4	2125	1016	33	45	4125	162	2633
1627	2070	2075	2096	2115	2125:635:112	91	45	100	58	229
1564	1690	1893	2107	2121:131:8	4	20	41	58
5	23	1741	1890	2075	2079	2086	2101	2108:5108:812	1966	387	474	58	370	429	587	25
1	1472	1841	1977	2071	2076	2096	2108	2121	2125	2131:10683:2612	345	495	12	2625	900	270	29	1154	804	1437
91	1773	1960	2071	2081	2096	2100:3128:512	258	100	775	829	525	129
9	1926	2096	2111:77:12	20	37	8
6	1688	1741	1890	2096	2102:398:137	4	1	20	66	170
1687	1812	1902	2071	2076	2079	2116	2131:3231:4	200	125	1320	425	220	204	733
2124:4:4
5	2080	2095:473:137	291	45
1673	1687	1804	2080	2096	2126	2131:901:70	8	54	145	75	95	454
2	1672	1688	1741	2081	2082	2095:1685:658	112	8	83	566	229	29
5	2071	2076	2081	2100	2108:2155:366	658	195	779	137	20
5	1718	1929	2082	2087	2096	2097	2111	2116	2121	2126:12717:1495	383	458	2950	2183	1104	941	929	875	1341	58
1	1531	1690	2101	2107:585:412	45	4	87	37
2	1926	2082	2096:1795:466	100	804	425
3	56	1673	1972:865:320	379	162	4
2	1811	1902	2071	2072	2081	2120	2131:12580:2004	904	900	2645	691	1691	1000	2745
1310	1794	2071	2076	2096	2107:773:4	37	504	79	145	4
1689	2079	2127:45:4	25	16
1761	1929	2102	2115	2126:744:58	33	379	245	29
8	48	1822	2096:406:25	220	20	141
2	1670	1690	1811	1964	2075	2080	2086	2100	2102	2120	2125:10840:2633	179	70	233	133	37	1962	1437	33	2679	1099	345
4	1758	2071	2076	2081	2086	2095	2101	2121	2124:10475:1166	183	2833	562	2483	1116	70	854	1179	29
1690	1821	2081	2095:296:12	33	250	1
5	1780	2081	2125	2131:1744:283	116	491	300	554
1209	1671	1687	1770	2070	2075	2082	2096	2125:691:70	66	4	45	12	104	87	120	183
5	1817	1935	2071	2076	2080	2096	2125	2131:10429:979	116	241	2616	887	1108	983	570	2929
5	524	1798	2071	2076	2080	2095	2101	2115	2121:9945:754	16	258	720	549	920	166	600	800	5162
9	1286	1832	2076	2080	2086:598:54	12	8	100	187	237
2	655	1804	1914:507:362	8	58	79
5	1690	1780	1929	2080:602:220	12	50	41	279
1804	1897:57:37	20
6	1033	1688	1890	2080	2082	2107	2115	2121:12535:1554	537	16	283	1050	3150	62	2008	3875
1670	1690	1925	2101	2125:197:4	20	20	87	66
1322	1689	2082	2087	2095:268:20	4	49	179	16
1294	1690	2095:24:8	12	4
3	2080:462:279	183
1907	2079	2125	2131:136:29	66	29	12
2	816	2071	2076	2079	2086	2095	2100	2120	2126:10341:2320	91	2091	1250	583	1554	745	191	562	954
3	2075	2111	2124:1285:529	95	612	49
527	1779	1914	2082	2115	2124	2130:223:8	58	58	54	12	4	29
1285	1689	1774	2075	2081	2096	2102	2111	2124	2127:4763:54	20	162	4	1295	412	625	1908	133	150
1673	1690	1926	2082:435:91	16	37	291
1313	1907	2081	2102	2131:885:45	33	350	387	70
3	22	1970	2075	2081	2095	2100	2114	2125	2131:5717:729	1070	54	33	1575	58	37	137	708	1316
2080	2096:203:158	45
4	1804	1895	2080	2101	2126	2131:3347:704	166	87	600	470	129	1191
1	1438	1807	2080	2125	2131:3459:1054	316	108	666	395	920
557	1687:24:20	4
5	1901	2071	2115:853:233	4	433	183
2	1741	1914	2080	2108:1360:770	75	87	412	16
5	2071	2111	2125:823:316	470	29	8
2080	2086	2096	2101	2126:569:208	58	29	200	74
1287	1687	1728	2065	2070	2075	2080	2100:569:4	12	58	112	25	150	129	79
1688	1798	1900	2070	2075	2080	2101	2115	2121:10853:16	445	587	1412	912	1079	495	1570	4337
1561	1780	1903	2086	2096	2101	2102:1394:129	129	91	258	225	229	333
2	659	1741	1937	2081	2096	2108:1110:466	4	24	25	420	170	1
9	1113	1687	1947	2087	2108:643:91	37	4	37	454	20
1456	1788	1926:53:4	20	29
5	1690	1798	1941	2080	2083	2100	2115	2121	2131:12350:1416	125	358	408	1904	533	108	2645	4445	408
2	1690	1914	2080	2082	2095	2116	2121	2130:6692:1279	83	41	458	2520	20	37	2150	104
4	66	1790	1985	2080	2100	2115	2121	2130:13399:1887	1299	729	41	2041	141	2629	4437	195
639	2081	2101	2107:496:1	291	179	25
638	1818	1954	2071	2076	2096	2111:1792:8	58	58	499	166	158	845
2126:70:70
5	111	2075	2081	2082:1051:291	145	79	495	41
5	1690	1817	2070	2076	2081	2082	2096	2124:4739:754	108	79	387	575	1279	737	612	208
1688	1780	1935	2081	2087	2111	2125	2131:4871:12	162	112	875	1999	224	404	1083
4	1672	1790	1941	2070	2076	2081	2101	2115	2121	2131:9373:820	224	129	141	716	550	1487	183	791	4245	87
3	43	2070	2075	2082	2096	2108:3035:512	575	62	300	1241	333	12
3	44	2081:1003:362	241	400
1290	1673	2101	2108	2116	2124:506:8	137	279	8	41	33
1824	2070	2075	2096	2115:302:33	45	41	125	58
3	1688	1906	2071	2076:1310:416	8	133	616	137
2	2081	2125	2131:1281:470	562	95	154
1794	2076	2080	2124:352:41	45	258	8
1833	1935	2096	2100	2108	2115	2125	2131:3656:108	125	504	175	12	1004	512	1216
1650	1940	2086	2107:190:54	16	108	12
1741	2079	2107	2124:53:4	8	12	29
1690	1794	2082	2102	2124	2127:406:20	58	50	212	54	12
5	1817	2071	2076	2081	2086	2096	2101	2102	2107	2116	2130:10694:1412	220	2720	420	1925	629	1133	683	1370	95	12	75
83	1673	1941	2070	2075	2101	2107:1748:566	300	166	154	204	354	4
1960	2076	2080	2086	2101:752:33	91	120	308	200
1318	1670	1689	1831	2071	2075	2079	2087	2101	2115	2121:11994:116	141	75	233	1208	562	791	3816	287	645	4120
4	2096	2116	2121	2125	2131:3638:579	320	112	1745	220	662
6	1804	2080	2125	2131:615:170	25	204	104	112
2	1741	2080	2086	2095	2126:1293:537	29	204	445	33	45
1599	1671	1689	1902	2080	2082	2107	2131:1342:91	83	8	112	341	158	12	537
2082:25:25
5	1817	1890	2080	2095	2107:403:229	4	12	137	1	20
1239	1922	2080:261:20	8	233
6	1688	1973	2070	2075	2096	2101	2108:812:137	12	8	87	104	195	249	20
5	2082	2087	2115:1372:220	458	445	249
2	1673	1690	1745	2070	2075	2081	2082	2096	2102	2116	2120:9386:1145	650	45	370	583	612	1745	2274	679	633	575	75
5	1831	2081	2108	2115	2121	2125:4904:750	20	999	20	504	2070	541
5	1686	1753	2081	2082	2102:2774:316	1	95	775	1312	275
2	1690	1914	2070	2075	2080	2082	2087	2102	2116	2121:9328:662	37	208	29	179	820	1304	1491	795	120	3683
1689	2080	2096	2116:698:16	391	262	29
1737	1925	2096	2125:119:8	24	29	58
1689	1850	2071	2076	2086	2101:1538:29	24	679	224	370	212
1749	2101:33:4	29
2	1688	2081	2102	2125	2131:1419:483	1	412	145	129	249
681	1689	1745	2116	2125	2131:223:12	16	1	49	70	75
1673	1826	2116:178:100	29	49
2096:83:83
1207	1798	2080	2115	2121:3377:41	129	545	708	1954
2	68	1689	1790	1974	2071	2072	2081	2096	2099	2115	2121:9530:908	941	45	224	8	1545	75	1395	1241	12	662	2474
1448	1670	2125:61:37	8	16
5	1688	1713	1890	2071	2076	2080	2086	2096	2101	2116	2121:9191:645	4	212	266	1095	704	1450	387	412	475	312	3229
1523	1804	2080	2095	2131:498:24	95	291	1	87
680	1690	1731	1925	2082	2114	2125:659:16	12	58	62	483	4	24
1409	1689	1771	1925	2101	2125:301:24	8	8	45	166	50
1690	1774	2071	2076	2086	2096	2102:2259:24	137	570	58	529	337	604
933	1687	2116	2124:79:1	4	66	8
648	1671	1737	1897	2086	2101:852:37	54	33	50	483	195
1348	1689	2071	2076	2086	2095	2101	2111:2071:45	8	729	245	591	70	204	179
4	2071	2076	2081	2096	2101	2116	2121	2131:11150:841	1354	229	1637	925	516	433	3945	1270
5	104	2081:824:204	75	545
5	1670	2086:274:183	29	62
2	1690	1914	2081	2130:839:358	8	45	420	8
2	60	1689	2071	2081	2086	2095	2115	2125	2131:11790:1475	841	75	2941	2508	941	145	1166	324	1374
1	1540	1784	1929	2115	2126:935:516	204	66	62	83	4
9	1811	1936	2095	2101:127:12	12	20	4	79
6	1831	2075	2080	2101	2111	2115	2121:10121:1162	91	224	1904	762	783	666	4529
4	1913	2107	2116	2121	2125:2943:645	158	120	208	1554	258
1628	1687	1790	1902	2082	2096	2115	2121	2131:5700:95	12	283	83	404	291	816	2379	1337
1933:25:25
3	1690	2081:774:391	8	375
2	1687	2080	2100:748:412	12	312	12
1690	1780	1900	2096	2101	2111:209:12	49	41	20	83	4
1621	1673	1688	1826	1920	2101	2116	2125:747:87	174	12	41	50	225	150	8
187	1688	1779	1902	2071	2076	2115	2121	2131:3778:166	20	233	291	1116	220	24	408	1300
1445	1794	2081	2086	2095	2101	2125:1670:41	74	562	616	91	70	216
1672	1688	1911	2096	2101	2115	2121:840:129	4	54	100	100	33	420
2	1690	1741	2070	2075	2080	2096	2125:1946:579	20	29	95	195	550	270	208
1541	1944	2071	2076	2096:776:91	24	491	83	87
2	1689	1794	2081	2096	2107	2126:1034:404	4	58	433	45	20	70
1818	2096:91:4	87
2	588	1689	1728	2070	2075	2086	2096	2101	2120	2130:10758:2233	158	170	12	1454	787	2716	308	1958	925	37
5	1920	2071	2076	2101:1453:341	112	600	175	225
1670	1740	2071	2076	2080	2095	2115	2126:1851:49	4	675	304	249	95	300	175
1304	2080	2100	2116	2121	2126:2218:116	333	62	166	1337	204
2	2102	2125	2131:1582:658	541	150	233
5:125:125
2	173	1689	2101:357:291	4	8	54
2	1673	1690	1926	2081	2082	2095	2115	2121:10371:1875	558	58	166	1487	408	74	954	4791
2	1688	1832	2071	2076	2080	2096:1790:500	4	33	620	79	404	150
1375	1688	1798	1913	2115	2121	2125:2763:12	16	112	166	545	1650	262
5	1688	1817	2080	2095	2131:1373:279	4	54	391	8	637
1794	2108:20:12	8
1690	1804	1941	2082	2131:119:8	33	16	58	4
2070	2096:83:4	79
1	1558	1688	1817	1928	2071	2076	2082	2096	2111	2116	2125:11740:1783	945	20	212	308	1987	745	2175	516	2562	104	383
4	1970	2082	2087	2125	2131:5796:837	16	520	2741	595	1087
2	1686	1767	1914	2096:698:470	4	79	91	54
1414	1669	1744	2080	2100	2107	2116	2125	2131:1746:62	20	29	300	112	8	162	383	670
2100:1:1
1672	1686	1818	1973	2081	2096:681:83	8	29	41	395	125
2	2081	2096	2116:1319:604	583	95	37
119	1689	1922	2075	2081	2096	2121:3406:400	33	300	516	879	845	433
510	1794	1890	2071	2081	2086	2102	2108:5547:58	212	108	904	1329	1508	1416	12
3	1688	1926	2081	2101:931:287	12	75	395	162
1689	1794	1914	2071	2081:1230:20	120	120	491	479
5	1673	1686	2081	2082	2125:1774:387	229	1	529	387	241
1740	1922	2082	2115:953:8	33	833	79
1135	1781	1926	2096	2101:139:16	62	8	37	16
72	1686	1974	2086:236:166	4	4	62
381	1690	1900	2086	2101	2116:702:1	24	70	266	225	116
5	2082	2115:1002:312	445	245
1418	1671	1826	1961	2079	2096	2116	2124:1067:108	91	58	12	54	587	116	41
2071	2076	2086	2101	2125	2131:4714:1233	391	991	433	533	1133
2	1741	2075	2079	2096	2102	2111	2126:2696:858	137	150	291	404	391	320	145
6	1688	1740	1929	2080	2107	2115	2126:812:195	12	54	70	316	37	108	20
5	1688	1794	1890	2075	2081	2096	2101:1174:274	12	37	49	108	512	87	95
7	1690	1794	1948	2076	2081	2086	2096	2102:4890:366	120	391	395	462	1024	1024	329	779
1612	1824	1924	2080	2102	2115	2131:1051:224	16	95	150	254	279	33
5	1745	1941	2080	2101	2116:1002:312	79	87	358	104	62
5	1673	1688	1831	1929	2115	2121	2126:3031:500	329	25	33	104	325	1695	20
1553	2082:587:29	558
5	1795	2081	2111	2125:656:175	45	366	45	25
2	1669	1798	2080	2095	2100	2115	2121	2126:11871:2433	179	712	1054	341	395	2075	4162	520
5	1806	1890	2087	2101	2116:5655:687	58	220	3220	820	650
3	18	1688	1739	1974	2073	2081	2095	2114	2121	2127:11742:1887	2741	54	958	279	66	2883	158	695	2020	1
1478	1689	1791	1925	2070	2075	2095	2125:558:45	8	70	62	154	104	24	91
1	1446	1671	1798	2074	2080	2111	2115	2121:9887:1662	433	145	312	75	516	937	837	4970
1789	1925	2081	2095	2108	2125:589:62	29	395	8	16	79
2	1688	2082	2115:535:395	16	120	4
10	1690	1745	1941	2071	2076	2081	2096	2116	2120	2131:10022:70	66	183	245	3208	891	1966	1999	1216	24	154
1689	1740	2071	2076	2080	2086	2101	2115:3167:50	54	1054	649	87	929	220	124
1604	1923	2071	2076	2086	2101	2125:2663:41	187	829	370	575	420	241
2107:4:4
5	1798	2070	2075	2081	2082	2115	2121:10578:874	349	70	200	1470	1145	1250	5220
2079	2108	2127:86:54	8	24
1670	1690	1821	2071	2076	2079	2096:1105:54	16	45	608	150	12	220
1751	2080	2101	2115	2121	2124:5401:349	541	783	954	2645	129
5	2070	2079	2086	2115:1235:312	12	29	516	366
1671	1686	1901	2095:18:12	1	4	1
1960	2080:137:8	129
5	1671	1688	1713	2081	2082	2116	2121	2125:6517:858	250	4	133	2062	320	208	2070	612
1670	1688	1784	1935	2075	2115	2125	2131:1438:41	4	91	125	8	74	375	720
2	1740	1914	2071	2072	2081	2082	2096	2107	2115	2124	2130:11553:2529	887	654	2637	329	1416	1012	225	124	1170	62	508
2	1689	1926	2081	2082:2056:670	16	129	750	491
1542	1745	2082	2116	2126:364:62	4	195	33	70
1	1497	1745	1959	2082	2102	2116	2124	2131:3559:1337	241	29	49	1050	479	225	108	41
1671	2079	2082	2087:1132:12	4	29	1087
2	1671	1689	1914	2079	2096	2108	2115:2036:862	166	45	45	241	195	45	437
1798	2074	2087	2111	2115	2121	2131:7822:420	25	1370	1179	1658	2950	220
1442	1690	2076	2082:261:37	4	62	158
1826	2080	2101	2116:585:33	295	141	116
2	1690	1795	1964	2081	2101	2125:1480:475	12	83	8	516	295	91
1794	2124	2127:57:20	29	8
1925	2087	2096	2102	2125:1735:49	512	625	391	158
5	538	1687	1804	1890:373:245	4	12	50	62
1673	1783	2070	2075	2095	2100	2121	2125	2131:2496:341	87	154	79	108	62	129	620	916
2	1689	1728	1928	2071	2076	2080	2096	2125:4324:820	8	208	341	1491	487	470	279	220
10	1688	1941	2080	2101:393:12	16	54	149	162
1403	1688	1902	2081	2096	2115	2131:1535:25	8	66	570	129	79	658
2082	2102	2127:411:116	283	12
1509	1671	2094:28:12	12	4
2	566	1671	1690	1914:535:383	16	70	8	58
1689	2081:270:8	262
1189	1818	2080	2095	2126:255:1	4	150	25	75
5	1912	2071	2076	2126:1099:258	54	625	87	75
5	629	2086	2102	2124:623:241	37	137	183	25
1109	1688	2071	2076	2079	2116:919:45	4	579	150	75	66
1	1525	1803	2080	2096	2108	2115	2125	2131:4678:1095	370	187	962	437	58	66	462	1041
1	1463	1690	1817	1928	2125:852:508	91	16	33	75	129
2	1914	2082	2121	2130:1531:658	116	675	70	12
103	1740	1948	2080	2115:364:125	12	12	141	74
4	1690	2082	2108	2125	2131:1974:400	4	800	25	287	458
3	106	1689	2081	2095:1269:512	100	37	604	16
1688	2065	2070	2075	2101	2116	2124:1026:12	54	99	191	408	229	33
1508	1673	1688	1820	2095	2101	2126:1533:79	333	20	116	74	691	220
163	1673	1689	2107:199:62	100	12	25
1353	1673	1798	1900	2070	2075	2080	2101	2115	2121:9973:66	416	216	154	570	341	1137	804	999	5270
1596	1671	1690	1801	2080	2125	2131:1576:12	62	37	29	495	275	666
1620	1784	1890	2082:390:29	29	12	320
3	1906	2071	2076	2080	2087	2095	2100	2107:3920:725	87	1020	354	245	1345	62	20	62
1490	1924	2101	2116	2121	2124	2131:2734:66	154	325	166	1970	16	37
2108	2124:28:4	24
1690	1780	1913	2075	2080	2086	2095	2101	2125:3221:66	170	216	150	687	825	133	695	279
1576	1690	2070	2096	2102	2115:1680:233	29	49	295	762	312
5	1831	1890	2070	2075	2079	2082	2115	2121:10413:1200	54	233	1020	945	833	700	758	4670
5	2101:228:137	91
2	121	1672	1926	2080	2100	2115:2606:875	4	229	62	533	133	770
1656	1688	1740	2080	2082	2115:1584:166	8	45	212	995	158
2	1672	1689	1926	2081	2101:1514:554	83	8	62	545	262
1690	1740	2071	2072	2080	2086	2115	2124:2884:24	50	929	220	283	1029	245	104
1224	1688	2079	2082	2127:437:33	4	54	345	1
5	1670	1688	1745	1902	2071	2076	2107	2116	2131:10579:1504	237	16	958	950	2450	666	220	1091	2487
1443	1673	1690	1741	2070	2075	2087	2101:4267:158	466	54	83	204	312	2345	645
1632	1670	1690	1740	1889	2082	2096	2097	2115	2125:1296:174	29	12	24	79	725	54	79	54	66
1355	1690	1830	2124:57:4	8	8	37
1690	1907	2071	2076	2086	2095	2101	2114	2125	2131:2452:79	125	433	441	375	100	625	20	29	225
1657	1945	2071	2096	2100:565:25	12	354	158	16
1328	1672	1689	2070	2075	2082	2107	2125:1253:149	124	8	62	145	495	12	258
5	585	1672	1689	1890	2086:788:274	50	120	12	62	270
1670:8:8
4	1727	1902	2082	2115	2131:4035:741	37	258	1454	516	1029
1614	1924	2070	2075	2116	2121	2124	2131:3120:133	174	395	137	316	1916	20	29
1635	1690	1794	2070	2095:57:33	8	4	4	8
6	1913	2082	2102	2125:902:200	45	404	195	58
6	1670	1687	1727	1925	2071	2076	2081	2115	2120	2125:11462:1287	300	4	416	987	2791	1087	2175	1495	487	433
1672	1773:49:33	16
2	2101	2107:428:350	70	8
60	1670	1687	1824	2074	2082	2115	2126:3039:1000	100	4	200	29	1349	237	120
1690	2071	2076	2095:656:16	491	95	54
1687	1804	1924	2086	2124	2131:660:4	87	62	408	37	62
1338	2071	2076	2086:1324:100	604	166	454
1907	2081	2107	2115	2131:614:33	412	45	37	87
1445	2080	2124:146:37	108	1
3	1690	1794	2075	2080	2086:1376:450	16	66	62	199	583
3	99	1751	2075	2081	2087	2099	2115	2121:9899:729	308	99	145	2087	829	8	1274	4420
5	525	1688	1779	1890	2082	2115:788:262	12	4	158	91	249	12
1821	2102:303:37	266
1804	1907	2131:90:33	49	8
1458	1672	1689	1930:153:25	87	4	37
2	1688	1798	1914	2079	2082	2115	2121	2130:11654:2304	12	562	654	916	1112	1816	4120	158
8	126	1773	2096	2111:360:91	66	37	58	108
3	1688	1817	2081	2082	2096:5347:929	58	458	1108	2374	420
1811	1935	2081	2125	2131:1356:75	66	349	229	637
2107:12:12
1381	1689	1740	2082	2095	2102	2115:1209:62	12	8	616	41	383	87
1689	1826	2076	2086	2096	2101	2116:2076:41	283	333	458	304	366	291
2101	2125:199:95	104
2080:66:66
1549	1690	1852	2070	2086	2101	2116	2126:1942:133	54	12	66	666	487	337	187
661	1672	1690	1818	1941	2101:281:16	54	4	33	29	145
1773	2096	2102:156:20	24	112
1180	2080	2082	2115	2125:1111:12	366	300	175	258
1673	2081	2101:753:120	508	125
7	1758	2081	2096	2102	2131:2908:366	49	766	295	420	1012
2	1670	1687	1831	2071	2076	2081	2082	2115	2121	2124	2127:9026:637	137	1	12	1537	537	1633	1091	604	2754	54	29
2075	2081	2082	2116	2125:4907:383	1400	1966	333	825
4	82	1970	2080	2125	2131:2318:508	487	66	291	408	558
46	1825	2071	2076	2101:1519:495	50	629	133	212
1311	1673	1689	2071	2076	2081	2082	2114	2119	2124	2127:10373:99	462	70	2850	808	2545	2816	345	29	91	258
1247	1925	2107	2125:98:8	33	16	41
5	1673	1686	1929	2070	2075	2096	2111:1378:266	262	1	50	116	154	329	200
3	2081	2083	2087	2095	2125	2131:3170:675	787	12	1229	1	133	333
1	1507	1690	1845	1890	2070	2075	2096:2397:991	379	50	66	58	312	300	241
9	1170	1670	1739	2070	2075	2080	2082	2108	2114	2121:10774:375	150	166	229	1337	804	1995	2866	24	533	2295
411	1737	1887	2086	2101:477:4	41	66	162	204
4	2070	2075	2079	2125	2131:1527:491	29	112	95	150	650
1618	1790	1915	2115	2121	2125:3031:100	158	170	550	1762	291
8	51	1690	1786	1953	2087	2095:1101:83	304	45	108	20	537	4
1818	2082	2096	2130:115:25	20	62	8
5	1690	1745	2071	2076	2081	2086	2116	2120:10287:1399	24	279	2908	1008	2533	1266	770	100
5	726	1790	1892	2070	2076	2081	2096	2101	2115	2121:10137:595	16	295	83	499	558	1354	275	633	1154	4675
3	1944	2082	2087	2096	2102:2031:462	29	558	558	199	225
2	1687	2071	2124:592:283	1	300	8
611	1689	1780	2071	2076	2096:721:16	4	45	416	116	124
6	1740	1926	2096	2115:610:162	33	74	287	54
2	1926	2074	2081	2095	2101	2115	2121:11344:2329	429	75	1858	37	1379	1075	4162
1662	1741	2096:78:37	8	33
8	102	1672	1792:198:25	108	41	24
1672	1687	2127:53:45	4	4
6	1817	2081	2082	2096	2107:2544:279	12	804	1187	254	8
5	758:132:116	16
6	1687	1740	2081	2082	2115:1461:304	4	54	441	500	158
1751	2080	2115	2121	2126:3164:108	320	787	1825	124
1826	2108	2116:24:4	4	16
1641	2083	2108	2115:82:45	8	25	4
6	1450	1780	2070	2076	2080:518:166	29	66	41	37	179
2	1689	1741	1931	2080	2102	2125:952:500	12	8	58	116	175	83
2	1673	1690	1728	1928	2080	2087	2125:4900:1620	441	54	174	183	529	1566	333
5	2081:561:145	416
2	1670	2081	2082	2108	2116:3739:937	66	866	1558	29	283
1393	1925	2082	2125:223:16	33	112	62
1690	2101:53:24	29
6	2081	2082	2116	2121:11839:1062	2345	2583	1129	4720
123	1817	2100	2126:181:70	29	16	66
1503	1673	1688	2100	2115	2125:348:41	75	16	29	54	133
1687	1924	2086	2101	2124	2131:544:8	50	304	133	37	12
2	1749	1926:424:358	33	33
1186	1690	1928	2116	2125:119:4	16	33	8	58
4	1902	2079	2082	2116	2131:3177:650	154	162	937	195	1079
77	1758	2070	2075	2081	2086	2095	2100	2102	2121	2126:11308:2020	304	1225	908	1783	2229	33	33	1191	795	787
10	1794	1907	2081	2125	2131:560:4	49	50	408	25	24
2081	2101	2126:415:254	124	37
80	1690	1913	2075	2081	2101	2125	2130:2064:500	133	124	79	750	258	208	12
1689	1745	1932	2071	2076	2096	2116	2126	2131:1654:20	70	112	679	195	195	250	50	83
1673	1690	1926	2082:136:75	16	12	33
2	678	1687	1740	1926	2075	2096	2101	2115:1837:695	12	8	70	154	216	150	287	245
5	2081	2125	2131:1765:275	587	316	587
17	1690	1758	2070	2076	2081	2086	2096	2121	2126:10775:3700	87	729	654	604	1966	1366	691	562	416
202	1689	2096:32:4	4	24
5	2070	2075	2096	2100	2125:464:204	4	29	116	16	95
2080:245:245
2	1689	1740	1914	2081	2082	2096	2115:3976:1175	54	191	258	670	1179	170	279
5	1689	1822	2071	2081	2096	2108	2125:2613:241	33	141	787	833	337	41	200
1639	1839	1925	2125:165:83	4	20	58
3	2071	2076	2124:1006:375	445	141	45
1689	1930:20:4	16
1672	1690	2082	2124:57:37	4	12	4
1602	2082	2096	2107	2115:248:54	83	70	8	33
2	1801	1926:528:437	25	66
7	1688	1789	2071	2076	2086	2096	2101:2399:174	4	116	820	170	508	262	345
1673	1690	1795	1959	2071	2081	2096	2107	2124	2131:3523:283	91	220	62	912	1220	454	74	24	183
1672	1688	2087	2101:685:95	20	462	108
5	1929	2070	2076	2081	2082	2108	2115:1967:362	108	54	212	587	129	16	499
1235	1690	1925	2081	2121	2125:1218:45	33	75	529	412	124
1427	2101:40:20	20
1612	1687	1937	2071	2075	2101:505:45	4	62	116	116	162
5	2086	2101:819:204	470	145
676	1804	2080	2086	2101	2126:1939:12	137	650	545	445	150
1900	2082	2115	2121:1322:70	862	16	374
1380	1798	2115	2121	2125	2131:3347:58	145	758	1733	216	437
5	1688	2076	2081	2101	2108:930:270	4	70	395	183	8
2	1672	1690	1926	2080	2116:992:487	162	16	45	162	120
2	1687	1741	2080	2101:1022:462	4	45	316	195
1	1573	1670	1890:506:408	62	16	20
2071	2081	2086	2126:1594:520	516	450	108
9	1215	1817	2070	2075	2082	2096	2126:1484:16	24	25	187	58	816	283	75
3	1688	2080	2082:502:333	4	116	49
5	547	1671	1690:125:108	1	4	12
811	1900:20:12	8
1807	2107:32:16	16
5	1798	1890	2080	2100	2108	2115	2121	2130:6192:775	229	191	87	104	37	1320	3400	49
1688	1810	2081	2082	2087	2100	2108	2116	2121:10603:16	304	1787	924	3391	24	20	283	3854
1690	1798	1896	2100	2115	2121	2131:5143:79	212	179	137	958	2274	1304
1826	1911	2079	2082	2116:559:62	70	141	216	70
5	171	1690	1848	1970	2071	2081	2094	2099	2108	2125	2131:13269:1020	1095	1129	604	295	2029	2462	308	83	1187	908	2149
1780	2080	2102	2126:698:29	245	395	29
1237	1671	1782	2071	2075	2086	2101	2125:2454:199	141	108	583	166	645	254	358
1549	1739	1928	2080	2121	2125:730:74	4	58	395	45	154
4	620	1790	2070	2075	2080	2082	2095	2115	2121	2130:9554:987	8	179	79	462	920	1504	50	966	4333	66
5	632	2070	2086	2087	2101	2124:2560:316	12	54	445	1250	450	33
1652	2066	2071	2075	2086	2101:1890:104	33	604	241	483	425
1671	1689	1729	1935	2082	2107	2115	2125	2131:2445:145	20	66	200	312	41	354	316	991
2	1670	1762	1926	2081	2082	2101:1760:558	20	104	116	529	50	383
1387	1824	1925	2071	2076	2096	2111	2115	2125:3024:24	150	66	862	358	570	366	424	204
1826	1941	2081	2116:465:16	24	350	75
2	1671	1924	2080	2096	2131:1014:475	33	95	162	162	87
6	1357	1688	1741	1925	2071	2072	2096	2125:2275:520	208	16	33	104	887	150	170	187
1690	1938:24:12	12
2	1690	1915	2071	2076	2125:1667:583	12	124	699	74	175
1774	1924	2080	2124:373:41	54	237	41
5	1796	1890:312:225	37	50
2	653	1688	1728	1941	2070	2075	2079	2096	2101	2114	2120	2131:10322:2512	49	283	424	983	87	300	700	3095	1116	12	499	262
1906	2096	2107:111:33	70	8
1371	1688	2079	2108	2126:166:37	8	62	1	58
1569	1736	1914	2070	2075	2102:481:54	12	62	4	95	254
2	1690	1741	1920	2071	2076	2096:2994:1025	41	133	250	1033	108	404
5	1672	1688	1890:319:204	58	12	45
4	1671	1790	1958	2100	2115	2121	2125	2131:12766:1783	341	550	45	91	2366	4404	437	2749
2071	2076	2115:636:350	95	191
1	1563	1673	1783	2107	2125	2131:3405:1116	145	341	158	54	537	1054
1688	1960:28:4	24
1960	2081	2087	2101:1519:12	520	858	129
1433	1922	2075	2095	2101:256:37	62	58	20	79
2	775	1689	1728	2080:822:470	8	20	12	312
1688	2080	2096:295:4	166	125
5	1826	2082	2096	2116:2189:383	20	1020	600	166
1688	1794	2071	2072	2080	2125:740:4	79	441	1	120	95
1690	1924	2071	2076	2086	2101	2115	2124:3769:50	125	854	358	1050	591	725	16
1660	1740	2080	2115:311:50	20	225	16
2	1741	2070	2075	2086	2096	2100:1830:616	29	249	87	587	183	79
1514	1739	1950	2082	2121:1152:95	12	41	829	175
3	1670	1700	2081	2082	2095:2731:679	62	141	800	958	91
5	1790	2075	2081	2082	2087	2096	2101	2115	2121	2131:9684:445	233	37	1308	329	1875	366	304	983	2879	925
5	2080	2082	2087	2096	2102:2580:366	450	216	862	145	541
1	1504	1690	1769	1929	2086	2126:1593:800	95	33	137	75	412	41
1593	1690	1739	1914:98:12	29	16	41
2	1798	1914	2071	2076	2079	2100	2108	2115	2121	2130:10277:1441	108	274	1520	699	83	354	20	1075	4683	20
2	672	1689:344:308	16	20
5	1929	2079	2082	2097	2116	2121:11213:1212	479	566	2574	387	950	5045
3	1689	2108:270:258	4	8
6	1323	1686	1948	2080	2111:882:149	37	1	12	383	300
5	414	1780	1890	2071	2076	2079	2086	2101:11272:1416	91	575	1504	2141	1404	204	2225	1712
1795	1953	2076	2081	2100:790:33	4	137	566	50
804	2071	2075:362:8	329	25
1430	1689	1926	2083	2102	2111:161:33	12	25	4	75	12
1687	1779	1888	2076	2081	2115:1818:4	95	99	287	1158	175
6	1907	2125:195:129	62	4
6	1913	2080	2096	2102	2125:980:166	70	175	141	258	170
1539	1826	1929	2087	2107	2116:877:87	4	54	641	25	66
5	1926:187:150	37
1672	1689	1794	2086	2101:581:62	37	54	383	45
1780	2080	2101	2130:263:12	100	150	1
1780	2071	2076	2081	2086	2127:4464:66	1445	400	1258	1133	162
1690:12:12
1688	1806	2071	2076	2080	2086	2096	2101	2102	2107	2116	2130:12427:24	658	2808	1020	1058	1362	587	1691	1729	187	1295	8
1688	1741	2071	2076	2080:777:16	25	512	83	141
2	2074	2081	2087	2096	2101	2108	2121	2130:12238:1458	183	1600	3633	566	416	12	4229	141
2	1687	2107	2125	2130:648:400	4	37	195	12
1327	1688	1806	2071	2076	2101	2116:1842:45	12	158	608	270	495	254
2080	2082:974:445	529
1638	2071	2076	2096:848:87	541	91	129
4	26	2071	2076	2080	2082	2116	2121:9842:691	1145	1658	387	1387	1679	491	2404
112	1758	1959	2080	2086	2131:955:275	20	12	237	312	99
1408	1689	1924	2087	2101	2124	2131:1704:20	12	66	1295	216	58	37
95	1689	2070	2076	2081	2096	2115	2131:2805:700	37	104	445	604	570	141	204
5	1690	1751	2080	2095	2115	2121:7234:1000	37	416	1041	191	1270	3279
1111	1745	2116	2125	2131:646:1	29	54	175	387
1688	1832	1901	2071	2076	2086	2101:1656:4	29	83	583	233	487	237
1672	1712	1925	2070	2075	2101	2111	2125:3627:200	83	354	29	341	775	1654	191
1798	1963	2087	2115	2121	2131:4490:204	41	804	875	2554	12
591	2115	2125:145:29	29	87
2	1926	2080	2107:548:320	37	154	37
1672	1804	1914	2071	2072	2096:1402:250	141	87	683	62	179
9	1946	2080	2095:185:37	16	112	20
2096	2100	2126:345:162	54	129
1922	2075	2082	2115:895:54	33	550	258
5	1672	1688	2082:623:237	91	8	287
5	1689	2081	2108:603:183	4	404	12
1396	1688	1818	1922	2096	2107:180:20	25	37	45	41	12
1689	1818	1925	2081	2086	2101	2125:1441:20	16	62	470	445	329	99
1622	1689	1925	2096	2101	2125:723:150	29	83	70	254	137
7	146	1673	1690	1941	2074	2080	2082	2099	2115	2131:10679:887	383	1625	104	550	370	1358	3879	166	820	537
2	30	1795	2075	2081	2100:3914:766	1554	420	58	1112	4
9	1180	1690	1826	1907	2082	2087	2096	2102	2116	2119	2125	2131:13083:49	54	124	183	425	2845	3070	1645	3187	1045	33	149	274
2	1673	1689	1794:506:370	79	16	41
3	1794	2095:353:304	37	12
2	1689	1728	1886	2131:1417:445	8	99	95	770
1794	2086	2108:198:20	154	24
425	1688	1774	1911	2079	2087	2096	2101	2131:1471:8	24	116	62	87	512	279	375	8
2071	2076:378:337	41
98	1690	1818	2081:556:162	16	33	345
1794	2076	2081	2111	2126:1623:133	112	500	745	133
5	1688	2071	2072	2095	2124:863:212	4	462	145	24	16
1689	1806	2071	2072	2116	2125:614:12	62	437	37	50	16
8	125	1822	1953	2096	2100:198:58	41	29	8	33	29
1740	2070	2076	2082	2096	2115:1368:29	41	154	875	95	174
1605	1798	2080	2115	2121:5844:362	258	979	1029	3216
1671	1826	2102	2116:231:37	37	95	62
5	2071	2076	2101:1061:212	537	87	225
29	1688	1732	1954	2070	2086	2101:1885:891	8	75	12	29	579	291
1740	2075	2081	2082	2108	2115:1423:29	99	533	608	4	150
2	1688	1926:261:229	8	24
5	1688	2071	2076	2082	2087	2095	2102	2127:4033:337	12	883	337	183	1370	75	820	16
1586	1670	1805	2070	2075	2115	2121	2126:2825:220	104	245	387	225	566	695	383
97	1689	1925	2082	2095	2114	2125:932:75	4	50	679	16	33	75
1272	1744	2081	2096	2116:693:16	20	391	87	179
1391	1671	1688	2079	2082	2116	2124	2127:550:116	62	8	8	270	4	70	12
1690	1751	2071	2076	2081	2108	2115	2121	2127:10493:45	150	1554	400	2087	8	1100	4916	233
1673	1780	1900:174:87	58	29
4	1672	1688	2081	2096	2107	2121:4651:958	166	4	1224	329	91	1879
2	581	1688	1741	1915	2080	2082	2125:1222:537	16	4	75	100	183	166	141
5	1745	1886	2071	2076	2116	2131:3868:625	120	304	1066	379	408	966
1690	1751	2081	2082	2087	2115	2121	2131:12163:66	220	1612	600	2350	1604	4320	1391
4	1970	2081	2096	2125	2131:2623:433	16	879	225	375	695
9	1690	1767	2070	2086	2096	2101	2126:572:4	25	20	58	62	112	162	129
2	1688	1831	2075	2081	2111	2115	2121	2124:10242:1458	37	62	295	2304	604	937	4400	145
1751	2080	2101	2115	2121	2131:4015:100	791	283	775	2062	4
1928	2115	2125:102:16	24	62
701	1924	2094	2124	2131:103:4	37	8	4	50
551	1690	1907	2079	2107	2125	2131:190:12	8	33	62	1	20	54
2	1826	1977	2075	2079	2082	2096	2116	2119	2125	2131:10216:1745	270	16	812	75	1670	933	604	383	833	2875
1671	1690	1830	2079:90:8	12	8	62
1	1528	1672	1841	1924	2071	2075	2124:3942:1383	254	329	195	104	1312	345	20
2	1689	1728	1926	2080:977:487	16	16	83	375
1	1546	1687	1742	1890:610:441	58	4	45	62
1606	1731	1925	2082	2125:623:29	25	41	420	108
2	1673	1728	2101	2125	2131:3393:1095	262	4	287	441	1304
5	431	1892	2071	2076	2080:1451:337	4	133	670	95	212
725	1690	1804	2080	2101	2111	2131:1559:20	8	104	412	300	45	670
1826	2071	2076	2081	2096	2101	2116:3117:41	970	308	1083	245	212	258
5	1673	1817	2080	2101	2125:1434:320	129	16	520	166	283
9	1205	1826	1935	2074	2079	2082	2095	2116	2125	2131:10704:225	337	137	375	116	474	3825	287	1175	920	2833
5	1671	1687	1817	2081	2082	2087	2096:5409:583	274	8	4	1212	2070	1025	233
747	1758	1925	2081	2125:581:4	49	54	395	79
5	1689	1811	2071	2076:1102:291	12	79	587	133
1673	1744	1925	2070	2075	2079	2087	2096	2116	2119	2125:11321:974	641	908	895	324	395	4749	591	1204	20	620
643	1671	1799	1925	2101	2125:227:1	16	45	62	49	54
1459	1689	1831	1920	2071	2076	2079	2096	2115	2121	2125:11111:137	58	450	149	2529	804	220	1237	945	4537	45
3	116	1812	2081	2095:1694:558	270	204	554	108
4	52	1673	1690	1832	1970	2071	2081	2086	2125	2131:11769:862	1099	495	137	58	158	2729	1920	1904	683	1724
2	471	1689	1924	2071	2076	2087	2114	2120	2124	2131:13628:2187	799	408	1899	1787	800	4558	87	616	279	208
1688	1925	2079	2083	2125:131:25	16	49	8	33
3	53	2071	2081	2082	2087	2095:5448:825	570	1154	775	708	1316	100
1517	1795	2080	2125:173:49	41	54	29
1779	2071	2076	2082	2115	2125:2918:162	1208	99	1149	75	225
2	1749	1926:474:383	33	58
1671	1690	1905	2071	2072	2115	2121:1830:162	12	66	670	300	112	508
1096	1690	1906:49:8	12	29
1690	1794	2075	2081	2102:674:25	50	29	333	237
9	1741	1908	2081	2096	2108:469:12	29	50	329	45	4
2	1690	2080:833:454	4	375
1690	2081	2082	2101	2107	2115	2121	2131:3867:58	1020	412	287	70	91	879	1050
1330	1673	1689	1856	1907	2075	2082	2096	2111	2125	2131:4694:66	466	45	125	170	404	1470	220	1508	70	150
2	1831	2071	2076	2080	2100	2115	2121:10586:1779	179	1179	583	1504	75	662	4625
1670	1824	2075	2080	2096	2101	2115	2125	2131:11179:91	95	79	2091	2587	858	1408	845	3125
1672	1689	1735	1935	2071	2076	2079	2096	2099	2111	2115	2125	2131:11194:691	54	29	320	2237	883	1012	700	8	604	949	995	2712
1	1470	1798	2079	2101	2107	2115	2121	2131:11668:2587	350	395	883	375	33	2350	4641	54
5	2080	2082	2087	2095:3290:454	595	525	1608	108
571	1808:17:16	1
1362	1688	1798	1890	2071	2076	2080	2115	2121:11480:116	16	341	100	2333	579	1125	1787	5083
8	54	1800	2096:305:24	212	24	45
1	1487	2070	2082	2096:2184:666	141	245	762	370
1686	1794	1929	2076	2081	2096	2126:718:4	58	58	62	429	91	16
1688	1795	2070	2075	2124:77:4	24	33	8	8
1688	1973	2071	2076	2081	2095	2101	2108	2115	2121:11062:12	29	2483	854	2958	116	1212	62	420	2916
729	1671	2087	2125	2131:1019:12	75	683	83	166
1242	1687	2071	2076	2102:498:4	8	79	95	312
5	2125:153:112	41
1230	1766	1926	2096:78:12	4	25	37
1670:1:1
3	1690	1795	2080	2127:564:229	20	16	295	4
2	1913	2076	2081	2125:1497:537	95	187	562	116
1688	2071	2076	2080	2115	2124:1884:12	712	254	470	349	87
2075	2080	2096	2101	2115	2121:1760:166	233	83	454	112	712
1663	1926	2082:144:70	29	45
8	150	1773	2075	2108:115:29	41	25	8	12
1377	1798	1929	2070	2075	2086	2095	2101	2107	2115	2121	2126:10648:16	345	287	1179	750	341	174	358	212	1724	5179	83
3	136	1670	2081	2096	2107:1015:350	1	37	487	91	49
1611	1690	1798	1911	2074	2079	2082	2115	2121	2131:12574:337	58	499	254	83	1174	3333	2187	4300	349
1826	2071	2081	2116:1798:70	812	804	112
6	1673	1827	1925	2070	2076	2081	2095	2102	2108	2114	2121	2125:10160:754	245	79	191	612	704	1833	58	1645	16	95	3633	295
1686	1960	2080	2082	2116:907:4	37	375	404	87
1781	2080	2096:499:54	154	291
1689	1960	2071	2081	2082	2107:790:8	8	225	400	137	12
2	590	1688	1794	1926	2080	2095:956:504	20	4	54	54	295	25
2075	2124:107:62	45
5	555	1941	2071	2076	2108:1349:337	16	150	716	129	1
2	1673	1690	1818	1914	2095	2102:1479:616	141	29	62	70	45	516
528	2096	2114:99:8	75	16
8	91	1690	1773	1966	2096:138:24	29	12	24	8	41
5	1803	1890	2071	2076	2096	2115:1767:658	162	66	145	379	345	12
2	1672	1688	1831	2080	2101	2115	2121	2131:10604:2141	191	20	108	1958	658	1112	4350	66
2	2080	2086	2101	2121	2130:7910:1624	1187	708	879	3204	308
1502	1687	2075	2116	2125:277:37	4	104	62	70
1690	1754	2082	2096	2108	2126:185:4	24	87	29	8	33
1568	1960	2101:49:4	12	33
1240	1817	2082	2096	2126:614:54	20	391	66	83
5	1672	2071	2076	2107:893:208	87	495	91	12
5	1671	2070	2075	2125:433:174	33	1	100	125
1493	1688	1909	2071	2076	2086	2101	2125:2725:45	12	104	979	441	520	162	462
2070	2075	2086	2096	2101	2115	2121	2131:2423:79	154	458	254	525	179	666	108
1740	1943	2076	2101	2115:422:25	66	91	145	95
1795	2071	2076	2125:703:29	429	100	145
96	1673	2115:320:154	104	62
1671	1823	2082	2095	2108	2126:665:16	25	504	25	16	79
666	1671	1740	2071	2076	2080	2086	2095	2101	2115	2124	2127:10586:158	670	450	2220	783	1533	1637	287	833	1174	366	475
2	1690	1746	1914	2101:606:416	33	54	62	41
1690	1831	2080	2115	2121	2126:2064:16	141	229	291	1250	137
1	1469	1673	1687	1745	1950	2070	2075	2082	2096	2111	2116:10519:2591	704	1100	16	308	295	483	345	2883	316	66	1412
1671	1774	1918	2070	2096:93:24	33	16	16	4
1378	1671	1907	2071	2072	2095	2102	2114	2125	2131:3053:79	170	79	1041	570	33	762	83	66	170
6	1740:140:120	20
1382	1817	1907	2079	2101	2125	2131:492:33	16	33	137	212	41	20
1307	1688	2071	2072	2115:744:87	4	454	154	45
5	1890	2081	2082	2115:1652:249	16	550	537	300
1799	2071	2076	2102	2124	2127:1173:50	441	83	508	37	54
1388	1673	1974	2071	2076	2096	2114:1107:104	112	4	600	154	125	8
5	1690	1780	2071	2076	2081	2086	2101	2125	2131:10736:1233	79	187	799	470	2212	2216	891	816	1833
3	1690	1848	2071	2076	2111	2124:3131:566	50	137	862	379	1037	100
2	1741	2075	2087	2101:4456:1341	208	245	1787	875
70	1670	1690	1925	2080	2082	2125:2569:541	104	54	129	500	1058	183
4	1713	2081	2082	2096	2107	2116	2121	2130:12221:1550	345	1841	3083	591	116	625	3970	100
1687	1907	2101	2116	2131:319:4	62	83	62	108
3	117	1687	1857	2071	2081	2096	2126:1942:362	25	4	74	637	637	124	79
1818	1922	2095:24:8	12	4
2	1688	2071	2076	2086	2101	2107	2114:1981:758	4	650	262	29	266	4	8
1941	2080	2086	2096	2101	2111:965:91	400	79	83	212	100
1925	2080	2125:90:29	20	41
2	1818	1924	2080	2131:843:495	33	66	187	62
5	1817	2080	2082	2125	2131:2748:508	129	595	300	287	929
1830	2095	2101	2124:132:4	16	104	8
1303	1670	1794	1964	2075	2081	2086	2125:1609:8	58	62	24	100	562	679	116
1585	1740	2079	2082	2115:690:116	12	8	450	104
5	1669	1817	2080	2096	2126	2131:1685:312	29	83	329	79	170	683
660	1794	2095	2107:48:12	12	4	20
5	1762	2125:299:112	58	129
1	1527	1929	2082	2126:677:420	45	25	100	87
1671	1941	2075	2080	2086	2096	2101	2102	2121	2131:13597:583	408	179	1704	2041	1908	1129	1358	4275	12
5	513	1689	1727	1890	2115:411:233	4	4	37	33	100
2	1669	1798	2080	2087	2095	2107	2115	2121	2130:10046:1162	4	125	745	2954	49	54	1179	3737	37
2	693	1831	1902	2071	2076	2086	2095	2115	2121	2131:10295:1170	37	262	100	1687	366	920	12	425	3737	1579
2	1687	1725	1914	2101	2107	2130:636:429	4	8	66	95	33	1
172	1686	1795	2124:61:25	4	20	12
2075	2086:433:75	358
5	1817	1895	2080	2126	2131:1051:225	62	12	187	70	495
1673	1689	1935	2076	2081	2125	2131:2371:166	4	20	195	854	295	837
1687	2082	2115	2127:631:8	337	270	16
2108	2127:20:8	12
1907	2080	2125	2131:261:58	137	12	54
2081	2126:278:241	37
5	1922	2079	2082	2096:690:283	4	208	54	141
4	1690	1715	2071	2076	2080	2086	2087	2095	2101	2121	2130:9719:666	33	33	1450	295	829	858	1091	183	474	3791	16
177	1780	1890	2070	2076	2086:1247:37	170	66	45	200	729
1673	1898	2096	2115:399:100	25	66	208
1399	1670	2081:440:4	16	420
5	528	1688	1758	1890	2086	2095	2101:3054:858	91	16	354	208	962	45	520
2	1741	2071	2076	2081	2086	2095	2101	2107	2125	2131:9347:1054	95	1791	775	1700	1691	1	324	91	475	1350
6	1728	1905:123:99	8	16
1690	1812	1900	2101	2116:228:4	62	33	125	4
2	1671	1741	2081	2086	2096:1830:591	120	74	554	362	129
3	2070	2075	2124:481:362	20	66	33
7	1673	1688:154:66	87	1
1689	2081	2096	2101	2116:1001:16	474	362	116	33
2	1689	1926	2081	2115	2121:4572:958	16	383	783	395	2037
1671	1688	2071	2072	2101:989:116	4	491	91	287
5	1970	2075	2081	2087	2095	2102	2121	2125	2131:11888:733	37	45	1333	4250	20	275	3054	579	1562
1689	2082	2096	2125:540:4	345	91	100
5	1670	1687	1890:335:266	37	8	24
1689:8:8
9	1690	2071	2076	2095:798:33	33	579	137	16
27	1916	2086:444:308	41	95
8	58	1773:166:25	125	16
2	792	1669	1741	2070	2076	2080	2086	2095	2101	2130:9905:1466	41	870	441	716	1074	1641	1720	33	1566	337
2	1687	1741	2071	2076	2080	2096	2107:2601:866	1	62	866	383	345	70	8
2	1741	2071	2072	2080	2101:4160:1112	220	758	525	812	733
1279	1670	1806	1911	2096	2101	2116:1101:12	83	58	112	400	291	145
1	1554	1798	2070	2076	2081	2082	2115	2121	2124:10487:1158	670	300	733	645	1595	433	1175	3737	41
1672	1690	1818	1935	2081	2095	2108	2125	2131:2521:137	54	83	116	662	24	25	245	1175
2095	2107:12:8	4
1370	1689	1924	2070	2075	2102	2115	2131:746:33	29	33	62	49	312	174	54
1635	1925	2080	2086	2125:411:29	29	154	108	91
488	2087	2125:513:1	504	8
1229	1670	1688	2071	2076	2096:662:33	4	1	462	150	12
1688	1892	2071	2076	2080:773:4	16	520	100	133
1470	1671	1688	1893	2096:364:16	91	12	58	187
5	2100:153:137	16
1780	2071	2076	2081	2086	2101	2124	2127:6114:275	1575	554	1295	1462	758	4	191
1	1471	1688	1790	1929	2079	2096	2100	2108	2115	2121	2126:10627:2791	170	12	370	95	145	300	8	8	1575	5087	66
5	1798	2080	2115	2121	2131:6577:804	279	1025	1587	2824	58
2082	2087	2096	2124:2547:220	1745	516	66
1	1439	1779	2070	2075	2081	2087	2115	2121:11029:2724	487	179	1079	483	1716	2179	591	1591
1690	1749	2075:116:4	8	104
5	1790	2071	2076	2081	2096	2115	2121	2124	2127:10433:437	187	1324	400	1649	525	962	4904	33	12
5	1688	1740	2071	2076	2080	2096	2102	2115:2366:404	8	49	158	229	641	91	470	316
1658	1689	1858	2071	2075:226:74	20	8	54	70
5	1690	1890	2079	2082	2096	2115:2497:429	58	41	16	1366	229	358
2	1690	1913	2076	2081	2125:1293:420	25	83	108	495	162
1203	1937	2095	2107	2115:285:33	41	20	37	154
1343	1670	1798	2071	2076	2102	2115	2121	2125:11834:8	104	412	2133	558	1574	1150	5358	537
1689	1959	2078	2087	2096	2116	2121	2124	2131:10475:25	129	16	4666	1712	616	3112	54	145
1356	1671	1690	2071	2076	2096	2101	2127:914:79	25	20	512	137	50	87	4
1	1574	1890:607:479	104	24
1562	1670	2082:42:25	1	16
1421	2101	2115:166:1	141	24
1672	1795	2071	2076	2125:772:100	41	520	74	37
1673	2082	2127:161:79	66	16
5	1915	2125:290:162	33	95
2	153	1926	2081	2087	2095	2114:3091:683	8	95	620	1591	70	24
1904	2071	2076	2079	2086	2095	2101	2120	2131:10633:370	2575	995	1362	2304	70	262	304	2391
778	1671	1758	2070	2076	2081	2086	2099	2111	2121	2124	2127:11798:12	583	229	962	1654	2741	1320	62	2100	1320	249	566
2101	2124:132:124	8
1425	1832	2071	2076	2086	2096	2101:4034:149	112	962	391	1025	925	470
1422	1689	2102	2111	2124	2127:1131:83	12	137	816	33	50
2	1673	1767	2081	2082	2087	2095	2116:6166:1091	462	187	1062	1616	1616	45	87
513:1:1
5	1688	1790	2075	2081	2082	2100	2111	2115	2121	2131:9774:662	29	162	358	1020	200	162	1137	1516	4424	104
1758	1890	2070	2075	2086	2101:1248:95	150	75	258	333	337
2	1687	1803	1926	2071	2076	2096	2111	2115:4366:1195	4	120	200	1324	300	304	470	449
1140	1926	2082	2096	2111:1173:8	54	816	70	225
1752	1914	2070	2075	2079	2086	2101:1804:108	270	124	275	70	666	291
4	1688	1924	2102	2116	2121:5193:1166	12	337	1304	174	2200
2	1935	2082	2125	2131:2552:679	191	112	479	1091
2075	2127:20:8	12
1914	2087	2095	2130:727:41	674	4	8
1452	1688	2087	2096	2101:424:16	4	250	100	54
1513	1673	1689	1962	2071	2076	2115:1243:70	204	12	16	608	204	129
5	1890	2075	2081	2082	2101:1285:208	33	70	558	308	108
627	1688	1740	2080	2082	2087	2107	2115:2452:4	4	79	387	958	825	20	175
4	160	1795	1970	2075	2081	2125	2131:5484:695	416	308	108	458	1604	562	1333
1425	2070	2095:70:33	29	8
8	24	1822	2076	2081:1335:49	654	12	125	495
4	1690	1955	2070	2076	2080	2087	2100	2120	2125	2131:10692:1141	183	116	1004	720	1554	2262	104	254	800	2554
1672	1826	1900	2095	2101	2116:494:75	12	4	25	258	120
1929:12:12
6	1671	1780	2071	2076	2080	2126:2489:304	166	187	1087	325	200	220
1689	1924	2075	2082	2114	2131:648:12	41	25	500	4	66
1659	1690	2071	2075	2086	2101:2130:145	29	808	166	908	74
2	1690	1926	2071	2076	2101	2111	2115:6730:1458	66	383	2070	558	1054	558	583
6	1690	1817	2081	2082	2095:2788:454	33	16	820	1345	120
1670	2081	2082	2116:715:20	525	154	16
1585	1673	1739	2071	2076	2114	2121:2521:149	387	4	1116	341	87	437
5	1813	1890:199:158	8	33
1673	1688	1740	2070	2076	2080	2101	2115	2125:1864:212	1	12	233	220	312	358	291	225
52	1686	2096:346:279	1	66
2	1937	2086	2096	2124:1155:445	62	566	62	20
5	1713	1892	2074	2081	2082	2095	2116	2121:10274:591	641	299	12	2220	1779	20	437	4275
608	1688	1960	2081	2101:402:4	4	12	224	158
2	1690	1811	1977	2071	2076	2080	2086	2100	2120	2125	2131:10507:1216	33	208	12	2354	475	1591	883	87	1237	695	1716
9	1670	1760	1926	2082	2111:984:58	37	95	41	583	170
673	1973	2095	2101	2124:101:1	4	1	87	8
2095	2114	2131:42:1	4	37
1496	1726	1914	2079	2082	2116:1685:208	58	100	195	754	370
5	1690	1925	2082	2087	2115	2125:3280:425	33	66	837	1304	516	99
1405	1690	1770	1925	2079	2082	2096	2125:509:49	8	50	50	8	49	233	62
3	142	2081	2095	2101:893:379	12	395	12	95
5	1673	2071	2072	2082	2125:2584:529	195	716	112	837	195
2	1745	1926	2080	2082	2116:2385:945	79	129	637	433	162
586	1690	1740	2071	2076	2080	2096	2108	2115:4695:33	79	141	1520	391	95	2004	41	391
1811	2081	2107	2126:473:54	287	41	91
3	1690	1740	2071	2076	2081	2115:2050:679	12	33	649	87	416	174
2	1690	1926	2076	2081	2096	2101:1996:637	24	62	208	466	333	266
2	1690	2086	2095	2101	2131:1409:683	16	320	29	320	41
9	1178	1670	1752	2081	2126:601:20	33	20	8	475	45
79	1925	2082	2125:281:87	37	95	62
5	1689	1893	2082	2107:235:141	4	29	49	12
1689	1926	2070	2075	2086	2101:1976:20	125	141	320	958	412
1670	1935	2086	2101	2116	2121	2125	2131:10672:158	362	883	1291	529	4062	1008	2379
114	1818	1960	2071	2075	2087	2095	2101	2111:6154:649	425	91	1262	533	1404	158	566	1066
1907	2131:58:29	29
2	1741	1950	2082	2095	2102	2130:1050:570	83	37	166	20	170	4
707	1672	1774	2096:108:8	41	1	58
5	1740	1890	2076	2081	2101	2115:2817:362	187	395	437	837	212	387
1420	1689	1832	1883	2071	2076	2086	2101	2107:1721:49	25	4	20	633	79	566	329	16
3	120	1826	2042	2081	2096	2116:4007:620	400	450	375	1054	958	150
1672	1794	1892	2080	2086	2101:415:62	54	29	183	4	83
5	2081	2096	2127:1141:283	650	150	58
1592	1689	1826	1882	2070	2076	2086	2096	2116	2125	2131:10931:908	95	220	341	1441	883	995	645	1895	2008	1500
1670	1740	2081	2082	2095	2115:2160:58	4	679	1120	29	270
1636	1902	2080	2131:573:79	12	91	391
1424	1688	2125:107:8	16	83
5	1745	1924	2082	2116	2124	2131:497:170	4	66	108	79	16	54
5	1890	2102:374:179	33	162
1688	2082	2087	2096	2124:2764:16	845	1279	579	45
1668	1689	1751	2074	2081	2096	2100	2115	2121:11267:1	49	375	237	2816	937	274	2316	4262
1238	1779	2080	2082	2115:856:20	70	400	312	54
2	1926	2081	2101:877:362	62	358	95
2	1728	1941	2101	2102:3067:1195	24	158	145	1545
1	1486	1686	1814	1890	2101:1089:541	112	8	58	54	316
1688	1932	2108	2116	2126	2131:130:4	49	12	12	12	41
5	1890	2075	2096	2101	2115:935:295	125	29	95	154	237
1687	2082	2115	2121	2131:752:4	166	12	425	145
114	1804	2080	2125	2131:669:129	58	245	108	129
2121	2131:220:208	12
1	1576	2071	2076	2102:1980:716	195	641	120	308
1670	2124	2127:90:29	16	45
274	1690	1751	1902	2082	2087	2096	2115	2121	2131:13195:33	50	291	416	883	3879	170	1391	4487	1595
2	410	1688	1926	2101:732:404	12	4	87	225
3	75	1690	1925	2071	2081	2095	2125:2588:491	133	33	179	720	904	41	87
1689	2071	2076	2080	2086	2101	2126:5254:199	1716	554	1229	116	895	545
10	1190	1670	1741	1935	2070	2076	2081	2096	2102	2125	2131:10520:275	4	170	91	391	1408	883	2300	820	833	475	2870
1954	2071	2076	2079	2101:989:20	554	133	99	183
1905	2082	2115	2121	2131:1026:112	445	62	358	49
5	1826	2080	2082	2087	2116	2125	2131:11941:1045	54	691	1383	4766	566	695	2741
1751	2082	2115	2121	2131:2406:83	170	487	1504	162
1455	1672	1757	1926	2080	2101:342:49	49	12	58	137	37
1567	1914	2070	2075	2086	2101:1022:41	112	166	137	291	275
1769	2070	2075	2086	2096	2101	2108	2125	2131:1996:58	58	245	458	154	354	8	145	516
2	1841	2082	2125	2131:935:433	37	104	141	220
5	1790	2081	2095	2115	2121:6559:737	166	1312	33	1249	3062
1690	2096	2124:29:8	20	1
1670	1913	2071	2076	2107	2121	2125:1496:29	87	754	100	1	325	200
1780	2081	2101	2131:1270:58	525	250	437
5	1671	1688	2101	2125	2131:648:291	91	4	104	150	8
1324	1669	2080	2121	2130:1181:79	4	379	699	20
1211	1670	1898	2080	2102	2111	2116:4106:274	79	200	675	1183	1404	291
5	2070	2076	2080	2086	2096	2100	2107	2115:4274:562	54	529	895	1045	462	20	41	666
2	1672	1688	1914	2075	2081	2086	2095	2108	2121	2130:12607:2054	908	4	225	624	1520	1412	770	45	4000	1045
1922:33:33
3	53	1670	1690	2087	2095:2414:366	475	41	41	1416	75
1	1475	1690	1798	1949	2075	2079	2095	2115	2121:9210:2033	179	41	241	145	104	1	58	1429	4979
1402	1826	2071	2076	2080	2096	2116:2275:95	45	987	254	325	320	249
1688	1901	2076:128:8	29	91
5	1744	1890	2070	2076	2079	2082	2096	2108	2116:9933:1075	604	237	766	791	520	4245	675	16	1004
2	1690	1831	2071	2076	2081	2096	2100	2115	2121	2124	2127:9943:1437	29	58	841	279	1399	608	70	674	4316	162	70
2	1739	2080	2083	2087	2100	2114	2121:11512:2595	300	1299	304	4312	62	766	1874
505	1690	1794	2107	2127:58:4	8	29	16	1
1216	1673	1806	2081	2096	2101	2116:2781:50	391	79	854	270	587	550
1633	1833	2111	2115	2125	2131:2295:83	162	425	575	275	775
1631	1740	1889	2070	2115	2125:174:87	12	41	4	29	1
2	575	1689	1739	2071	2076	2080	2086	2101	2114	2121	2130:9869:1374	45	33	174	1675	745	1254	1683	679	475	1641	91
1826	1913	2082	2095	2116	2125:459:37	49	129	41	66	137
3	1689	2095	2108	2125:252:200	12	12	4	24
4	63	1688	1818	2080	2125	2131:6905:1045	1754	62	858	804	845	1537
5	1671	1795	2081	2101	2107:1118:208	116	58	604	112	20
1046	1671	1824	1925	2071	2075	2083	2096	2111	2115	2125:12162:204	858	170	1029	2283	762	158	1308	2887	1733	770
631	1794	1922	2080	2082:414:20	29	66	129	170
2	1690	1741	2080	2086	2101	2111	2126:2728:920	16	112	395	641	408	45	191
1690:8:8
1579	1690	1731	2080	2082	2107	2114	2126:1850:145	29	20	462	883	70	33	208
1689	1925	2081	2082	2087	2097	2102	2116	2121	2125:12216:25	270	1770	1154	3887	54	1391	91	3320	254
2	1811	1914	2086	2130:1048:683	133	129	58	45
373	1689	1890	2082	2096	2102	2108:339:12	12	29	41	87	154	4
2079	2101	2124:173:45	124	4
1634	2116	2125	2131:639:58	41	195	345
25	1774	1922	2101:931:633	70	58	170
5	2081	2087:1812:300	533	979
1556	1687	1951	2115	2125:177:20	4	8	37	108
539	1690	1941	2082	2095:161:8	4	37	104	8
5	1671	2079	2115:694:154	95	125	320
1291	1688	1929	2116	2121	2126:1727:108	8	62	279	1241	29
2	1671	2082:1024:558	54	412
5	1690	2082	2115:528:200	20	154	154
1672	1780	2107:81:45	16	20
1688	1925	2071	2076	2080	2125:356:8	16	12	75	125	120
4	1713	1892	2081	2108	2121:5379:895	566	299	1287	37	2295
1688	1720	1883	2081	2108	2121:1344:1	20	33	629	20	641
5	1686	1804	2000	2070	2076	2081	2086	2096	2100	2120:11695:1558	124	491	8	1120	1154	2158	2358	1658	333	733
1332	1690	1953	2081	2101:785:37	12	33	583	120
633	1825	1922	2080	2101:373:16	29	16	200	112
2	1787	1926	2080	2082	2101:1848:604	33	183	433	154	441
6	1718	2071	2072	2080	2101	2116	2121	2130:11921:975	199	2599	2541	1541	1329	1129	1025	583
1415	1673	1687	1806	1974	2071	2072	2081	2082	2087	2096	2116:10101:379	379	1	133	4	1866	391	1570	1229	1841	1883	425
2	1826	2071	2076	2079	2086	2096	2101	2116	2125	2131:10111:2225	170	1133	924	412	2345	570	779	458	458	637
2	1690	1783	1914	2107:752:583	12	50	62	45
5	463	1688	1805	1890	2082	2087	2115	2121	2130:11675:1350	8	37	370	558	1433	3162	1824	2754	179
5	1690	2071	2076	2079	2086	2101	2115	2120:10838:1262	70	2508	762	300	2187	1437	1429	883
1688	1904	2080	2087	2096	2116	2131:4805:24	170	300	2533	162	483	1133
1492	1673	1690	2127:149:33	79	8	29
1690	1779	1974	2081	2107	2115	2121:721:16	49	4	433	33	45	141
2	669	1741	1973	2071	2076	2080	2082	2096	2107	2124:11033:2504	20	345	33	2525	800	2054	716	1837	120	79
5	1690	1740	2082	2115	2125:1801:283	8	99	912	195	304
1256	1688	2071	2076	2095	2102	2116:1268:12	20	533	204	20	304	175
2	1914	2082	2087	2107:2044:800	108	466	658	12
1758	1895	2080	2087	2108	2126	2131:5219:300	329	691	1983	58	483	1375
4	1671	1817	1902	2071	2076	2080	2100	2131:10494:1545	216	145	224	2483	937	1620	12	3312
1794	1901	2086	2096:393:62	20	270	41
2	1804	1926	2080:915:379	16	87	433
1212	1690	2096	2115	2127:289:33	12	62	145	37
1670	1690	1744	1925	2079	2082	2096	2116	2125:1025:20	20	54	91	12	508	108	100	112
2	1795	1926	2071	2072	2080	2095:2277:708	87	104	558	283	533	4
1607	1812	1924	2100	2131:293:99	41	62	25	66
1534	1740	2096	2107	2115:202:16	4	87	50	45
1587	1673	1688	1823	2079	2095	2126:320:83	112	12	25	12	1	75
5	1689	2071	2072	2131:1214:325	12	533	295	49
1467	1673	1690	1827	2121	2125	2131:1397:16	195	37	104	787	129	129
5	129	1689	2100	2102:677:283	150	8	66	170
140	1689	1804	1948	2080:469:79	8	83	33	266
2	36	1790	2081	2111	2115	2121	2124	2127:12145:1245	1612	604	2416	87	1616	4345	108	112
1283	1689	1962	2071	2076	2086	2096	2101	2115:4091:166	20	29	766	487	1129	658	366	470
1933	2086	2095	2101:320:50	137	4	129
1688	2071	2075:58:1	12	45
134	1740	1902	2081	2096	2115	2131:1723:208	45	54	529	158	54	675
4	1690	1790	2071	2072	2081	2100	2107	2115	2121	2131:9991:1099	37	216	1450	204	1479	150	54	791	3466	1045
5	1794	1890	2076	2081	2086:2297:441	91	129	308	695	633
5	2079	2125	2131:981:291	99	212	379
520	1671	2070	2075	2086	2096	2101	2111:3659:41	229	29	291	866	245	433	1525
5	593	2071	2076:764:145	45	483	91
1168	1671	2065	2071	2076:497:20	62	12	358	45
1671	1779	2095	2107:98:25	41	20	12
3	64	1690	2070	2082	2107:660:275	216	8	104	24	33
1	1505	1671	1910	2086	2101:1664:712	33	141	145	183	450
5	1820	1890	2071	2075	2086	2096	2121:2301:466	166	79	429	266	433	429	33
474	1688	2126:70:16	4	50
1579	1893	2087	2102:1053:54	75	545	379
2	1687	2071	2076	2082	2087	2102	2120:6112:1345	12	1404	137	208	2312	645	49
3	1926	2075	2081	2101:1077:383	95	25	404	170
1804	1915	2096	2102	2125:606:83	62	141	133	187
1246	1690	1825	2075	2101	2125:347:16	12	33	70	79	137
2	1762	2080	2095	2101:927:437	33	233	20	204
1713	2080	2087	2096	2107	2116	2121	2126:11717:425	1150	4312	716	66	758	4145	145
2	1690	1741	2081	2082	2102	2127:4018:1029	8	145	879	1020	787	150
1934	2114:16:8	8
1799	1954	2075	2080	2082:378:25	4	45	250	54
1671	1794:16:8	8
2	1741	2080	2086	2126:1231:662	58	216	195	100
8	37	1689	1795	1953	2071	2076	2081	2095	2101	2111:11962:229	3670	87	575	212	2433	912	2787	149	425	483
621	1925	2080	2096	2125:340:4	41	187	58	50
5	1690	1795	2071	2076	2096	2101	2125:2251:300	33	95	666	195	175	408	379
2	665	1741	2080	2107:710:362	20	45	250	33
5	131	1690	1822	1974	2076	2081	2087	2096	2100:3982:329	179	87	87	45	262	1066	1116	770	41
5	1689	2070	2075	2081	2096	2102	2125:1758:216	24	70	204	558	183	270	233
6	1673	1794	2082	2125:373:116	87	33	54	83
1690	1915	2082	2102	2125:469:12	29	166	183	79
5	1745	1960	2071	2076	2080	2096	2101	2116	2120:11703:1308	974	604	2137	1320	1533	908	1108	1366	445
2080	2096	2102	2125:561:283	49	75	154
4	34	1902	2071	2076	2079	2096	2108	2121	2131:11817:962	1687	216	2462	779	383	2704	50	654	1920
1437	1688	1795	2070	2076	2080	2102:817:62	8	66	41	91	291	258
1807	2096	2126:241:54	129	58
1925	2080	2082	2125:303:33	129	112	29
1241	1817	1959	2080	2096	2101	2131:663:20	54	37	204	187	145	16
1906	2096	2107:78:25	37	16
1806	2082	2096	2116:1119:62	612	312	133
1475	1689	1924	2082	2107	2121:5180:300	33	120	1691	95	2941
1464	1690	1890:82:29	16	37
5	1690	2081:566:154	8	404
3	47	1689	1944	2071	2076	2080:5602:854	1491	120	179	1350	858	750
2	1690	1739	1969	2071	2076	2079	2100	2114	2121	2130:11240:2404	58	200	345	2795	1391	1045	545	879	1358	220
1360	1924	2101	2115	2131:539:20	54	175	270	20
5	1777	1890	2107:196:162	25	1	8
1758	1902	2071	2072	2081	2086	2095	2121	2131:10687:420	529	2508	483	1641	1891	145	937	2133
5	1954	2079	2095:297:187	20	70	20
1689	1817	2100:40:8	16	16
1688	1788	1926	2071	2076	2086	2101:3692:16	212	225	1087	345	1112	695
1688	1887	2082:116:4	25	87
1232	1952	2082	2097	2107	2115:977:58	33	466	50	37	333
4	2080	2102	2125	2131:2901:549	570	445	404	933
2	1670	1687	1739	1902	2114	2121	2131:1818:679	79	1	16	91	45	49	858
1646	1829	2096:82:45	8	29
1935	2125	2131:1095:75	225	795
5	1915	2082	2096	2111	2125:593:183	29	137	83	91	70
87	1827	2095	2121	2126:1415:400	124	8	754	129
1690	1922	2082:299:4	45	250
2080	2124	2131:161:112	4	45
2	1759	1926	2080	2082	2095:2210:637	141	133	154	1095	50
3	1745	2081	2116:982:383	29	529	41
1755	2075	2080	2095:199:33	33	125	8
2	1689	1914	2071	2081:2411:712	29	133	804	733
1688	1737	2079	2086:275:4	20	1	250
2	1673	1811	1974	2081:2280:874	370	8	16	1012
2	1728	2081	2086:2935:1216	129	1349	241
5	1689	1795	2071	2076	2107	2127:623:170	8	45	391	1	4	4
54	2070	2076	2080	2096	2115	2121:4296:1399	187	562	533	420	279	916
9	1690	1802	1926	2100:89:20	8	12	37	12
28	1669	1689	1776	1954	2087	2096	2111:4637:1537	33	41	174	45	1837	912	58
1670	2071	2081	2096	2107	2114	2125:2777:33	679	804	908	8	45	300
1444	1672	1689	1741	1884	2086	2101:536:20	70	8	24	49	145	220
567	1809	2082	2116	2124:160:16	20	58	8	58
1649	1941	2101:75:25	25	25
1672	1775	1924	2070	2108	2115	2121	2131:4952:404	254	200	4	62	958	3066	4
1673	1690	1861	2071	2076	2096:1061:158	16	1	541	225	120
551	1672	1780	1892	2071	2075:234:8	58	45	16	20	87
2075	2080	2124	2131:373:175	166	20	12
558	1689	1780	2071	2076	2096	2101	2111:5630:37	29	183	1283	304	1595	608	1591
570	1671	1740	2070	2076	2080	2096	2101	2115:1118:16	54	75	83	229	245	75	258	83
1935	2116	2125	2131:852:62	45	262	483
1800	2087	2096:298:12	220	66
1407	1686	1806	2080	2101	2116:344:49	4	79	154	25	33
395	1780	2102	2107:107:4	16	79	8
1925	2081	2082	2087	2097	2125:992:20	387	216	212	91	66
8	97	1792	1953:132:37	50	37	8
5	603	1690	1929	2126:233:175	1	12	33	12
1809	1925	2080	2125:207:25	16	133	33
1580	1671	1688	1804	1922	2080:427:62	29	4	45	54	233
1688	1806	1911	2087	2101	2116:3068:20	87	75	2041	362	483
2	1690	2101:528:354	8	166
5	1670	1902	2131:1581:504	20	91	966
2	1670:357:333	24
5	1689	2075	2081	2082	2107:3019:587	58	254	954	1154	12
2107:8:8
1529	1690	1802:44:4	20	20
1811	1950	2071	2072	2086	2095	2101:3706:250	191	1512	275	683	158	637
1690	1795	2101	2125:185:16	16	45	108
1533	2082	2131:140:20	116	4
9	1321	1671	1808	1926:118:29	20	12	24	33
2	1827	1926	2071	2076	2081	2096	2101	2111	2114	2121:10700:1929	62	116	1887	529	1554	412	508	66	29	3608
4	1688	2101	2116	2121	2125	2131:3664:775	16	229	191	1858	262	333
5	595:115:95	20
2	69	1825	1926	2080	2101	2107:1437:437	404	20	70	441	49	16
4	756	1790	1925	2081	2115	2121	2125:13459:2412	304	454	612	2395	2279	4508	495
2115:204:204
744	1795	1892	2080	2095	2102:460:4	41	29	266	16	104
1739	2102	2111	2121	2126:2064:58	437	1237	212	120
8	139	1688	1773	2096	2102:476:45	45	8	33	154	191
5	2071	2076	2080	2101:1710:287	470	208	458	287
5	1689	2095:158:150	4	4
5	762	1795:155:125	1	29
1673	1690	1811	1926	2081	2086	2102:2997:270	62	158	275	562	1100	570
2079	2096	2102	2125:715:108	250	191	166
2	2074	2081	2082	2101	2116	2121:10738:1945	20	1929	1095	783	416	4550
1811	1890	2086	2107:132:29	37	58	8
6	1110	1690	1785	1941	2081	2082	2095	2115	2121:10526:1204	4	33	279	387	2066	233	8	1983	4329
2	1670	1687	1831	2080	2095	2115	2121	2126:5238:991	133	8	112	570	329	587	2354	154
1804	1964	2079	2102	2108	2125:526:41	4	20	383	12	66
1530	1690	1916	2096	2101	2115	2124:384:45	12	12	29	191	87	8
2	1728	1900	2071	2075	2086	2101	2107:3004:962	41	166	475	108	516	695	41
2108	2124:20:16	4
1749	1926	2070	2076	2096	2101:509:8	66	66	95	62	212
1	1491	1690	1797	1890	2082:1006:504	162	33	87	104	116
4	1688	1902	2131:848:270	4	87	487
1	1536	1671	1790	2082	2096	2115	2121	2131:11616:1999	437	175	433	862	1070	1720	4833	87
1252	1690	1758	2070	2075	2086	2096	2101:1560:12	29	87	250	237	525	150	270
1780	2071	2076	2086	2101	2102:2893:166	762	208	829	470	458
115	1801	2086	2124:248:120	58	62	8
4	1670	1758	1970	2071	2076	2080	2096	2121	2125	2131:10399:895	158	175	95	2462	762	2008	441	625	699	2079
1647	1807	1890	2071	2076	2086	2096	2101:1066:108	74	87	37	166	316	91	187
548	1673	1687	1779	2081	2082	2107:1244:20	279	1	116	512	233	83
1670	1758	2070	2075	2086	2096	2101:1876:95	87	62	258	762	450	162
5	1961	2087	2102:3273:570	12	2291	400
1688	1848	2071	2076	2101	2124:556:4	8	383	66	83	12
1440	1673	2100:78:8	62	8
1689	2126:49:8	41
2	1669	1686	2071	2076	2080	2082	2096	2131:12015:2437	504	16	2462	795	1216	1624	1916	1045
5	1687	1805	1890	2102	2115	2121:2652:583	1	170	187	670	658	383
1892	2080:232:20	212
2080	2101:470:300	170
2	93	1690	1830	1914	2081	2130:1051:350	120	45	4	41	487	4
1673	1688	2108:53:41	8	4
2	1690	1841	2095	2100	2125	2131:3488:1229	66	212	195	12	491	1283
1275	1795	2124	2127:53:29	4	4	16
2	1688	1811	1926	2071	2076	2081	2086	2087	2101	2120:10629:895	25	124	204	1304	637	1275	1075	3758	662	670
3	1688	1974	2081	2082:2052:450	16	12	766	808
2082	2087	2096	2124:2203:533	1408	229	33
84	1672	1688	1758	1924	2071	2076	2080	2086	2095	2100	2121	2124	2131:11339:1645	504	91	166	270	2283	1175	1620	1779	187	341	925	137	216
1795	1959	2071	2081	2096	2124	2131:1889:87	66	583	675	329	29	120
1689	1789	1935	2079	2125	2131:1147:12	70	91	29	345	600
1312	2096:170:8	162
2082	2102	2125:739:395	295	49
5	1672	1740	2070	2076	2081	2107	2115	2125	2131:12554:1629	812	83	1337	1275	1887	616	1245	1141	2529
1300	1688	1817	2096	2116:293:41	4	20	191	37
1342	1690	1824	2071	2076	2080	2086	2101	2107	2115	2119:11915:1516	920	162	1987	850	1012	1670	1287	387	1816	308
1670	1687	2124	2127:78:4	4	16	54
2	1688	1728	2071	2076	2101	2102:2426:908	4	20	758	95	350	291
5	1790	2071	2072	2081	2082	2096	2115	2121:9820:470	145	1633	445	979	1558	479	1241	2870
2100:8:8
1474	1690	1950	2082:436:54	16	4	362
1740	2080	2096	2115	2127:465:29	304	87	41	4
696	1690	2082:174:12	8	154
5	1789	1902	2080	2111	2131:3980:508	220	370	325	1516	1041
1689	1740	2080	2082	2087	2095	2107	2115:3401:16	54	283	1650	1091	83	41	183
59	1688	1806	2116:745:429	8	183	125
1183	2075	2086	2101	2125:461:8	37	83	204	129
1749:4:4
1804	1954	2080:319:70	20	229
5	1671	1929	2081	2126:606:112	54	49	375	16
1516	1914	2082	2108:510:16	54	420	20
5	1689	1913	2075	2086	2101	2125:1622:404	8	108	70	579	312	141
1687	1780	2080	2126:277:4	12	224	37
1790	1902	2071	2076	2115	2121	2131:11584:345	200	2429	683	1924	4695	1308
5	1690	1794	1890	2076	2081	2086	2108:1638:329	33	49	104	124	679	304	16
9	2107:86:66	20
1671	1944:65:20	45
2	1673	1690:349:283	58	8
4	1790	2080	2082	2115	2121	2126:13375:1737	370	1820	2304	2191	4787	166
1142	1920	2107	2116:65:8	12	4	41
2	1741	2071	2076	2080	2096:5443:1316	104	1525	562	1020	916
2	1688	1728	2074	2081	2101	2124:3660:1329	4	150	24	1387	733	33
1673	1687	1804	1905	2080	2096	2131:605:137	4	58	87	166	116	37
1689	2102:303:8	295
2	509	1804	1914	2101	2124:1177:595	8	125	141	304	4
3	189	1690	1849	2042	2071	2076	2081	2096	2102	2111:11799:791	287	150	1287	254	2895	883	2058	366	1983	845
1513	1689	1919	2071	2076	2086	2101	2124:2533:37	20	145	983	125	758	441	24
2	1690	2080	2101	2116	2121	2126:5609:1100	37	1399	375	116	2320	262
1688	1799	2101	2108:115:4	16	87	8
690	1795	2124	2127:61:8	25	12	16
5	1671	1795	2081	2101:1139:295	66	66	525	187
583	1686	1907:62:25	8	29
1670	1826	1967	2081	2086	2096	2116:1101:20	41	25	462	204	191	158
1357	1806	1922	2116:86:54	4	8	20
5	1672	1817	1974	2071	2076	2081	2111:5205:845	379	12	83	1533	550	1183	620
2	1670	1690	1826	2070	2076	2079	2087	2096	2101	2116	2131:10774:2645	229	91	241	629	679	62	3662	358	1004	854	320
130	2071	2076	2115	2121	2125	2131:4280:345	1066	316	229	1029	416	879
1548	2070	2075	2126:228:91	8	54	75
5	1688	2071	2076	2108:561:204	4	320	29	4
1671	1784	1941	2080	2082	2115:2314:154	137	150	520	1220	133
1552	2079	2124	2127:154:66	62	25	1
3	2080	2082	2087:1094:450	170	170	304
1317:16:16
2124	2127:29:25	4
3	81	1670	1690	2071	2081:1822:441	187	16	37	641	500
5	1671	2114:195:150	16	29
10	1267	1673	1831	2071	2076	2080	2095	2115	2121:9881:8	8	300	166	1999	608	1654	1	529	4608
5	1689	1790	2081	2082	2096	2115	2121	2125:11874:1062	29	320	2270	395	499	1850	5008	441
1673	1690	1795	2124	2127:131:58	8	12	24	29
3	1795	2080:548:295	12	241
624	1751	1926	2081	2115	2121:4347:4	162	220	1050	745	2166
2	1804	2080	2083	2096	2125	2131:1309:625	58	241	20	50	170	145
1600	1837	1924	2116	2121	2131:2243:333	16	108	433	1270	83
1826	2095	2108	2116	2125	2130:257:41	25	8	54	125	4
2	562	1739	1914	2082	2108	2114	2121:1834:708	16	87	212	745	4	25	37
2	1689	1926	2080	2082	2095	2116:2967:820	37	91	712	1120	104	83
1296	1672:24:4	20
5	1673	1689	1817	2071	2076	2081	2082	2095:10175:891	437	29	33	2124	829	2016	3750	66
5	601	1890	2082	2096:342:145	20	20	112	45
2082	2087	2115:1245:454	583	208
5	1670	1901	2081	2082	2111:911:237	4	108	533	4	25
1375	1672	1689	2081	2100	2124	2127:613:83	91	12	366	20	29	12
1690	2071	2075	2096	2111	2114	2121	2126:3005:104	770	383	812	166	162	400	208
1689	1821	2108:24:8	8	8
1589	1740	2071	2076	2086	2101	2108	2115	2125:3116:237	24	779	270	641	454	41	225	445
1073:4:4
5	1687	1745	2081	2101	2116:1235:241	4	33	566	354	37
1670	1687	1751	2071	2076	2081	2086	2101	2115	2121:9617:33	20	133	2033	570	1500	904	383	1300	2741
5	1895	2070	2075	2095	2126	2131:1592:387	137	95	170	49	100	654
1890:16:16
2107:24:24
1519	1688	1728	2087:1259:29	4	1	1225
4	1739	1902	2114	2121	2131:1356:366	25	125	16	37	787
1515	1689	1914	2087	2130:1177:49	12	58	1054	4
4	1713	2075	2081	2082	2096	2101	2116	2121	2131:10407:445	54	154	1858	2008	1170	212	520	3866	120
1316	1690	1891	2071	2076	2080:1168:37	29	62	712	166	162
889	1689	1906	2096:52:12	12	12	16
2	1926	2070	2075	2079	2086	2096	2101	2111	2114:10268:2620	245	1041	708	837	2487	320	1274	541	195
5	1804	1890:203:162	4	37
9	1673	1801	1914	2075	2096:715:62	233	129	75	79	137
5	1690	1890	2076	2081	2101:973:208	12	45	125	433	150
3	114	1848	2081	2095	2101	2111	2130:1762:433	216	8	662	45	308	45	45
628	1774	2081	2108	2125:404:1	33	279	8	83
1637	1689	1740	1930	2081	2082	2115:709:87	4	20	16	412	104	66
1623	1671	1787	1925	2070	2082	2087	2111	2116	2125:11903:1158	187	220	129	37	2820	3083	3587	312	370
1389	1925	2082	2125:227:4	37	116	70
1690	1969	2082	2121:1128:29	16	729	354
2	594	2080	2101	2130:865:416	8	329	104	8
1400	1688	1826	2116:136:62	4	25	45
1687	1826	2071	2076	2096	2116	2125:1166:8	70	637	170	70	124	87
109	1974	2081	2082	2116	2121	2123:11233:320	225	2162	3662	820	4020	24
2	1687	1741	2071	2076	2081	2086	2096	2111	2124	2127:10578:1266	12	125	1704	912	1633	1766	816	2141	199	4
2	1022	1673	1811	1935	2075	2080	2096	2120	2125	2131:12162:2108	587	766	379	891	308	1687	900	787	1283	2466
5	1751	2071	2076	2081	2082	2115	2121:10929:508	195	533	504	1291	1587	1195	5116
3	61	1888	2082	2107:898:279	237	37	341	4
1905	2116	2131:119:20	75	24
5	1690	1890	2079	2082	2095	2115	2121:7192:779	237	20	687	2541	12	708	2208
1689	1774	1925	2080	2087	2096	2125:464:8	20	4	129	166	62	75
1447	2096:115:41	74
5	1673	1777	1890:323:204	70	24	25
122	2071	2076	2096:806:195	354	116	141
5	578	1689	1751	1890	2071	2076	2080	2087	2095	2100	2115	2121:9482:554	33	4	450	154	416	245	525	2879	45	8	924	3245
4	1713	1913	2070	2075	2079	2086	2096	2101	2116	2121	2125	2130:8927:908	62	412	70	41	154	1475	1166	550	291	3570	195	33
1401	1687	1740	1887	2101	2115:277:8	4	4	33	212	16
1	1535	1689	1798	2082	2115	2121	2131:11667:2341	358	33	320	2079	1566	4666	304
2	1688	1784	2087	2115	2126:2723:908	4	125	1408	124	154
2	1713	1914	2079	2087	2095	2100	2116	2121	2130:11204:1645	412	633	1254	2104	279	12	883	3912	70
3	33	1793	2070	2075	2095	2102	2107:1651:358	483	187	62	29	116	375	41
1747	1935	2075	2081	2082	2087	2095	2115	2125	2131:12002:216	329	291	1949	2412	2987	45	695	991	2087
2	1688	2075	2081	2087	2096	2102	2126:5765:1208	1	325	1087	762	1437	779	166
1484	2096	2102	2111	2114	2121:2867:95	283	1191	879	95	324
1690	2095	2101	2111:333:16	1	54	262
5	1936	2070	2075	2086	2101:2113:445	95	16	216	825	516
5	1689	1924	2081	2101	2115	2124	2131:1792:270	8	112	658	208	329	66	141
5	1690	1790	2071	2076	2081	2082	2096	2115	2121	2130:9455:704	29	425	1145	529	1333	1383	487	725	2583	112
5	639	1688	2101:166:129	29	4	4
1688	1826	2080	2107	2116	2130:411:12	29	300	8	37	25
5	1901	2071	2072	2086	2095	2101	2108	2115:3845:441	79	920	295	979	70	445	8	608
1690	1794	2080	2125:315:4	8	212	91
5	1689	1960	2080	2101	2115:1115:245	12	50	350	200	258
4	1689	2101	2121	2131:2110:529	20	91	895	575
2	1669	1914	2075	2095	2116:1426:775	16	145	191	95	204
6	1913	2125:228:83	54	91
1689	1751	1925	2074	2081	2102	2115	2121	2125:13163:33	395	183	33	2345	2970	2100	4800	304
1954	2079	2082	2115:1041:58	100	629	254
1670	1688	2071	2076	2107:381:4	16	287	66	8
1226	1672	2080	2101	2116:989:70	229	445	233	12
2	1811	2081	2096	2125	2131:2997:562	104	616	366	370	979
1301	1673	1774	2081	2086:807:50	112	54	412	179
92	1721	1925	2082	2087	2097	2125:2218:108	79	95	1233	579	20	104
2100:16:16
9	1687	1741	2079	2086	2101	2107	2124:547:12	4	12	100	79	295	29	16
1289	1672	1688	1826	1905	2082	2102	2116:1838:54	141	20	33	66	983	333	208
5	1817	2081	2082:2003:358	8	633	1004
6	1689	1804	1907	2079	2131:360:158	12	33	37	91	29
3	35	2070	2075	2108:1132:329	575	112	87	29
1	1495	2082	2115	2125	2131:4993:1387	291	1379	387	479	1070
2	1689	1728	2071	2076	2081	2086	2101	2120:11177:1770	45	91	2566	783	2237	1999	924	762
86	1737	1973	2080	2086	2095	2101:972:208	29	4	395	183	16	137
2	1741	2071	2076	2086	2096	2101:3938:1070	120	1066	258	350	929	145
1900	2115:124:33	91
1	1518	1689	1890	2070	2086	2101:1810:904	54	8	116	212	412	104
1590	1690	1924	2071	2076	2124	2131:839:25	45	58	562	141	4	4
2	1688	1914	2079	2082	2116	2121:12192:2091	20	595	1316	2654	1608	3908
1372	1689	2070	2087	2096	2111:1021:20	20	20	604	116	241
5	1745	2095	2101	2111	2116	2126	2131:1313:245	50	12	104	12	70	145	675
691	1670	1779	2075	2081	2101	2115:1580:33	79	112	241	866	183	66
5	1902	2070	2075	2079	2086	2095	2121	2131:9859:1354	304	437	725	620	2233	12	1575	2599
2	946	1831	1926	2070	2075	2081	2101	2115	2121:11112:2437	41	8	191	329	62	2170	758	741	4375
1670:4:4
2	1670	1690	1811	2071	2076	2080	2087	2107	2120	2125	2131:9999:1212	83	75	208	1670	637	1141	2533	66	391	500	1483
2	1672	1689	1811	2071	2076	2080	2086	2096	2100	2120	2124	2131:9601:1324	475	45	383	2645	562	895	1312	412	58	954	45	491
1624	1798	1913	2071	2076	2086	2101	2115	2121	2125:9988:125	125	212	1637	295	783	812	1229	4525	245
2	392	1688	1728	1894	2071	2072	2079	2086	2120	2125	2131:9985:2087	16	4	491	487	2495	370	8	2408	533	641	445
1441	1806	2071	2076	2081	2086	2096	2101	2111	2116	2119	2125	2127:9799:483	154	2174	612	1575	908	745	712	1675	275	170	229	87
1269	2080	2127:232:4	195	33
1577	1688	1780	2071	2076:401:66	12	24	295	4
6	540	1740	1890	2080	2082	2115:2341:283	1	204	125	575	920	233
1687	2071	2076	2082	2115	2121	2131:1993:4	687	195	237	79	675	116
5	1689	2071	2076:843:220	8	499	116
1890	2107	2115	2121:179:20	8	1	150
2	1671	1687	1914	2071	2076	2086	2096	2100	2120	2130:10842:2933	362	8	275	3120	937	2125	325	329	312	116
5	502	1690	1890	2079	2082:457:154	8	8	29	83	175
5	108	1673	1773	1929	2081:1415:291	170	154	125	75	600
3	1688	2071	2081:1233:416	1	404	412
1601	1672	1920	2071	2076	2080	2096	2116	2121	2125:10866:158	354	137	2470	529	1541	337	533	4787	20
2	1689	1740	2075	2081	2095	2101	2115	2125	2131:4287:1037	8	16	366	1116	112	650	262	350	370
2	110	1914	2082	2087	2115	2120	2124	2130:12896:2029	150	366	3704	3141	2199	575	66	666
1689	1740	1948	2070	2076	2080	2096	2115:534:8	29	16	25	66	208	62	120
1526	1797	1914	2079	2130:98:8	54	16	8	12
1672	1751	1911	2095	2100	2115	2121:5321:216	262	258	137	108	1145	3195
124	1689	1826	2081	2082	2116	2124:1740:304	54	179	850	183	145	25
1690	1741	1956	2096:65:12	4	4	45
6	366	2125	2131:246:129	1	54	62
1404	2071	2075	2082	2116	2124	2127:1327:154	575	191	179	137	41	50
2	1689	2102:623:362	20	241
2	633	1689	1804	2070	2075	2086	2096	2101:2655:1108	24	29	208	116	12	504	179	475
2	442	1739	1914	2071	2076	2086	2101	2107	2114	2121	2130:11008:2400	75	300	275	2520	829	1450	1020	87	324	1708	20
2	1908	2081	2082	2107	2116:2385:766	79	587	770	25	158
1319	1670	1688	1837	1907	2075	2096	2116	2121	2125	2131:4799:66	212	33	91	124	429	629	700	2250	95	170
13	90	1670	2070	2075	2080	2082	2095	2098	2102	2115	2126:10336:54	2145	416	75	645	1633	1641	191	16	2004	737	779
3	144	1673	1690	1795	1941	2075	2081	2111:2142:508	245	200	75	112	183	99	712	8
1688	1804	1960	2071	2076	2080	2101:1723:16	75	29	733	204	258	408
2071	2072	2095	2126:653:416	112	25	100
1690	1745	2116:53:12	4	37
1498	1924	2096	2124	2131:114:16	29	49	4	16
6	1811	2080	2087	2125	2131:5009:570	87	920	2666	308	458
5	2125:245:162	83
1596	1670	1689	1808	2087	2107:494:37	4	16	29	400	8
2	109	1914	2080	2096:1043:437	74	37	375	120
2	1690	1741	1892	2070	2075	2082	2096	2111:3471:1058	41	250	141	175	87	1283	370	66
1670	1687	1765	2107:53:16	4	8	25
1582	1925	2070	2075	2086	2101	2125:1380:116	83	87	162	512	270	150
1689	1740	2071	2076	2080	2086	2096	2100	2115	2124:3521:37	70	1104	516	83	904	329	162	241	75
1221	2082	2107	2127:62:4	25	4	29
1672	1689	2082:745:83	4	658
2	1672	1689	1926	2079:527:354	45	12	33	83
1298	2071	2076	2096	2125	2131:1976:37	591	233	137	262	716
10	1213	2072	2081	2086	2101	2121	2125	2131:11500:83	629	191	2195	1462	1066	4050	366	1458
2	1926	2095:261:233	20	8
1293	1759	2082:394:50	20	324
5	1688	1798	2081	2082	2087	2115	2121	2131:10150:541	4	108	1225	587	1679	1095	4895	16
560	1669	1752	1935	2075	2081	2086	2096	2101	2120	2125	2131:10591:99	12	250	254	41	2229	1462	1754	887	683	741	2179
5	1689	2095	2101	2124:273:120	4	4	125	20
1670	1690	1925	2080	2125:177:8	8	41	70	50
1690	1794	2095	2127:107:4	16	37	50
2071	2076:478:416	62
1690	2071	2076	2095	2101	2107	2115	2121:1675:45	808	208	49	129	12	74	350
1642	1688	2102	2116	2126:540:108	4	345	4	79
1758	1925	2081	2096	2125:956:16	62	612	137	129
1594	1826	1942	2071	2076	2095	2116:1001:79	54	37	541	133	49	108
5	2082	2125:344:137	112	95
1925	2071	2076	2080	2096	2125:1410:112	566	183	200	191	158
1689	1773	2071	2081	2096	2124:1026:4	41	333	495	95	58
137	1686	2082	2108	2115	2126:400:58	1	120	1	162	58
2	1687	1826	1900	2071	2076	2101	2116	2124:3871:1029	12	58	208	1062	349	691	400	62
1619	1690	1924	2101	2107	2116	2121	2124	2131:2992:83	33	195	408	75	358	1787	41	12
2	1688	1926	2080	2111:1677:895	4	100	629	49
5	1690	2071	2076	2086	2124:1655:295	25	616	37	641	41
3	2070	2076	2081	2095	2102	2116	2121:11001:1154	637	533	2208	150	1316	437	4566
869	1671	2079	2108	2115:199:1	41	62	33	62
6	614	1794	1926	2080	2086:1321:237	1	1	137	412	533
2	1672	1688	1728	2071	2076	2086	2101	2102	2120:11953:2637	766	12	74	2162	1058	1654	1158	1770	662
1270	1671	1744	1926	2096	2116:897:24	100	25	66	441	241
1126	1672	1746	1892	2095	2101	2116:462:1	75	41	50	16	250	29
1466	1780	2102:269:4	20	245
2	603	1798	1926	2081	2101	2115	2121:12487:2100	16	274	374	1887	1029	1916	4891
1751	1913	2071	2076	2096	2115	2121	2125:11971:391	245	2004	1062	441	2733	4504	591
1688	1826	1905	2070	2076	2082	2087	2116	2131:3718:37	29	179	200	416	1091	1341	400	25
7	73	2075	2102	2111	2115	2121:7334:454	745	99	887	1079	1262	2808
5	1673	1690	1969	2080	2082	2101	2130:3838:662	479	45	16	933	1308	283	112
1780	1941	2071	2076	2080	2095	2102:2719:200	158	1212	450	112	37	550
1373	1892	2071	2076	2080	2096:1090:4	29	575	141	212	129
1615	1673	1744	1925	2082	2096	2107	2116	2125:5189:450	604	66	154	1458	1312	166	750	229
6	1374	1688	1727	1914	2087	2115:2377:358	8	8	79	154	1175	595
10	2071	2076	2101:478:4	375	12	87
2	2081	2101	2125	2131:1559:495	537	166	87	274
1259:12:12
1780	2071	2076	2096	2101:991:54	504	79	150	204
1741	1891	2071	2076	2086	2101:3459:162	258	1108	470	999	462
1688	2081	2095:274:8	229	37
2	1687	1811	1902	2071	2072	2081	2095	2120	2131:12704:2779	162	262	362	2187	408	1345	745	1554	2900
1689	2071	2076	2087	2096	2114	2121	2125:5607:70	1266	520	2620	333	8	449	341
1	1543	2107	2116	2121	2125	2131:4938:1266	337	45	204	1550	562	974
146	1688	1803	1977	2070	2076	2080	2100	2107	2115	2119	2125	2131:11761:1866	95	954	183	929	937	1195	154	141	579	408	2050	2270
1610	2075	2096	2101	2111	2125:955:66	12	41	91	691	54
1672	1826	2070	2076	2096	2116:592:116	24	62	150	120	120
1274	1926	2096	2111:1068:62	41	295	670
62	2071	2076	2080	2096	2101	2116	2121	2130:10557:1287	775	775	2029	625	604	450	3950	62
2	1689	1741	2081	2082	2095:1893:587	4	66	695	529	12
1794	2082:145:16	129
2	1755	1926	2075	2081	2101:1348:470	104	50	33	425	266
2	1914:440:395	45
5	1672	2071	2076	2095:785:191	66	458	54	16
6	1269	1741	2081	2096	2124	2127:1009:262	49	33	450	166	24	25
2	841	1687	1914:445:354	20	1	70
2	1688	1728	1913	2107	2125:609:416	4	20	70	20	79
5	1690	1892	2080	2082	2107:717:233	16	33	245	166	24
1538	1819	2080	2096	2126:523:25	45	354	45	54
5	1669	1745	1925	2070	2075	2080	2101	2111	2116	2120	2125:10452:1283	87	475	699	20	174	1350	1175	2191	1033	620	1345
1673	1826	1935	2080	2096	2101	2116	2125	2131:3932:395	141	116	429	174	195	320	679	1483
1758	1907	2071	2076	2080	2087	2096	2107	2121	2125	2131:11511:566	737	2287	1091	1091	3345	391	154	1125	112	612
2	1673	1727	1914	2071	2076	2115:2664:950	462	75	241	79	362	495
9	1688	1727	2101	2115	2126:364:8	16	8	154	116	62
1690	1751	1925	2070	2075	2081	2115	2121	2125:11862:50	533	616	258	366	2495	2812	4466	266
1608	1826	1891	2101	2107	2116:211:58	1	12	41	29	70
1672	1689	1959	2071	2081	2096	2124:1630:141	29	58	620	625	120	37
1902	2071	2076	2080	2114	2131:2038:116	295	300	391	116	820
1690	1906	2095	2107:29:12	12	1	4
5	1688	2087	2095	2101	2131:1072:262	4	554	12	216	24
4	55	1751	2080	2082	2115	2121	2131:11855:933	1475	437	1337	1570	1291	4762	50
564	1758	1964	2075	2080	2086	2095	2101	2125:1467:8	87	12	75	487	270	8	370	150
1	1578	1672	1689	1735	2070	2075	2079	2082	2095	2097	2108	2115:9907:2733	1212	483	33	154	45	29	587	3774	150	358	4	345
1780	1902	2081	2131:1019:62	54	445	458
1690	1925	2125:111:20	25	66
5	1687	1745	1890	2082	2116:1311:341	8	79	54	675	154
1795	1892	2080:269:20	12	237
2101	2130:113:112	1
6	1453	1740	2071	2076	2080	2096	2115:2567:370	208	29	1125	316	124	183	212
1688	1826	1913	2082	2116	2125:776:4	16	29	545	91	91
5	1672	1687	2086	2096	2101:1614:375	179	4	395	241	420
2	1688	2075	2081	2082	2087	2120:5202:1566	12	275	1629	362	1029	329
1728	1925	2081	2125:681:12	70	487	112
675	1672	2070	2075:136:8	37	37	54
1363	1794	2083	2107:82:8	25	37	12
1385	1687	1925	2096	2125:368:20	4	29	270	45
5	1670	1689	1790	1974	2075	2081	2096	2099	2115	2121:10628:637	108	37	308	8	141	2383	320	45	1279	5362
2	1789	1914	2124:440:316	54	62	8
7	604	2070	2075	2101:452:137	8	49	29	229
656	1672	1689	1819	1935	2069	2076	2081	2082	2114	2125	2131:11360:37	566	83	283	195	29	737	2374	3058	316	866	2816
1506	1689	1826	1927	2116:123:20	8	25	37	33
1426	1816	2087	2095	2102	2116	2126:1031:75	70	337	1	370	20	158
2	1688	1811	2071	2076	2086	2108	2120	2131:4383:1374	12	270	1854	187	237	58	254	137
1598	1831	1915	2082	2115	2121	2125:4842:141	212	287	1637	304	1849	412
5	1689	1929	2116	2121:1961:250	8	133	200	1370
4	1689	1924	2070	2076	2081	2086	2087	2096	2101	2121	2124	2131:9949:491	41	174	433	400	1191	900	1204	408	758	3570	29	350
2	1747	1926	2082	2115:1755:379	95	145	1016	120
89	1795	2071	2076	2096	2101	2124	2127:2077:608	179	533	254	112	275	83	33
5	1690	1713	2081	2116	2121:4254:570	20	141	1066	191	2266
1803	2070	2075	2080	2101	2115	2124:1159:12	45	104	570	316	108	4
2	483	1745	1914	2071	2076	2101	2116:6080:1183	154	416	741	1808	350	912	516
1537	1690	1855	2075	2082	2096	2115	2121	2126:3303:420	108	50	74	716	516	904	224	291
67	1690	1831	2082	2115	2121	2126:3701:795	137	187	416	229	1675	262
1741	1957	2071	2076	2086	2101	2108:2039:62	29	920	312	408	304	4
1779	1973	2081	2082	2115	2121:3735:220	33	1454	1587	83	358
1410	1687	1806	1897	2116:131:4	4	37	16	70
1644	2071	2076	2096	2102	2107:2092:183	795	316	470	316	12
1740	2076	2081	2101	2115:685:16	116	454	50	49
1689	2080	2101	2124:465:8	283	158	16
8	86	1672	1800	2096:315:20	108	29	79	79
1672	1795	2071	2076	2096	2111	2124:743:45	37	400	100	75	66	20
2076	2096	2131:132:62	54	16
1417	1670	1729	2082	2107	2115	2125	2131:2835:75	50	37	804	16	629	408	816
2	1687	1902	2070	2075	2120	2131:3381:1025	12	358	120	437	104	1325
1689	1925	2075	2079	2125:152:4	29	20	58	41
2070	2075	2081	2086:882:37	70	400	375
5	71	1670	1690	1773	1970	2070	2081	2096	2100	2102	2125	2131:14606:1404	1745	341	224	1087	275	358	2541	979	404	1216	1470	2562
1446	1795	2080:223:8	24	191
1774	2081	2086	2087:1301:45	395	195	666
489	1794	2086:115:12	20	83
5	2101	2131:383:179	179	25
9	1670	1811	2071	2072	2086	2095	2102	2108:1829:41	49	129	704	204	362	16	308	16
5	1795	2081:557:208	29	320
2	1672	1811	1890	2071	2076	2079	2086	2095	2120:9686:2549	262	220	241	2725	783	266	1716	37	887
1550	1689	1914	2082	2116:844:116	16	54	529	129
1524	1768	1914	2101	2107:285:8	37	112	116	12
2	1687	2070	2075	2079	2095	2124:656:429	4	33	87	8	41	54
1806	2080	2082	2096	2101	2116	2130:5809:166	516	2320	1704	108	891	104
541	1745	1941	2080	2101	2116	2131:683:16	33	41	362	95	124	12
2	1826	2116	2124:436:354	4	37	41
5	1690	1806	1890	2116:339:187	24	37	33	58
5	1926	2079:283:150	54	79
1278	2082	2096	2111:1770:79	737	100	854
1671	1803	1925	2071	2075	2096	2115	2125:704:62	70	70	83	108	162	45	104
2	1690	1728	1893	2071	2076	2086:3259:891	37	120	183	1008	279	741
1501	1687	1795	2071	2076	2096	2108:497:54	4	20	279	70	58	12
1670	1925	2080	2125:158:1	24	104	29
5	41	1672	1807	2082	2107:1489:316	683	91	100	270	29
1672	1689	2079	2095:128:66	4	25	33
5	1687	1794	1890	2081	2096:764:241	4	74	8	400	37
5	2081	2102	2127:852:220	387	233	12
2	1688	1739	1896	2087	2114	2121	2131:3891:1283	20	124	283	816	116	66	1183
5	1673	1689	1751	1890	2080	2082	2087	2115	2121:10895:583	620	37	137	179	662	1491	1683	1291	4212
1673	1804	1925	2071	2076	2081	2095	2111	2125:3504:470	149	216	1062	300	950	33	62	262
4	1671	1688	1902	2111	2121	2131:3855:983	266	4	545	554	399	1104
2095:12:12
4	1739	1902	2114	2121	2131:1506:475	141	158	33	24	675
1368	2070	2075	2107:98:8	41	29	20
1640:16:16
2	1892:357:312	45
2	644	1688	1741	1929	2080	2082	2102	2111:2387:833	12	16	45	150	354	691	262	24
1826	2070	2076	2101	2116	2125	2131:1138:58	170	254	170	124	133	229
2101	2115	2124:215:95	112	8
5	2081	2101	2122	2131:1678:333	491	250	29	575
2082	2087	2102	2111:1253:212	775	162	104
2070	2086	2101	2107:596:1	375	175	45
3	1673	1688	1795	2071	2076	2080	2096	2101:2742:687	187	16	108	187	212	558	200	587
1473	1919	2124	2130:90:12	66	8	4
7	16	1688	1794	2022	2079	2086:1348:104	504	4	125	12	54	545
2	1926	2080	2086:844:420	33	175	216
662	1794	2124:74:16	33	25
1383	1825	1925	2108	2125:103:4	8	29	8	54
5	1690	1799	2125:327:191	12	29	95
1435	1688	1832	2075	2086	2101	2125:778:79	12	1	75	450	116	45
1670	1690	1794	2127:99:29	12	29	29
1595	1690	2071	2076	2079	2125:1713:95	33	870	237	91	387
5	1671	1687	1804	1892	2080	2101:1326:308	108	8	95	104	441	262
5	649	1689	1737	1890	2079	2082:372:204	29	8	33	20	29	49
4	48	1670	1790	2074	2081	2095	2115	2121	2124	2127:9699:550	1062	66	320	12	2616	41	875	3904	99	154
8	127	1773:149:75	37	37
4	1688	1775	2070	2075	2080	2095	2101	2115	2121:10251:804	12	204	541	754	1237	50	929	562	5158
5	1817	1924	2071	2076	2080	2086	2100	2102	2116	2131:9905:1100	158	304	2883	708	1125	904	495	1533	25	670
1795	2070	2075	2102	2124	2127:448:24	33	49	329	12	1
2	1688	1926	2080:535:337	8	45	145
2	1914	2076	2081:1294:537	58	62	637
2096	2111:83:50	33
76	1673	1690	2075	2096:735:395	108	37	41	154
78	2095	2115	2125:177:112	4	45	16
625	1673	1780	2079	2107	2125:380:8	62	45	170	16	79
5	1672	1941	2071	2076	2081	2101	2131:4675:758	337	241	641	783	987	666	262
2	1690	2070	2075	2096	2102	2125	2131:2409:700	45	216	145	362	483	229	229
5	138	2082	2125	2131:2477:383	112	804	287	891
2082	2124:62:25	37
1690	1789	1907	2095	2101	2125	2131:309:16	37	75	12	120	37	12
5	1798	1911	2079	2101	2107	2115	2121	2131:11575:1654	491	608	716	1108	75	2262	4491	170
2	677	1941	2100:1031:845	4	70	112
1767	2101	2116	2126:123:20	16	58	29
1922	2082	2108	2115:927:24	700	12	191
1314	1670	1817	2071	2076	2086	2096	2101:1821:16	112	83	716	245	379	108	162
5	175	1929	2075	2081	2126:1056:308	16	33	100	533	66
2	1690	2096	2102	2107	2125:698:429	16	83	137	29	4
1557	1689	2079	2082	2115:989:170	12	120	500	187
1	1522	1673	1798	2100	2115	2121	2131:12680:3466	779	1037	670	175	1608	4437	508
2	1688	1795	1926	2080:739:349	4	29	37	320
9	1673	1690	1741	2075	2096	2111:546:37	175	12	16	120	170	16
1276	1815	1926:94:37	16	41
1799:8:8
1648	1688	2083:99:79	8	12
1620	1673	2071	2076	2086	2125	2131:5550:104	916	1416	520	345	758	1491
9	1688	1911	2101	2116:489:12	16	62	270	129
5	1888	2071	2076	2081	2087	2095:2763:333	16	733	283	570	758	70
9	1687	1741	2108:40:8	4	4	24
2081	2126:336:295	41
2071	2076	2096	2116	2124:1114:620	175	95	179	45
5	586	1690	1758	1970	2080	2087	2096	2102	2121	2125	2131:11712:662	25	54	304	29	1454	4933	262	1183	187	620	1999
5	1690	2101:181:149	12	20
5	2096	2111:145:79	58	8
9	1271	1672	1818	1924	2070	2076	2080	2086	2096	2101	2119	2124	2131:9981:487	104	662	270	379	441	1008	895	1812	1604	1633	45	154	487
1643	1798	1925	2071	2076	2081	2115	2121	2125:10712:150	145	170	1637	562	1874	845	5175	154
1620	1924	2096	2116	2121	2131:1918:195	112	316	150	1116	29
1672	1690	1941	2080	2082	2101	2111:828:79	29	54	204	150	258	54
1740	2079	2115:152:20	116	16
2	1688	1811	2071	2076	2081	2086	2095	2120	2127:11207:1854	20	233	2595	266	2679	2291	37	1137	95
1412	1673	1688	1740	2071	2072	2108	2115:1301:37	183	4	4	608	329	16	120
5	569	1672	2071	2076	2086	2101:1955:258	8	120	666	204	416	283
3	1929	2071	2081	2096:1923:416	50	670	637	150
2071	2076	2124:457:366	75	16
4	2080	2096	2116	2121	2126:4860:891	1062	379	62	2316	150
2	2080	2101	2115:1569:600	495	241	233
1093	1688	2070	2082	2096	2116:510:33	4	4	249	216	4
1672	2071	2076	2081	2086:5043:270	1558	762	1145	1308
2	538	1741	2071	2076	2086	2100:1996:537	12	37	741	183	441	45
581	1689	1826	1902	2070	2076	2080	2086	2096	2102	2116	2131:9854:54	87	83	229	458	520	900	1866	1587	1954	658	1458
1783	2080	2100	2126:434:49	216	45	124
2	1673	1831	2081	2082	2115	2121:11467:995	512	145	2404	2504	520	4387
2071	2076	2080	2115:835:520	91	133	91
1268	1673	1689	1811	2086	2101:651:8	116	20	45	308	154
7	38	1673	1808	1973	2081:2192:137	1008	249	87	16	695
1811	1950	2071	2076	2086	2101:2579:270	79	970	124	895	241
1429	1690	1795	2075	2080	2095	2127:559:62	16	33	49	300	54	45
1954:4:4
1664	1690	1804	1929	2080	2086	2101	2126:1012:104	16	112	45	174	416	112	33
1784	1924	2071	2076	2082	2115	2124	2131:1182:87	66	650	204	1	150	8	16
1	1575	1687	1890	2082:820:558	108	1	12	141
2	2070	2075	2081	2082	2095	2116	2119:10187:2054	1420	916	2199	2408	41	1033	116
1	1479	1890	2096:1456:670	137	112	537
685	1669	1900	2087	2111	2115	2121:3354:20	20	237	1641	179	187	1070
5	1795	2071	2081	2096:1484:270	99	454	566	95
1964	2096	2115	2121	2125:668:8	87	16	466	91
1218	1671	1902	2080	2082	2114	2131:2455:83	116	100	270	541	150	1195
5	1690	1924	2070	2075	2086	2101	2131:2247:350	8	262	174	154	775	462	62
1689	1762	1925	2125:111:4	20	29	58
5	587	1672	2082	2096:1177:212	29	141	691	104
1688	1794	2071	2076	2086	2096:2239:20	141	625	195	808	450
1302	2080	2086	2108	2127:773:45	362	358	4	4
1826	1961	2071	2076	2082	2096	2116	2124:2564:29	33	1091	333	200	550	233	95
1670	1822	2081	2124	2127:402:12	12	354	20	4
1670	1806	1900	2071	2076	2087	2095	2116:3909:41	183	104	1083	70	1991	58	379
2071	2075	2082	2102	2114:1280:491	145	199	395	50
2095	2108	2116	2121	2126:1569:58	4	58	1333	116
1689	1826	2081	2082	2095	2107	2116:2455:41	41	950	1033	158	58	174
2	1687	1741	2071	2076	2081	2086	2096	2100	2124	2127:11201:1637	1	583	1550	937	2562	2304	816	320	187	304
1925	2075	2080	2125:252:20	29	120	83
65	1673	1689	1794	2071	2081	2126:3401:758	329	95	416	620	979	204
1609	1838	1929	2096	2107	2116	2121:1893:233	41	125	112	16	37	1329
2	1739	1969	2071	2076	2079	2086	2096	2101	2114	2121:10040:1591	158	70	2383	987	50	1341	1024	733	424	1279
1806	1929	2101	2116	2126:343:41	37	191	66	8
1926	2080	2086	2095	2101	2108:1898:200	487	691	58	454	8
560	1804	2107	2131:34:1	4	4	25
1737	2080	2082	2087	2102:2110:12	241	124	1329	404
5	1690	1913	2096	2101	2125:605:220	20	83	66	137	79
5	544	1688	2086	2101:773:254	20	4	308	187
1756	1925	2079	2082	2125:477:20	25	83	304	45
1689	1758	1892	2081	2096:1052:29	58	62	587	316
523	1744	2096	2111	2116	2126:281:12	4	87	129	8	41
1	1494	1671:573:470	66	37
1671	1914:86:49	37
1	1419	1690	1744	1929	2070	2075	2079	2082	2096	2116	2126:10430:2370	754	74	345	237	983	591	99	2624	812	1508	33
5	1687	1890	2095	2101:289:170	8	12	29	70
9	1689	1811	2071	2076	2080	2086	2095	2099	2102	2120	2124:11386:516	66	420	2608	458	1583	1783	858	12	1520	1254	308
1472	1688	1739	1895	2087	2107	2114	2121	2126	2131:2469:124	16	24	87	737	29	70	258	245	879
3	1857	2081	2082	2125	2131:1581:408	8	712	108	104	241
2	49	1688	1741	2081:2807:541	1062	1	87	1116
1520	1925	2080	2125:315:87	41	112	75
1688	1740	2075	2080	2115	2126:418:4	54	83	116	91	70
8	20	2081:1069:91	358	620
5	1670	1745	1892	2070	2075	2081	2082	2087	2116:9979:1312	208	791	354	270	229	1633	3091	1458	633
9	1926	2096:61:29	12	20
1670	2126	2131:527:41	95	391
45	1804	1954	2071	2076	2080	2101	2111	2120:7503:2187	400	49	1583	841	1066	8	1120	249
1688	1713	2070	2075	2080	2096	2116	2121	2126:5817:8	75	512	570	1529	412	150	2487	74
6	1198	1669	1688	1749	1973	2071	2072	2086	2101	2107	2124:11099:745	100	537	12	491	279	2054	1579	2541	1699	758	304
5	1673	1688	2079	2101	2125:501:208	74	8	29	62	120
1925	2079	2102	2125:307:29	104	124	50
3	1925	2080	2082	2094	2125:610:304	8	191	41	8	58
668	1740	2080	2108	2115	2127:264:29	8	162	12	37	16
1361	1673	1688	1720	2075	2081	2086	2115	2121	2127:11178:379	1229	16	12	466	2841	3016	866	2087	266
19	1732	1954	2096	2101:569:320	83	54	83	29
692	1672	1811	1907	2080	2125	2131:356:8	83	33	50	99	33	50
8	40	1670	1688	1953	2081	2100:2355:100	1045	91	8	120	987	4
1583	2115	2124:224:29	183	12
1359	1954	2070	2075	2080:207:29	4	29	37	108
2	1690	1920	2081	2086	2101	2125:2142:766	33	70	591	479	183	20
1654	1690	1832	1961	2071	2076	2079	2086	2124:1279:104	50	29	16	166	195	116	591	12
1559	1689	1826	2116:190:91	12	12	75
1925	2083	2125:128:25	20	83
356	1740	1883	2071	2076	2096	2101	2111	2115:4492:8	320	79	999	329	1108	800	383	466
5	1799	2125:319:137	66	116
8	1688	1773	2070	2075	2096	2111:256:62	4	50	50	29	41	20
6	1804	2080	2125	2131:823:145	37	233	158	250
1690	1790	1900	2071	2076	2080	2095	2100	2111	2115	2121:10357:16	258	99	1354	354	1141	54	266	420	1316	5079
1750	1890	2087	2107:1228:58	33	1129	8
5	586	1890	2071	2076	2095:1228:312	1	58	625	170	62
132	1826	2070	2075	2079	2086	2095	2101	2116	2119	2125	2131:10835:791	245	566	1016	820	1737	79	966	608	287	1195	2525
8	50	1688	1773	2096	2111:1146:70	520	8	116	383	49
2	1728	2082	2087:1935:604	66	320	945
1672	1689	1780	2081	2096:605:62	16	62	395	70
1690	1804	1905	2071	2076	2080	2087	2101	2120	2131:12548:75	420	612	2375	979	1150	4304	804	1504	325
1	1446	1690	1798	2080	2082	2115	2121:10221:1216	729	45	308	1162	1612	1295	3854
5	1690	1790	2081	2082	2087	2095	2100	2108	2115	2121	2130:10978:779	50	258	1420	854	2341	20	8	62	1170	3933	83
1	1543	1688	1869	1970	2082	2116	2121	2125	2131:13574:2512	1120	29	58	58	3066	537	3120	962	2112
1670	1689	1831	1915	2071	2076	2087	2101	2107	2115	2121	2125:10901:112	20	179	124	1070	391	2166	554	245	666	4758	616
1670	1690	2075	2096	2108:202:16	16	83	75	12
1924	2082	2124:337:25	283	29
2	1741	2065	2070	2075:506:341	12	33	58	62
626	1779	1960	2081	2082	2107	2115:1468:20	83	45	575	675	16	54
1669	1690	2081	2083	2096	2116:439:4	16	354	20	41	4
105	1670	1925	2081	2082	2125:3460:504	95	237	958	1441	225
1661	1673	1763	2082	2108:927:150	137	95	541	4
3	1670	1690	1890	2076	2081	2082	2107:1389:466	33	16	66	54	575	150	29
1671	1740	2071	2076	2111	2115:2022:145	16	654	258	820	129
3	1953	2070	2075	2081	2101	2111:2705:595	70	37	241	979	354	429
1	1416	1671	1688	2101	2108	2125	2131:4379:1729	195	295	50	316	58	591	1145
1689	1960	2081	2082	2095	2115	2121:7352:91	108	1608	2154	300	604	2487
2	1690	1798	1924	2087	2107	2115	2121	2131:8571:1708	162	362	350	1012	95	1254	3291	337
1804	1892	2080	2101:248:41	29	145	33
2	156	1795	1926	2081:785:391	29	4	45	316
1669	1806	2086	2096	2101	2116	2131:588:41	49	54	70	212	58	104
1688	1920	2082	2115	2121	2125:840:4	58	579	41	154	4
2	603	1687	1798	1926	2081	2100	2115	2121:12921:2258	150	20	362	1070	2304	354	2012	4391
656	1737	2080	2096	2108:481:20	50	295	100	16
2	1690	1926:274:258	4	12
2102	2127:219:195	24
1369	1798	2071	2076	2081	2086	2101	2115	2121:10796:50	220	1075	504	1545	641	400	1074	5287
2	1688	1831	2075	2080	2083	2100	2115	2121	2130:10020:1962	16	83	316	1537	95	154	1004	4849	4
1688	1795	1935	2081	2125	2131:2060:12	87	129	741	233	858
2075	2125:186:20	166
2	1914	2080:753:462	91	200
5	1817	2080	2125	2131:847:333	12	195	87	220
1672	1690	1926:91:50	8	33
1245	1826	1897	2082	2095	2116:340:37	1	29	145	20	108
6	1295	1671	1690	1913	2096	2101	2125:804:237	41	50	37	66	120	124	129
3	1670	1690	1773	2076	2081	2111	2124:2229:570	20	33	66	137	729	641	33
6	1689	2070	2075:477:216	16	79	166
2	1739	2080	2107	2114	2121:1351:579	91	474	20	25	162
1798	1914	2079	2082	2102	2108	2115	2121	2130:11513:533	362	241	2454	1450	8	1791	4508	166
1784	1902	2071	2076	2079	2115	2131:2951:245	212	983	258	37	237	979
749	1690	2070	2076	2086	2101	2115:772:4	4	74	108	195	158	229
4	133	1790	1906	2070	2075	2081	2095	2101	2115	2121:8894:795	141	308	183	387	295	1054	24	500	1166	4041
6	1671	1689	1926	2080:331:154	16	16	45	100
5	1915	2071	2076	2102	2108	2125:2051:400	62	629	208	570	12	170
1593	1687	1902	2070	2075	2114	2121	2131:1722:58	4	166	145	229	8	237	875
1210	1688	1939	2082	2115:317:12	8	24	99	174
1176	2081	2082	2096	2115	2126:1886:8	529	725	100	362	162
5	1795	1953	2076	2081	2101	2102	2111:5758:316	370	74	487	1729	591	629	1562
6	1690	1826	1973	2071	2076	2081	2087	2095	2101	2116	2119	2124:10040:704	141	25	66	1633	787	1462	3087	254	891	837	120	33
2	2081:995:404	591
1196	1690	1924	2081	2101	2124	2131:434:16	4	24	304	66	16	4
4	526	1689	1758	2080	2107	2125	2131:2905:625	12	20	166	645	75	425	937
5	1690	1777	1890:190:150	8	20	12
1468	1925	2125:111:4	20	87
5	1687	1929	2111:195:166	1	16	12
9	1214	1688	1775	2080	2082	2095	2115	2121	2126:11436:237	291	20	299	1520	2312	25	1412	5029	291
1672	1689	1769	1935	2082	2095	2125	2131:3901:358	33	137	179	1704	108	487	895
1	1481	1688	1798	2107	2115	2121:5746:1849	312	8	183	20	891	2483
1687	1914:53:4	49
2	1690	1926	2081	2082	2115:1269:608	12	54	400	125	70
5	1688	2081	2096	2101:1065:212	4	470	150	229
1334	1672	1688	1823	1977	2075	2081	2086	2095	2100	2102	2125	2131:10512:79	641	29	350	137	883	1500	1954	74	62	887	987	2929
1751	2081	2111	2115	2121	2124	2127:7333:145	2141	391	1437	2962	137	120
2	612	1687	1741	1974	2071	2076	2081	2086	2096:10838:2300	25	12	366	8	2600	391	1712	3000	424
2	1926	2081	2086	2096	2101	2120:4730:1145	412	850	1066	416	8	833
1277	1673	1690	1767	1929	2070	2075	2096	2116:801:50	220	25	41	83	33	87	254	8
808	1941	2080	2121	2131:1239:8	37	370	808	16
5	149	1671	1688	2071	2076	2081	2096	2099	2116	2120:11269:1258	145	316	20	2995	983	2750	2262	4	487	49
1688	1924	2100	2124	2131:148:4	37	37	33	37
1689	1752	1924	2080	2131:356:4	16	25	241	70
2	1689	1741	2071	2072	2096	2107	2124:3216:820	37	70	958	412	837	41	41
7	1686	2102:359:79	1	279
1688	2070	2075	2080	2115	2124:592:8	49	33	345	141	16
1688	1740	2107	2115:69:4	33	16	16
5	1798	1911	2070	2076	2079	2095	2099	2115	2121:10000:833	333	233	1016	500	425	8	12	1295	5345
1689	1798	1925	2081	2115	2121	2125:6926:50	329	395	1462	1291	3037	362
1922:33:33
6	1379	1690	1740	2071	2072	2115:1588:295	95	16	8	654	391	129
1392	1689	1795	1901	2079:81:4	4	29	24	20
2	1741	2096	2125:515:341	8	79	87
2	1670	1911	2071	2076	2086	2101	2111:7287:1791	195	545	1804	362	1037	449	1104
5	1926	2101:249:166	33	50
1687	1801	1926	2071	2076	2086	2096	2101:3592:8	283	137	1120	429	1016	154	445
9	1741	1917:74:54	8	12
1688	2082	2097	2116	2126:974:1	854	41	45	33
1671	1689	1758	1900	2079	2096:901:125	20	87	66	91	512
9	1741	1887	2086	2096:153:25	12	4	25	87
2076	2081	2102	2107	2124	2131:860:66	437	225	45	12	75
2071	2072	2087	2101	2102	2108:2830:841	416	1045	149	350	29
2	729	1687	1728	2071	2076	2087	2100	2102	2120:10850:1516	8	4	79	1283	412	3850	245	3174	279
2	1672	1688	1741	2081	2082	2096	2107:2456:829	216	4	66	779	383	150	29
2	1670	1728	2075	2081	2082	2096	2120:4325:1441	87	129	483	1416	95	241	433
5	1817	2081	2082	2107:1581:212	29	512	741	87
5	1690	1789	1890:269:212	12	20	25
2075	2079:104:54	50
1740	1892	2101	2115:185:16	62	91	16
1267	1689	1779	2080	2096:530:37	12	66	295	120
1689	2081	2096	2115	2121:2447:20	924	737	108	658
5	601	1690	1890:158:133	8	16	1
1603	1686:62:58	4
2	1690	1926	2071	2076	2081:3851:1287	87	162	962	533	820
1616	1812	2126:169:83	20	66
1689	2075	2102	2127:281:12	45	208	16
2	1794	1926	2080:816:400	25	58	333
6	2070	2075	2086	2101	2125:1589:283	62	162	533	237	312
5	1790	1890	2074	2080	2100	2115	2121:10979:1866	379	295	254	1491	112	2087	4495
2	1826	2071	2076	2081	2086	2095	2101	2116	2130:9495:2112	124	1666	866	2108	950	212	500	620	337
1246	1673	1690	1745	1960	2080	2107	2116:534:12	108	8	29	24	304	29	20
1689	1755	2109	2125:142:8	8	1	125
2	1671	1741	2080	2108:781:358	45	33	341	4
5	1672	1764	1890	2087	2102	2107:2759:416	145	179	129	1016	837	37
1925	2079	2125:120:29	37	54
1483	1671	1905	2086	2102	2114	2121:659:29	133	87	33	266	12	99
4	75	1775	1985	2080	2101	2107	2115	2121	2130:12638:1795	800	929	154	975	712	954	1691	4162	466
1687	1925	2080	2108	2125:144:4	29	62	12	37
4	2080	2086	2125	2131:4748:675	512	841	787	1933
4	1671	1798	1941	2071	2076	2080	2082	2115	2121	2131:8947:475	162	175	154	1300	320	879	933	783	3654	112
5	110	1672	1688	1817	1953	2081	2095:1913:279	345	162	4	154	29	920	20
124	1686	1890	2108:57:29	4	8	16
5	1690:124:116	8
1	1566	1690	1745	2101	2108	2116	2124	2131:1137:512	141	20	37	225	12	154	12	24
2	1780	1926	2108:352:274	4	70	4
573	1751	1967	2070	2076	2081	2086	2096	2101	2115	2121:9449:4	166	91	374	429	1762	1158	183	337	766	4179
1672	1740	1959	2081	2101	2115	2124	2131:859:104	20	33	395	254	20	29	4
2	1673	1689	1728	2101	2131:882:575	179	8	4	79	37
1390	1740	2070	2076	2079	2086	2101	2115:1943:29	62	79	179	108	716	483	287
2	1690	1795	2081	2100:1061:408	4	58	533	58
5	618	1688	1794	2070	2075	2086	2101	2125:1551:204	37	12	104	129	133	570	150	212
1	1525	1690	1869	1970	2075	2100	2116	2121	2125	2131:12464:2458	841	95	229	41	45	20	945	3716	1445	2629
1690	1907	2071	2076	2095	2108	2116	2121	2125	2131:4312:45	216	1387	254	95	29	387	1729	37	133
1	1512	1687	1790	1904	2071	2072	2096	2102	2115	2121	2131:9682:1629	208	8	166	141	962	391	754	370	1225	2449	1379
2	2080	2087	2107	2115	2130:3227:987	766	750	50	662	12
2	1030	1689	1826	2116	2125	2131:1118:575	4	20	29	87	66	337
1795	2081	2126:469:41	358	70
4	154	1672	1751	1941	2080	2082	2115	2121	2131:10570:991	37	262	562	150	1187	1533	879	4870	99
1672	1688	1794	2071	2076	2079	2096:1580:120	4	154	808	124	95	275
1672	1687	1820	1941	2071	2076	2095	2101	2121:1884:333	12	162	154	308	345	4	508	58
5	1745	2081	2101	2116:2214:433	191	762	666	162
5	2071	2072:786:195	379	212
1	1545	1688	1929	2070	2076	2126:1222:783	145	12	75	8	195	4
1233	1673	1689	2080	2115:482:25	125	4	166	162
1670	1689	2071	2076:439:12	16	345	66
1670	1690	1740	2070	2075	2080	2082	2108	2115:934:62	20	62	4	62	204	350	4	166
5	2079	2082	2115	2125:1385:295	200	591	270	29
2	1926	2070	2075	2080	2086	2095	2101:3941:1162	158	45	133	741	662	174	866
1935	2076	2081	2125	2131:2068:83	204	870	270	641
1687	1832	2108:16:4	8	4
2	563	1789	1914	2070	2075	2096	2102	2130:3376:1162	37	312	233	358	250	245	775	4
1381	1689	1925	2082	2125:264:20	12	58	116	58
1672	1806	2070	2076	2079	2086	2096	2116	2125	2131:10157:337	395	1183	737	237	974	1737	1216	862	2479
1669	1841	1935	2082	2125	2131:943:16	8	62	29	120	708
1625	1690	2080	2082	2124	2127:410:58	4	150	108	45	45
1651	1689	1926	2082	2095	2114:450:145	16	70	166	24	29
1349	2086	2101	2107:136:8	12	100	16
1333	1689	2070	2075	2086	2096	2126:588:33	16	16	66	212	116	129
1591	1914	2079	2086:661:58	95	129	379
563	1687	1847	2071	2076	2080	2125	2130:1226:16	12	12	637	179	116	250	4
499	1690	2071	2076	2080	2086	2101	2115	2121:11625:70	66	2054	854	1820	1708	1225	758	3070
1597	2121	2125	2131:2548:166	1183	354	845
1758	2080	2101	2102	2111	2131:1356:20	154	183	270	100	629
2	1713	1914	2071	2076	2080	2096	2101	2116	2121	2130:9962:929	108	429	1595	500	1062	537	945	454	3195	208
5	1688	2081:324:116	4	204
1	1451	1817	1921:585:416	74	41	54
4	1689	2070	2075	2081	2082	2087	2096	2116	2121:10070:1079	12	129	554	2166	595	1245	558	370	3362
5	1689	1713	1925	2081	2095	2116	2121	2125:4383:491	4	149	354	1270	29	16	1970	100
1774	2086	2101	2125:335:45	54	191	45
1672	1713	1960	2075	2081	2096	2101	2108	2116	2121:11100:441	212	150	354	2499	774	1616	1	795	4258
5	2071	2076	2095	2101	2102:1347:258	549	112	12	41	375
5	1689	1818	1890	2096:377:216	25	12	20	104
2	1688	1713	2080	2082	2097	2116	2121	2126:11505:1729	12	237	1979	2612	145	404	4333	54
1551	1916	2096	2124:223:79	66	62	16
5	1688	1801	1890	2107:202:137	4	25	20	16
5	1671	1751	2075	2081	2111	2115	2121:10605:1279	116	300	20	1879	29	1770	5212
1672	1690	1902	2114	2121	2131:872:112	16	54	45	75	570
150	1688	1795	1935	2071	2081	2107	2125	2131:3987:58	12	266	220	699	1054	91	429	1158
7	1690	1756	2070	2075	2080	2095:505:95	8	45	25	24	279	29
1594	1673	1690	2071	2076	2080	2096	2116	2121	2126:11000:529	370	37	2054	525	1770	408	537	4466	304
5	1890	2107:203:162	16	25
1795	1925	2070	2076	2079	2111	2125:696:41	91	83	87	49	187	158
1547	1672	1688	1735	1914	2070	2075	2082	2087	2096	2115:10374:91	579	37	108	241	775	466	2733	3345	1412	587
1406	1673	1826	2075	2080	2101	2111	2116:1043:179	183	41	12	233	129	104	162
4	1670	1689	2096	2108	2116	2121	2125:5858:1133	12	54	520	91	174	3008	866
1516	1673	1914:153:54	75	24
1670	2071	2076	2080	2115:1239:41	641	212	179	166
1689	2081	2095	2126:445:1	366	16	62
1653	1798	1954	2081	2082	2115	2121:5554:395	100	108	1049	366	916	2620
5	273	1779	1890	2101	2108:1031:437	4	158	170	254	8
5	2082	2108:261:91	162	8
1690	1779	2081	2107	2115	2121:580:8	12	479	20	49	12
1569	1672	1946	2101	2108:381:58	99	20	200	4
4	1689	1795	1941	2071	2081	2096	2101	2107	2131:3499:620	12	95	166	995	908	225	400	41	37
924	1688	1922	2080:194:8	8	12	166
9	1231	1933	2081	2082	2116:1617:16	45	70	591	745	150
1688	1740	2071	2076	2080	2102	2115	2125:2396:8	70	858	358	287	445	300	70
1740	2071	2076	2080	2115	2124:1718:37	841	158	479	129	74
1671	2124:45:25	20
5	1687	2076	2081	2082	2087	2096	2102	2108:6155:554	1	641	1379	191	1887	191	1295	16
1477	1690	1738	1914	2070	2075	2096	2101	2115:1367:79	8	12	70	95	154	229	358	362
1571	1688	2124	2131:95:25	8	8	54
2	1061	1670	1741	2071	2075	2086	2101:3339:1150	29	83	75	337	287	908	470
1689	1780	2071	2076	2081	2086	2100:3501:58	120	1062	325	870	825	241
2	1811	1890	2070	2075	2086	2094	2101	2120:11038:2933	529	1770	462	891	1812	154	1458	1029
2	1914	2071	2076	2100	2108:1509:595	129	604	120	45	16
1689	2075	2080	2095	2102	2127:490:1	70	270	4	104	41
100	1804	2080	2101	2131:1927:391	145	550	212	629
1688	1740	2071	2081	2082	2115:1231:12	8	479	558	8	166
1	1510	1670	1687	1929	2082	2102	2116	2121:11184:1849	216	79	4	295	2454	679	354	5254
1670	1689	1806	1907	2116	2125	2131:210:29	8	41	29	70	4	29
1292	1688	2071	2076	2082:956:66	4	683	141	62
1926:16:16
5	1673	1690	2071	2076	2095	2107	2125:1597:479	137	29	729	104	66	49	4
1	1544	1890	2075:673:549	75	37	12
1690	2070	2076	2081	2095	2107:964:12	200	99	575	24	54
4	1804	2080	2096	2111	2131:1085:312	87	437	87	25	137
5	1673	1690	2070	2076	2096:843:191	158	20	179	141	154
1341	1739	2080	2087	2101	2114	2121:2013:137	20	450	875	124	162	245
1687	1902	2071	2076	2115	2121	2131:3572:12	208	908	358	95	733	1258
5	1671	1688	1929	2070	2075	2111	2121:3343:512	212	8	200	233	358	1004	816
2	1672	1689	2082	2096:964:400	87	24	362	91
5	1817	2080	2130:482:183	12	275	12
535	2083:8:4	4
2	1831	2115	2121	2125	2130:4164:1245	83	312	1983	475	66
6	1234	1741	2071	2072	2080	2086	2096	2101:10675:879	204	324	2912	891	1862	2208	766	629
1670	2079:45:12	33
1758	1913	2080	2086	2125:568:62	91	287	33	95
5	1890	2082	2116:1227:299	4	837	87
2	1914	2071	2081	2102:2948:812	166	912	779	279
1384	1826	2071	2076	2096	2116	2124:1051:41	45	579	154	125	87	20
2	418	1670	1741	1892	2087	2096	2102:4617:1025	45	29	233	145	1941	620	579
4	72	2071	2076	2080	2086	2095	2120	2131:11313:1154	775	2687	1137	1512	641	45	375	2987
1454	1673	1687	1926	2070	2075	2082	2096:1107:150	200	4	58	29	187	79	400
4	1688	1798	1890	2071	2076	2080	2086	2101	2107	2115	2121:9493:1070	24	87	195	1225	741	741	308	241	125	995	3741
1397	1772	1925	2115	2125:364:37	20	54	208	45
1672	2086	2096	2101:236:54	20	29	133
1588	1669	1688	1914	2075	2100	2130:252:33	4	4	20	154	8	29
1511	1690	1775	1924	2095	2115	2121	2124	2131:3721:83	50	237	183	41	795	2120	83	129
1	1488	1689	1890:415:375	16	8	16
4	1758	1911:390:266	58	66
1804	1922	2071	2076	2080	2086	2101:4579:187	295	1233	495	891	1066	412
94	1739	2082	2102	2108	2114	2121	2126:2091:279	20	950	591	16	95	49	91
4	1758	1970	2080	2087	2096	2102	2125	2131:5475:800	187	16	820	862	241	650	495	1404
4	214	1758	1890	2071	2076	2086	2094	2101	2121	2123:11446:1395	466	979	1879	1891	1100	1154	79	1500	841	162
4	1690	1798	1985	2080	2100	2115	2121	2130:11925:1695	91	683	16	1833	137	2325	4100	1045
1	1476	1672	1798	2075	2079	2100	2108	2115	2121:10275:2612	179	354	375	104	262	49	37	1591	4712
653	1960	2081	2101:444:12	4	295	133
2	1729	2081	2095	2115:1607:624	66	575	1	341
1434	1795	2081:323:41	45	237
504	2086	2096	2101:952:20	508	183	241
5	2101	2107:145:120	1	24
3	1671	1925	2080	2095	2125:735:270	41	87	233	25	79
1818	2107:24:20	4
1423	1690	2075:69:37	16	16
1575	1690	1907	2096	2107	2131:118:24	8	20	25	12	29
2	1686	2075	2081	2126:752:291	4	12	412	33
1247	1673	1817	1943	2070	2075	2095	2111:1243:100	83	33	70	87	104	33	733
2	1832	2081	2125	2131:1138:395	37	420	120	166
1690	1944	2096:57:4	12	41
3	2095	2115:561:308	16	237
1645	1826	2080	2082	2116:1194:200	58	237	558	141
1671	1795	1925	2071	2076	2079	2087	2095	2125:4301:204	208	225	262	420	212	2262	175	333
73	1922	2082	2102:623:204	20	141	258
2079	2082	2115	2124:278:29	191	33	25
1499	1900:37:4	33
1581	1915	2082	2125:607:37	37	429	104
7	1912	2126:198:95	66	37
1713	1914	2071	2076	2080	2082	2096	2116	2121	2130:9672:58	225	1316	733	1108	1158	300	400	4345	29
1672	1690	2071	2076	2081	2095	2115	2120	2124	2127:5994:458	99	1629	587	1474	345	1016	116	158	112
5	1817	2082	2126:602:183	41	333	45
9	1811	2070	2075	2096:593:12	91	58	62	370
2	85	1689	1826	2071	2076	2079	2096	2116	2119	2125	2131:10683:1554	2454	125	895	2304	945	112	550	479	162	370	733
2	1671	2086	2096	2101	2108	2116	2121	2125	2131:11297:1929	541	750	775	1108	8	841	3958	358	1029
2	1687	1781	1926	2096	2108:515:325	8	25	58	70	29
2	1914	2100	2108	2116	2121:3377:1104	125	216	12	358	1562
1688	1795	2108:41:8	29	4
2	1672	1687	1741	1912	2071	2076	2086	2096	2101	2108	2126:9541:2308	450	8	275	291	2837	508	2091	154	299	33	287
2	1794	1914	2071	2081	2086	2099	2107	2114	2130:10972:2029	704	341	2258	2533	2416	29	54	8	600
1926	2075	2080	2096	2102	2116:2039:120	4	558	350	820	187
1655	1763	1926	2096	2101	2115:1009:154	87	95	420	220	33
5	2071	2081	2086	2095	2101	2107	2115:5829:645	1020	1245	1216	287	508	129	779
1499	1900:41:4	37
5	1758	1929	2081	2102:1714:470	162	112	604	366
1532	1925	2080	2082	2125:935:104	66	195	433	137
1672	1690	1779	1929	2082	2108	2126:551:95	12	54	58	258	16	58
5	1670	1687	1911	2082:781:187	29	12	91	462
1411	1740	2071	2076	2080	2102	2115	2124	2127:3387:270	49	1025	437	695	425	337	79	70
1297	1689	2080	2082	2107	2115:1302:25	4	241	841	33	158
3	1687	2081	2101:682:300	4	358	20
723	1779	1935	2071	2076	2082	2087	2107	2115	2121	2125	2131:11194:45	333	162	2116	391	412	4137	233	437	629	795	1504
1673	1690	1955	2071	2076	2096	2116	2125	2131:5271:633	24	16	1604	454	391	258	566	1325
1890	2082	2087:1674:62	629	983
5	1688	1751	2080	2082	2111	2115	2121:12472:1600	25	670	1625	1595	337	2433	4187
1687	2081	2115	2124	2127:723:4	579	41	66	33
2	1690	2096:536:420	8	108
5	1672	2096	2102:394:129	54	74	137
1688	2080	2115:703:4	362	337
2	651	2071	2076	2087	2102	2120	2125:12792:2266	66	2429	808	3541	2108	587	987
1325	1671	1748	2082	2107	2115	2125:1238:112	49	33	620	8	200	216
1794	2083:28:16	12
1233	2080	2082	2111	2115:2424:75	150	1058	500	641
2	1690	1826	1948	2071	2076	2082	2095	2116:4804:1187	41	262	79	949	416	1433	83	354
2	1745	2071	2076	2096	2116	2125	2131:11971:1825	583	1829	820	1312	1491	1366	2745
2	1914	2076	2081	2101:1852:658	87	129	666	312
2	1688	1826	1948	2071	2076	2096	2116:2580:754	4	133	50	949	258	174	258
2	1739	1914	2070	2075	2082	2095	2114	2121:11621:2529	304	558	1066	854	2745	704	795	2066
1465	1902	2115	2121	2131:1318:33	70	29	591	595