12	1677	2044	2079	2087	2095	2097	2102	2110	2119	2129:5118:908	445	350	1049	187	70	445	158	187	949	370
1167	1683	1686	2069	2074	2079	2087	2093	2097	2102	2109	2113	2118	2129:1985:25	124	4	350	116	12	66	70	154	66	37	270	554	137
15	1685	2083	2087	2092	2099	2102	2109	2130:2259:879	29	441	95	245	50	112	179	229
10	1680	1685	1973	2067	2072	2085	2087	2093	2100	2102	2108	2114	2120	2128:2936:58	337	16	8	633	675	387	91	162	8	104	4	195	179	79
519	1684	1863	2000	2067	2073	2083	2087	2098	2102	2109	2118	2126	2129:2464:70	29	183	33	466	191	162	58	66	62	33	850	95	166
14	1675	1685	1737	2069	2074	2078	2084	2087	2099	2102	2110	2113	2118	2123	2129:1818:154	104	20	16	233	100	195	108	41	58	62	29	145	429	41	83
288	1678	1702	2058	2069	2074	2078	2086	2087	2093	2102	2109	2113	2120	2122	2130:1967:12	104	70	200	187	37	341	124	37	62	41	37	200	458	20	37
11	1668	1687	1728	2078	2086	2087	2094	2102	2109	2114	2120	2123	2129:2898:366	79	1	95	787	191	91	120	108	108	187	487	83	195
806	1679	2024	2069	2074	2084	2087	2098	2102	2113	2118	2123	2127:2874:54	216	158	670	191	241	87	133	54	358	575	50	87
10	472	1685	2068	2074	2085	2087	2102	2110	2114	2117	2122	2129:2636:50	37	29	391	87	341	79	91	66	83	1145	83	154
1072	1686	1702	2068	2073	2077	2087	2092	2098	2102	2113	2120	2124	2130:1935:41	16	150	279	200	420	33	33	70	50	170	408	45	20
13	905	1676	1686	1869	2009	2067	2072	2083	2093	2097	2102	2129:6125:837	129	608	50	562	200	1229	979	245	329	495	133	329
14	1674	1704	2053	2079	2085	2087	2092	2097	2102	2111	2112	2118	2124	2129:1881:200	141	141	162	83	166	25	95	129	37	37	191	379	8	87
9	1244	1681	1993	2067	2073	2085	2095	2099	2102	2110	2119	2126:4157:33	33	416	87	1191	558	633	37	29	112	150	683	195
15	1687	2030	2068	2073	2078	2094	2097	2102	2107	2120:4354:779	4	200	916	245	783	145	337	79	16	850
14	1674	1984	2069	2074	2079	2084	2087	2094	2097	2102	2109	2112	2119	2129:1735:162	133	70	225	112	58	104	37	4	162	16	37	191	341	83
1005	2069	2087	2097	2109	2119:1248:100	550	74	287	100	137
13	572	1679	1848	2067	2074	2084	2087	2095	2098	2102	2109	2112	2117:3177:250	12	291	41	562	112	279	83	8	70	70	58	308	1033
14	617	1683	1685	2025	2067	2072	2084	2087	2097	2102	2109	2112	2120:2492:266	20	145	12	145	470	308	191	58	216	70	33	250	308
14	1680	1864	2008	2068	2073	2077	2083	2087	2094	2097	2102	2107	2114	2117	2123	2127:1701:100	116	33	62	216	145	187	100	12	8	70	33	8	54	445	62	50
15	1676	2026	2069	2074	2078	2086	2087	2095	2100	2102	2111	2126:3995:662	425	216	908	141	691	362	70	4	75	100	137	204
12	1678	1716	2000	2068	2073	2077	2083	2093	2099	2102	2109	2116	2119	2126	2129:2476:116	170	25	70	349	258	433	129	75	66	50	37	150	391	70	87
1680	1686	1732	2067	2072	2078	2085	2087	2094	2098	2102	2112	2118	2123	2128:2323:137	4	1	337	270	399	191	37	79	83	58	195	354	70	108
14	623	1682	1685	1821	1974	2069	2074	2077	2083	2087	2098	2102	2108	2114	2117	2123	2127:1706:116	8	125	4	8	33	191	62	329	45	12	100	37	1	45	491	33	66
1264	1682	1684	1834	2068	2073	2079	2084	2087	2093	2099	2102	2112	2119	2123	2128:1751:20	162	4	8	320	145	4	116	45	54	8	50	208	454	70	83
14	1686	2067	2072	2077	2085	2100	2102	2109	2112	2119	2122	2128:4249:433	4	691	558	1029	220	37	100	70	379	420	154	154
993	2085	2087	2094	2102	2111	2123	2128:1701:54	775	70	62	150	137	162	291
977	1679	1702	2077	2085	2087	2094	2099	2102	2109	2113	2120	2124	2130:2623:62	191	245	754	333	58	62	100	41	20	183	483	37	54
12	1701	2067	2072	2077	2083	2087	2094	2099	2102	2110	2115	2118	2128:1840:112	100	179	200	391	70	37	75	37	50	33	20	470	66
783	1684	2028	2068	2073	2078	2084	2087	2094	2100	2102	2109	2120	2131:2009:24	12	154	420	187	266	162	45	37	41	66	33	554	8
544	1677	2006	2077	2087	2093	2100	2102	2111	2113	2118	2124	2128:3714:16	391	195	1237	87	116	87	129	116	300	837	8	195
13	279	1681	1960	2069	2074	2087	2098	2102	2118	2122	2129:3106:291	70	241	12	625	166	120	195	95	979	137	175
9	1129	1686	2077	2087	2102	2111	2114	2119	2123	2128:4932:95	79	37	2595	216	154	183	325	733	220	295
14	745	1665	1688	1847	2068	2073	2083	2087	2095	2097	2102	2109	2112	2120	2130:1892:220	1	129	4	29	379	175	83	75	8	170	45	45	216	312	1
562	1841	2014	2069	2074	2078	2083	2087	2094	2099	2102	2108	2114	2121:2294:29	25	154	433	91	766	333	66	100	49	70	8	150	20
873	1684	1858	2069	2075	2083	2087	2102	2108	2114	2117	2123	2128:3273:87	29	191	441	8	220	95	91	29	50	1658	120	254
15	1329	1680	1735	1977	2079	2087	2100	2102	2108	2120:8299:2204	420	1574	654	229	762	175	391	258	162	1470
1685	2068	2074	2083	2087	2093	2098	2102	2109	2123	2127:1920:50	520	62	354	83	204	141	145	66	87	208
905	1683	2069	2074	2079	2087	2100	2102	2110	2112	2120	2123	2130:2649:24	387	720	125	129	120	8	83	79	558	229	58	129
439	1680	1688	1856	2038	2078	2087	2095	2102	2109	2114	2119	2122	2130:4475:225	454	4	8	408	1570	175	16	120	137	1	1016	258	83
9	1177	1674	1684	1728	2070	2075	2077	2087	2094	2097	2102	2114	2120	2123	2129:1957:25	54	204	29	33	200	66	591	58	33	229	50	137	116	41	91
561	1678	2028	2069	2074	2078	2084	2087	2102	2110	2124:3754:99	333	254	729	320	1104	612	100	87	83	33
1676	1689	2067	2072	2078	2083	2087	2095	2097	2102	2114	2119	2124	2130:2228:183	1	437	270	225	125	33	20	170	62	133	483	41	45
969	1676	2067	2072	2087	2092	2097	2102	2123	2128:3594:58	512	970	641	70	258	312	191	249	333
15	1144	1666	1684	2068	2073	2079	2083	2087	2098	2102	2107	2119:2881:520	25	137	20	666	291	108	154	54	137	79	20	670
269	2042	2086	2087	2092	2099	2102	2109	2114	2117	2126	2127:4286:591	420	337	158	158	95	133	112	125	1841	212	104
14	857	2068	2073	2079	2084	2087	2097	2102	2111	2112	2121	2123	2130:1803:170	8	337	108	133	137	58	129	50	58	295	204	37	79
352	1675	1685	1858	1890	2072	2083	2087	2093	2097	2102	2114	2117	2123	2130:3027:208	245	29	287	4	137	204	91	120	237	79	45	1158	33	150
1679	2083	2087	2100	2102	2110	2125	2129:1717:491	595	104	37	162	150	16	162
1678	1687	2068	2074	2084	2093	2102	2122:2543:475	4	699	150	683	212	104	216
964	1681	1684	1841	2000	2069	2074	2085	2087	2094	2102	2108	2114	2121	2126	2129:2750:104	304	58	1	100	408	137	354	133	154	54	41	266	212	124	300
403	1674	1684	1871	1890	2069	2074	2078	2087	2093	2102	2108	2112	2120	2123	2130:2238:41	212	12	229	8	333	133	320	45	58	54	33	229	395	70	66
14	602	1669	1866	2019	2069	2074	2084	2087	2093	2097	2102	2111	2112	2120	2130:1996:150	20	20	83	104	391	141	162	41	54	158	45	45	279	287	16
14	1684	1711	1978	2069	2074	2087	2092	2099	2102	2108	2114	2119	2123	2127:2677:241	41	166	12	783	129	83	166	83	91	41	25	629	50	137
12	1858	2070	2075	2077	2083	2087	2093	2100	2102	2109	2114	2117	2124	2127:1848:195	29	125	54	441	120	33	54	37	58	8	54	620	16	4
1683	2069	2074	2084	2087	2100	2102	2109	2123	2130:2546:587	579	33	766	112	29	141	104	112	83
141	1674	1974	2068	2073	2087	2093	2097	2102	2113	2118	2123	2127:3003:20	200	8	658	287	100	95	258	58	495	616	54	154
14	1668	1711	2067	2072	2079	2084	2087	2092	2100	2102	2109	2114	2119	2122	2128:1745:191	45	54	274	187	83	112	33	70	20	45	33	70	450	45	33
13	1674	1684	2058	2067	2073	2085	2087	2093	2102	2112	2119	2122	2130:1807:120	104	12	158	300	229	108	37	54	49	200	358	58	20
13	179	1681	2009	2067	2073	2087	2094	2100	2102	2110	2113	2118	2129:2617:175	16	220	91	591	191	70	58	20	62	50	216	741	116
14	1674	2015	2079	2085	2087	2102	2110	2114	2117	2123	2128:2253:312	166	112	120	225	79	70	54	100	866	58	91
14	1678	1711	2078	2087	2093	2102	2109	2114	2119:5059:999	687	279	1354	208	183	154	91	250	854
1667	2043	2087	2099	2102	2113	2118:1634:216	379	116	75	120	483	245
12	1666	2070	2074	2078	2086	2087	2094	2100	2102	2109	2118	2128:1856:208	91	187	100	437	33	41	41	45	62	37	495	79
12	2040	2068	2073	2077	2085	2087	2093	2100	2102	2108	2119	2129:1928:141	120	337	133	475	137	29	50	41	62	8	316	79
14	1685	2024	2077	2083	2087	2093	2100	2102	2107	2114	2117	2123	2127:1958:166	8	75	604	70	50	100	54	45	4	79	575	87	41
12	1665	1858	1892	2072	2083	2099	2102	2109	2114	2117	2122	2128:3801:416	308	141	12	195	241	91	120	100	37	1720	183	237
13	1675	1685	1826	2068	2074	2084	2087	2092	2100	2102	2109	2119:2593:270	279	20	29	554	191	295	116	133	54	66	91	495
13	724	1685	2069	2074	2086	2087	2098	2102	2112	2120:4550:766	45	29	1050	191	508	204	241	137	779	600
14	1668	1984	2067	2072	2085	2087	2093	2100	2102	2109	2129:2237:291	83	70	704	312	312	75	75	54	66	50	145
455	1678	2087	2094	2098	2102	2110	2122	2128:1804:162	462	83	162	216	87	70	200	362
733	1682	1684	2085	2087	2102	2124	2130:1396:50	395	16	641	79	108	87	20
12	1303	1679	1686	2079	2084	2087	2097	2102	2109	2113	2117	2126	2127:1916:175	4	191	4	79	108	54	179	62	41	183	687	91	58
976	1666	1984	2070	2074	2079	2086	2087	2093	2102	2110	2120	2125	2129:2190:37	129	108	170	62	120	158	62	116	104	87	841	1	195
14	1166	1667	1685	2069	2075	2079	2084	2087	2093	2099	2102	2111	2113	2117	2128:1786:204	20	49	4	204	54	1	125	50	75	49	58	45	120	645	83
1025	1686	1702	2079	2086	2087	2094	2102	2111	2113	2120	2128:4486:116	33	545	458	158	229	345	179	183	691	1245	304
541	1675	1685	1960	2070	2075	2087	2102	2109	2112	2122	2129:6287:225	762	37	133	1045	229	191	325	504	1716	375	745
1677	1684	1979	2067	2073	2083	2087	2093	2099	2102	2109	2113	2117	2122	2127:3274:262	29	12	733	179	141	58	95	4	58	70	183	1225	125	100
12	1678	2067	2073	2079	2084	2087	2094	2099	2102	2108	2113	2117	2122	2128:1750:87	116	316	204	37	125	37	37	25	41	20	70	495	70	70
14	693	1668	1684	1849	2068	2073	2079	2085	2087	2093	2098	2102	2107	2112	2118	2128:1741:200	12	50	8	45	300	204	8	112	41	62	75	29	16	150	350	79
462	1666	1687	1837	2068	2073	2087	2097	2109	2124:3190:337	500	12	304	1020	195	99	495	195	33
13	1740	2058	2069	2087	2098	2102	2111	2118	2122	2130:4761:491	325	516	1374	154	266	166	145	925	245	154
12	1835	2000	2067	2073	2087	2093	2102	2109	2116	2117	2126	2129:3114:237	91	66	583	358	66	129	37	45	225	958	99	220
12	1266	1676	1685	1857	2047	2079	2085	2087	2102	2111	2116	2117:2472:208	16	208	24	66	229	16	270	70	33	70	125	1137
356	1681	2067	2072	2078	2083	2087	2093	2097	2102	2113	2118	2124	2127:1972:62	145	379	208	129	83	24	41	66	45	150	579	20	41
1668	1707	1970	2069	2078	2087	2099	2102:1712:62	275	37	149	841	120	91	137
1666	1686	2087	2099	2102	2109	2128:855:266	41	112	66	125	104	141
15	1977	2067	2072	2078	2083	2087	2098	2102	2120:5299:1341	37	1345	545	1262	212	104	191	104	158
13	884	1686	1826	2067	2072	2077	2087	2095	2097	2102	2119	2130:2059:145	45	8	20	420	316	450	45	12	195	62	325	16
1174	1682	1684	1853	2015	2067	2072	2078	2083	2087	2094	2098	2102	2109	2114	2117	2123	2128:1702:12	75	4	25	54	287	229	170	45	25	62	66	33	33	75	400	45	62
14	1285	1674	1684	1704	2001	2077	2085	2087	2093	2102	2108	2112	2118	2122	2129:2194:204	12	154	4	162	66	487	166	25	54	54	4	191	445	79	87
13	953	1676	1687	2068	2084	2087	2093	2099	2102	2111	2113	2117:3632:233	120	316	12	604	358	83	125	58	75	116	241	1291
1684	1857	1888	2068	2073	2083	2087	2093	2098	2102	2111	2116	2117	2126	2127:2785:33	137	58	570	170	154	54	62	129	62	66	212	904	95	79
1723	2069	2073	2077	2084	2087	2092	2099	2102	2107	2113	2119	2123	2130:1905:24	204	166	500	158	25	62	45	58	1	83	500	25	54
1687	2068	2073	2077	2085	2087	2099	2102	2108	2112	2117	2122	2127:2365:8	345	141	550	137	50	37	62	25	216	670	70	54
1666	1685	1863	1974	2068	2073	2079	2083	2087	2098	2102	2109	2118	2123	2127:1993:104	12	124	25	337	212	75	141	54	99	58	20	662	12	58
11	2069	2074	2084	2087	2102	2111	2116	2119:3139:354	554	166	562	150	104	133	100	1016
10	1681	1729	1977	2068	2073	2078	2087	2097	2102	2120:5498:316	545	16	87	1233	383	1241	195	591	204	687
847	1680	1684	1741	2068	2073	2085	2087	2099	2102	2109	2113	2118	2123	2131:2622:54	283	33	8	520	237	245	91	100	87	70	283	541	58	12
14	1214	1675	2069	2074	2086	2087	2102	2110	2112	2121:2495:475	37	245	579	145	170	79	83	79	320	283
12	1084	1677	2067	2073	2083	2087	2099	2102	2108	2114	2118	2123	2128:1930:112	12	145	333	220	116	58	70	41	16	104	583	50	70
1680	1686	2087	2097	2102	2120	2123	2130:1418:416	4	104	462	137	8	150	137
9	1219	1676	2078	2087	2102	2109	2113	2118	2122	2129:4933:141	100	516	1450	187	129	91	795	1004	275	245
746	1681	1977	2069	2074	2078	2084	2098	2102	2114:4254:62	900	54	883	62	704	770	241	183	395
514	1682	1685	1985	2068	2073	2085	2087	2102	2122	2130:3692:33	604	29	37	1441	308	725	195	133	162	25
14	1340	1679	1684	1702	2012	2078	2087	2095	2102	2110	2113	2120	2122	2131:2448:291	12	200	12	154	87	475	58	58	75	20	245	629	95	37
14	1381	1682	2070	2079	2085	2087	2102	2109	2123	2130:6104:1995	33	950	4	450	1470	212	266	150	295	279
14	975	1665	1847	2069	2074	2083	2087	2097	2102	2110	2112	2120	2129:1987:225	41	150	50	254	104	150	50	191	62	20	308	308	74
965	1667	2067	2072	2077	2084	2087	2093	2099	2102	2109	2126:8097:137	170	1445	1304	2649	1224	175	245	279	291	108	70
14	1678	1849	1973	2070	2074	2087	2094	2102	2107	2112	2118	2124	2128:2234:270	300	104	16	200	100	79	87	58	4	250	637	4	125
12	1677	1684	2009	2079	2087	2097	2102	2111	2116	2118	2129:5723:1050	1116	54	216	420	170	416	216	258	479	949	379
14	1684	2042	2068	2073	2087	2094	2097	2110	2114	2117	2126	2127:2266:179	25	125	420	237	62	33	183	50	91	779	66	16
1288	1676	1741	2044	2077	2085	2087	2098	2102	2110	2113	2118	2124	2129:2504:8	220	29	200	700	170	54	83	50	54	241	500	4	191
9	1678	1685	1718	2009	2068	2073	2079	2097	2102	2109	2121	2129:3652:191	395	12	20	145	1029	366	283	550	133	129	183	216
248	1681	1684	1994	2067	2072	2087	2098	2102	2111	2122:3736:529	475	24	162	1108	570	95	183	145	179	266
14	1681	1684	2087	2100	2102	2110	2122	2128:3359:1316	616	58	166	54	225	175	337	412
10	1985	2087	2098	2102	2109	2122:657:125	50	83	125	87	75	112
1674	1687	2009	2072	2085	2087	2094	2098	2102	2116	2117	2129:3696:441	45	33	129	358	87	75	129	104	429	1654	212
1686	2042	2070	2079	2087	2098	2102	2111	2116	2117	2126	2127:7433:12	258	141	362	158	475	158	208	2437	2429	758	37
1680	1684	2070	2075	2079	2084	2087	2094	2100	2102	2109	2124	2129:6144:1154	83	512	295	420	1579	183	345	354	191	225	195	608
13	751	1678	2068	2074	2085	2087	2099	2102	2109	2112	2119:2217:225	25	216	358	79	187	70	50	58	75	283	591
477	1684	2025	2070	2087	2099	2102	2109	2112:2263:200	79	350	174	158	33	204	195	870
12	1678	1719	2043	2078	2087	2099	2102	2113	2117	2127:3493:275	175	33	220	979	95	108	104	270	1233	1
1674	2067	2072	2079	2083	2093	2100	2102	2111	2118	2123	2128:2932:308	520	312	125	83	116	8	108	66	908	116	262
1684	1693	2000	2067	2073	2087	2093	2097	2102	2109	2113	2118	2126	2129:2181:8	170	79	375	266	54	75	170	45	70	150	541	87	91
11	1667	1687	2067	2072	2077	2084	2087	2092	2099	2102	2108	2114	2121	2124	2130:1737:95	66	4	320	195	458	100	37	41	33	62	20	137	120	41	8
13	2087	2097	2102	2124	2129:1339:441	125	491	70	4	208
14	1682	1684	1832	2072	2087	2094	2100	2102	2109	2113	2118	2129:3030:470	312	4	37	8	95	137	41	108	87	249	1320	162
456	1676	1684	2067	2072	2085	2087	2095	2102	2109	2116	2118	2123	2130:2319:58	204	20	387	287	200	66	4	95	62	50	741	45	100
9	1137	1670	1975	2067	2072	2077	2087	2095	2100	2102	2109	2113	2118	2123	2128:1747:4	8	12	37	354	179	341	41	20	8	66	58	199	379	16	25
12	1679	1689	1844	2043	2067	2072	2077	2085	2087	2098	2102	2111	2117	2124	2127:1760:137	79	4	8	70	270	179	262	129	25	54	45	16	462	4	16
14	1681	1832	2042	2068	2074	2084	2087	2094	2097	2102	2108	2113	2118	2126	2127:1930:175	166	8	66	245	79	112	50	25	120	33	16	162	591	70	12
247	1668	1688	1985	2069	2074	2087	2102	2111	2113	2118	2122	2130:4287:191	100	4	145	1020	158	179	204	141	704	1154	158	129
487	1676	1686	2067	2072	2078	2084	2087	2098	2102	2109	2113	2121	2123	2130:1859:8	141	12	383	166	370	95	37	87	62	45	175	212	33	33
13	370	1675	1685	2069	2075	2085	2087	2095	2100	2102	2108	2118	2124	2129:2070:233	8	204	8	379	70	179	66	8	45	79	25	633	25	108
1977	2068	2073	2078	2084	2087	2092	2100	2102	2114	2121:5120:37	1137	337	1408	1033	195	237	75	108	441	112
14	1666	2069	2073	2077	2087	2093	2102	2109	2112	2119	2122	2128:2673:237	87	354	195	716	45	95	75	58	291	333	87	100
404	1674	1687	1826	2058	2069	2074	2087	2095	2099	2102	2109	2119	2122	2130:2767:70	266	12	20	483	604	58	108	16	74	62	62	758	108	66
550	1674	1862	1895	2067	2087	2093	2102	2112:3604:179	579	720	91	583	137	208	120	987
12	1676	1687	1740	2049	2078	2085	2087	2098	2102	2110	2118	2128:2334:208	225	12	1	195	366	229	41	87	75	50	758	87
11	1677	1739	2067	2072	2078	2084	2087	2094	2098	2102	2114	2124	2130:1827:120	216	12	358	270	295	225	54	75	62	58	12	33	37
1674	1689	2069	2087	2095	2102	2113	2118	2123	2130:6808:2195	100	904	179	95	275	1099	966	558	437
1668	1686	2078	2084	2087	2098	2102	2114:2384:149	49	700	741	137	225	104	279
13	1679	1684	2072	2086	2087	2102	2108	2112	2117	2122	2129:4824:274	387	58	579	283	95	83	25	716	1891	200	233
1139	1668	1686	1692	2067	2072	2077	2084	2087	2099	2102	2112	2118	2123	2128:1773:4	37	1	137	229	112	370	141	33	70	41	137	366	41	54
1021	1675	2068	2073	2079	2083	2087	2098	2108	2113	2118	2123	2130:2094:29	183	375	216	20	141	58	120	33	245	579	33	62
15	1600	1681	2085	2087	2095	2099	2102	2109	2119	2126:4930:1908	25	462	1237	175	37	108	179	154	641	4
14	1068	1668	1719	2050	2067	2072	2077	2083	2087	2094	2098	2102	2108	2113	2117	2127:1696:145	8	50	29	116	254	179	270	70	20	20	62	25	4	120	312	12
258	1676	1686	1857	2051	2069	2075	2083	2087	2099	2102	2111	2116	2117	2123	2127:2167:125	170	8	45	108	200	50	24	79	70	37	33	291	783	24	120
14	318	2025	2068	2073	2084	2087	2097	2102	2109	2112	2120:2601:287	50	154	583	337	166	83	254	75	25	254	333
806	2024	2069	2073	2087	2098	2102	2109	2113	2118	2123	2127:3381:74	166	770	237	133	183	95	79	441	1020	50	133
461	1668	1684	1702	2061	2084	2087	2092	2102	2113	2120	2122	2128:3852:166	116	24	237	508	645	158	187	116	379	1058	100	158
829	1669	1686	2067	2072	2077	2102	2130:4418:191	25	8	1058	862	1800	216	258
1678	1702	2063	2069	2073	2077	2085	2087	2094	2102	2113	2120	2122	2130:2283:204	150	162	216	141	487	91	29	50	75	120	404	79	75
257	1669	1686	1699	2069	2073	2077	2087	2097	2102	2111	2114	2118	2123	2128:3489:200	29	12	208	437	250	575	95	270	70	87	245	766	83	162
1686	1857	2069	2074	2079	2084	2087	2094	2098	2102	2109	2116	2117	2126	2127:2560:8	124	441	112	12	120	58	12	125	87	50	304	929	87	91
382	1683	1685	2085	2087	2093	2097	2102	2110	2112	2126:4280:204	904	50	995	125	300	254	125	216	845	262
14	1678	1685	2015	2077	2084	2087	2100	2102	2114	2117	2123	2128:2471:275	200	8	100	516	295	54	20	75	120	675	58	75
13	747	1682	1832	2043	2067	2072	2084	2087	2093	2097	2102	2107	2113	2118	2124:1741:129	20	100	12	83	262	154	150	29	20	75	29	4	83	550	41
12	1255	1669	1684	2067	2072	2077	2085	2087	2094	2099	2109	2120	2130:2439:166	8	4	12	433	249	566	254	49	87	33	70	475	33
1665	1685	1953	2067	2072	2077	2085	2087	2100	2102	2111	2112	2117	2122	2127:2103:108	12	12	270	179	429	91	29	4	29	20	191	575	75	79
582	2070	2087	2095	2109	2112	2129:2543:50	204	87	116	166	1579	341
230	1680	1686	1973	2087	2102	2111	2112	2128:2175:337	500	16	45	108	204	104	645	216
14	663	1681	1984	2068	2074	2084	2087	2099	2102	2110	2114	2117	2125	2129:1990:187	4	150	33	325	187	133	58	16	45	41	12	666	8	125
447	1683	1686	1977	2067	2073	2083	2087	2094	2097	2102	2109	2112	2119:3440:79	341	12	75	670	491	166	87	41	325	79	104	458	512
12	2049	2078	2087	2098	2102	2109	2116	2118	2128:2392:141	191	262	83	129	79	66	154	1137	150
926	1682	1687	2085	2087	2099	2102	2109	2116	2119:2130:208	537	4	700	145	37	108	100	79	212
1680	1685	1985	2085	2087	2102	2110	2122	2130:1646:608	8	141	391	83	108	87	191	29
1665	1684	2065	2070	2087	2094	2099	2102	2109	2113	2118	2124	2129:2297:191	12	29	216	75	45	1	75	50	162	1187	54	200
1675	2068	2073	2078	2084	2087	2095	2098	2102	2110	2112	2120	2124	2130:2199:216	441	183	170	208	66	16	99	70	37	295	320	41	37
486	1667	2069	2074	2084	2087	2094	2097	2102	2108	2112	2119	2126	2130:2299:29	83	408	83	229	87	33	245	75	20	266	654	29	58
14	1337	1668	1685	2067	2072	2078	2085	2087	2093	2100	2102	2109	2112	2120	2123	2129:1753:179	12	45	8	258	187	200	125	29	41	66	50	33	179	229	58	54
1665	1873	2068	2073	2087	2093	2097	2102	2123	2130:4233:620	708	1037	383	166	312	579	141	179	108
14	592	1875	2068	2074	2078	2085	2087	2092	2102	2109	2112	2118	2128:1894:145	4	116	220	166	145	104	54	41	50	50	204	533	62
12	1679	1710	2000	2069	2074	2077	2098	2102	2110	2116	2119	2126	2129:1965:87	124	50	62	225	75	466	95	33	50	158	400	49	91
12	1667	1861	1974	2068	2073	2078	2083	2087	2099	2102	2108	2114	2117	2123	2127:1716:62	70	58	12	295	225	220	95	20	75	41	12	45	416	33	37
478	1675	1685	1719	2042	2069	2074	2085	2087	2092	2099	2102	2110	2113	2117	2126	2127:2155:12	170	4	16	158	308	58	137	62	58	79	66	41	212	695	50	29
14	254	1676	1686	1871	2068	2073	2084	2087	2093	2099	2102	2110	2112	2120:1830:183	54	133	4	141	291	191	120	37	70	12	45	29	187	333
1674	1686	1728	2009	2087	2102	2111	2114	2129:2040:670	66	87	274	145	158	154	41	445
496	1678	1688	1857	2043	2070	2079	2084	2087	2094	2099	2102	2116	2117	2127:2982:179	270	4	95	195	1	20	266	83	29	104	70	312	1325	29
13	1679	1686	2067	2072	2078	2087	2094	2097	2102	2108	2121:1920:187	191	4	433	333	258	58	24	175	70	8	179
14	1666	2004	2070	2085	2087	2098	2112	2119:6463:1454	404	162	949	791	220	500	1033	950
9	1243	1699	2068	2073	2077	2087	2093	2098	2102	2111	2114	2118	2123	2128:2132:4	12	133	325	266	408	29	83	133	20	37	141	429	58	54
14	1677	1686	1849	2067	2073	2086	2087	2094	2099	2109	2112	2118	2125:2582:341	174	20	79	450	325	158	66	33	91	41	329	450	25
1678	1687	1858	2068	2083	2087	2102	2110	2117:7415:595	20	1008	1637	841	150	174	166	2824
13	280	1682	1687	1740	1974	2067	2072	2084	2087	2098	2102	2108	2115	2118	2123	2127:1898:154	62	179	4	20	12	379	179	133	45	66	29	45	1	529	45	16
171	1667	1684	2068	2073	2085	2087	2092	2102	2109	2112	2120:5046:58	183	16	1666	450	929	179	200	162	87	862	254
1675	1684	1977	2067	2072	2085	2087	2092	2098	2102	2108	2114	2119:5158:645	33	66	1479	695	520	129	237	208	87	1	458	600
14	1675	1704	2006	2069	2074	2077	2086	2087	2092	2100	2102	2111	2112	2118	2124	2128:1717:145	133	79	37	150	120	316	58	24	33	25	25	20	170	308	29	45
760	1677	1688	1863	2072	2077	2084	2087	2093	2097	2102	2108	2118	2126	2127:2548:12	183	4	108	4	520	225	37	112	187	62	12	837	108	137
422	1674	1687	2068	2074	2086	2087	2095	2099	2102	2113	2118	2124	2130:3057:20	283	4	704	279	195	104	8	79	108	387	837	37	12
1016	1682	1702	1984	2076	2079	2086	2087	2095	2100	2102	2113	2120	2129:2519:74	204	237	129	16	199	150	79	12	62	100	287	737	233
13	221	1669	1684	1725	2009	2068	2073	2087	2102	2111	2113	2121	2129:2264:316	83	20	16	29	112	562	220	79	91	58	225	337	116
9	1674	2086	2087	2093	2102	2108	2114	2120	2124	2129:2265:116	362	316	137	133	79	8	270	587	20	237
14	231	1678	2084	2087	2094	2102	2111	2124	2129:2555:525	4	662	641	50	170	100	133	75	195
12	1669	1684	2069	2074	2077	2087	2109	2112	2119	2122	2128:3091:250	29	49	437	100	858	83	70	379	537	170	129
1668	1684	2068	2073	2084	2087	2097	2102	2113	2118	2124	2127:2808:87	12	750	283	258	66	216	83	341	658	25	29
1668	1741	2067	2073	2079	2085	2094	2099	2102	2113	2118	2122	2129:2341:45	1	450	291	95	250	87	33	66	283	537	66	137
12	1677	1687	2067	2072	2078	2085	2087	2093	2100	2102	2108	2112	2119	2123	2128:1747:129	137	4	270	112	162	91	41	83	58	41	12	195	333	25	54
897	1679	2067	2072	2087	2093	2102	2110	2122:4050:158	662	1258	945	95	383	125	191	233
198	1674	1869	2067	2072	2087	2097	2102	2109	2124:8390:870	674	1795	1583	1879	200	962	233	174	20
1679	1684	2067	2072	2084	2087	2093	2102	2108	2122:5099:795	120	1441	1029	712	141	241	104	29	487
14	1678	1684	1711	2015	2068	2073	2085	2087	2093	2102	2114	2119	2123	2128:2190:175	158	8	33	95	395	245	200	54	45	45	100	458	79	100
14	1680	1686	2077	2086	2087	2099	2102	2112	2119	2122	2129:3492:308	391	12	925	237	100	100	100	366	575	87	291
15	1158	1681	1687	1880	2009	2067	2072	2079	2085	2087	2092	2100	2102	2109	2114	2119	2129:1763:208	4	150	8	87	70	312	141	37	154	33	54	24	20	12	79	304	66
1667	1684	1836	1890	2069	2087	2092	2098	2102	2108	2113	2117	2123	2130:2747:112	16	104	20	450	91	116	141	83	12	145	1329	62	66
754	1676	2047	2087	2099	2102	2109	2116	2119	2127:6439:750	1700	875	191	354	279	199	533	1083	475
10	270	1668	2068	2074	2084	2094	2097	2102	2112	2119:6570:166	362	95	1625	283	870	254	1037	254	795	829
559	1686	2083	2087	2094	2102	2109	2122:1076:12	12	662	58	58	70	79	125
1675	1686	1854	1888	2078	2087	2097	2102	2116	2117	2126	2127:4734:362	29	687	166	333	100	525	133	445	1650	150	154
1680	1685	1857	1888	2067	2073	2083	2087	2092	2097	2102	2107	2116	2117	2126	2127:2697:187	16	208	29	475	333	49	58	66	137	58	12	166	783	70	50
12	1689	1745	2041	2070	2075	2077	2086	2087	2094	2102	2120	2129:2205:104	4	1	175	158	58	725	145	58	83	45	583	66
12	1201	1667	1686	2000	2077	2085	2087	2099	2102	2111	2119	2126	2129:1998:166	29	87	12	75	508	191	45	54	41	50	508	112	120
348	1675	1830	2079	2083	2087	2094	2100	2102	2108	2116	2117	2123	2127:3005:70	258	45	116	195	100	37	45	91	8	191	1604	33	212
966	1678	1687	1858	2014	2067	2074	2083	2087	2093	2097	2102	2109	2114	2117:2976:54	295	1	66	120	487	95	70	87	75	249	79	41	116	1141
14	533	1678	1687	2053	2070	2083	2087	2093	2098	2102	2109	2114	2117	2129:2049:233	4	187	4	175	33	112	58	87	58	50	37	116	754	141
15	1159	1675	1686	2070	2075	2078	2085	2087	2102	2120:5353:1604	129	470	25	383	108	1345	720	170	141	258
12	1678	1832	2068	2073	2077	2087	2092	2097	2102	2113	2118	2123	2128:1887:112	100	16	179	208	391	37	66	91	29	166	462	1	29
9	1263	1669	2041	2068	2073	2083	2087	2094	2097	2102	2113	2118	2129:1747:12	8	8	108	370	170	66	45	54	158	50	220	420	58
10	358	1681	2004	2070	2075	2078	2087	2092	2099	2111	2114	2117:2104:41	12	225	100	170	87	200	58	87	116	29	79	900
872	1676	1684	2058	2087	2119	2122:2396:158	679	116	770	145	149	379
10	1686	1702	2079	2086	2087	2093	2102	2113	2120	2122	2131:3445:208	20	487	525	241	137	137	83	275	1091	175	66
13	285	1675	1684	1832	2070	2087	2093	2102	2111	2113	2118	2122	2129:2448:187	66	245	16	4	166	62	104	70	58	258	908	100	204
15	1995	2084	2094	2102	2111	2126	2129:3696:1462	158	595	216	166	241	258	600
497	1679	1713	2002	2069	2074	2077	2085	2087	2100	2102	2109:5337:62	441	104	258	454	91	2779	641	145	100	154	108
910	1675	1686	2014	2068	2073	2085	2087	2094	2099	2102	2109	2112	2120:2311:29	316	4	112	304	225	262	70	108	58	70	29	333	391
212	1667	2009	2067	2072	2087	2100	2102	2109	2113	2118	2129:2990:212	95	212	383	333	75	54	70	45	341	987	183
15	1711	2067	2073	2087	2093	2097	2102	2114	2119	2126:3039:608	141	645	295	91	170	170	108	120	633	58
12	1178	1676	1686	1857	2013	2069	2073	2077	2087	2095	2097	2102	2107	2116	2117	2126	2127:1720:66	4	108	1	45	108	229	100	304	29	8	100	37	12	100	416	49	4
386	1668	1685	2067	2072	2085	2087	2100	2102	2116	2119	2123	2130:2099:41	70	12	425	350	229	66	58	83	150	495	37	83
14	1669	1685	1848	2067	2073	2084	2087	2094	2100	2102	2109	2112	2117	2122	2128:1958:175	37	4	37	283	133	75	29	62	50	37	25	220	608	50	133
1042	1682	1858	2078	2084	2087	2102	2114	2117	2124	2128:2513:4	212	66	262	225	100	58	50	1341	41	154
530	1677	1686	1863	2050	2068	2073	2078	2093	2097	2102	2108	2118	2124	2127:3069:70	225	16	212	229	379	187	187	79	216	74	16	1170	1	8
760	2015	2087	2098	2109	2123	2128:1088:62	195	95	275	179	120	162
730	1678	1684	2049	2067	2072	2085	2087	2094	2099	2102	2128:6602:262	650	91	333	1595	1358	1145	179	133	170	195	491
880	1665	2042	2067	2072	2087	2093	2097	2108	2116	2117	2126	2127:4471:133	220	350	416	233	125	158	275	37	629	1625	212	58
687	1681	1698	2092	2099	2111	2124	2130:1030:62	366	137	125	116	158	33	33
13	853	1680	1826	1892	2069	2074	2083	2087	2100	2102	2111	2119	2122	2128:2395:191	54	233	4	4	379	50	4	95	66	104	62	833	87	229
14	928	1674	1687	2068	2073	2079	2084	2087	2097	2102	2108	2113	2118	2128:1813:145	20	104	8	270	187	41	179	29	191	24	8	191	383	33
9	1265	1678	1994	2078	2087	2094	2102	2111	2112	2120	2122	2130:3235:37	41	454	216	1091	137	95	116	125	387	362	166	8
14	621	1681	1684	2037	2068	2074	2077	2083	2087	2094	2102	2107	2112	2118	2122	2128:1728:150	8	150	4	100	262	116	229	108	20	8	25	12	145	279	29	83
983	1678	1704	2014	2067	2073	2083	2087	2093	2097	2109	2112	2118:3116:37	262	150	133	675	329	112	120	133	145	50	304	666
10	1667	2014	2068	2073	2078	2083	2087	2092	2100	2102	2111	2120:1917:20	70	120	358	270	233	79	70	70	62	45	41	479
9	1308	1686	2060	2068	2073	2079	2083	2087	2092	2099	2102	2108	2119	2124	2129:1874:12	8	4	200	433	145	1	162	49	83	29	62	29	483	12	162
14	573	1681	1704	2001	2070	2074	2077	2083	2087	2098	2102	2111	2112	2118	2122	2129:1777:133	8	129	133	83	133	100	225	62	12	49	66	12	187	358	37	50
12	1678	1686	1995	2068	2073	2085	2087	2094	2100	2102	2109	2126	2129:5072:870	533	8	91	1295	433	729	141	266	45	75	116	200	270
1678	2084	2087	2102	2109	2123	2127:1235:366	450	79	87	100	70	83
14	1689	1737	1984	2067	2072	2078	2085	2087	2092	2099	2102	2109	2113	2118	2129:1758:175	4	8	12	204	233	237	112	33	62	87	25	37	129	325	75
147	1676	2087	2102	2109	2123	2130:892:66	445	54	95	79	91	62
14	1668	2056	2068	2074	2085	2087	2099	2102	2109	2112	2120	2126:2192:287	24	266	416	166	249	54	70	54	54	324	149	79
14	1680	2067	2072	2077	2087	2094	2097	2102	2111	2118	2128:2356:233	158	358	200	462	20	87	199	58	70	416	95
12	1669	2069	2074	2077	2083	2087	2092	2102	2109	2114	2118	2128:2000:104	33	279	112	491	104	58	58	50	33	104	529	45
14	534	1674	2060	2077	2087	2099	2111	2112	2119	2124	2129:3958:550	37	387	400	983	87	83	91	429	645	29	237
13	1666	1826	2053	2069	2074	2077	2083	2087	2095	2098	2102	2111	2119	2129:1774:129	95	4	129	254	129	312	37	33	37	100	16	33	375	91
14	1684	2070	2075	2078	2087	2093	2102	2110	2113	2118	2123	2129:2548:362	24	158	120	416	70	79	104	104	354	579	58	120
14	1665	1737	2060	2077	2087	2102	2113	2118	2124	2129:3772:483	212	8	412	1529	112	100	300	404	4	208
211	1666	1685	1713	2048	2085	2087	2102	2110	2122:2849:441	308	37	187	758	737	104	124	91	62
1666	1686	1702	1974	2069	2074	2086	2087	2093	2100	2102	2109	2113	2120	2123	2127:2518:79	16	229	29	395	133	133	116	87	33	79	8	174	845	54	108
1045	1687	1702	1980	2069	2074	2078	2087	2093	2100	2102	2111	2113	2120	2123	2129:1968:12	4	120	41	274	87	329	33	66	58	54	25	179	529	20	137
802	1679	1865	2067	2074	2084	2087	2092	2098	2102	2110	2113	2117	2124:2533:33	220	133	404	99	166	66	58	91	70	45	191	945	12
1667	1863	2014	2072	2087	2099	2102	2109	2118:3489:345	420	166	641	70	24	99	170	1554
1682	1687	2069	2074	2077	2084	2087	2092	2099	2102	2109	2119	2130:2632:254	8	329	145	662	283	50	141	108	70	83	445	54
1153	1666	1685	2068	2073	2077	2086	2087	2102	2111	2112	2120	2122	2130:1824:20	87	8	308	254	475	58	33	54	16	225	179	62	45
909	1667	1687	1985	2069	2086	2087	2092	2102	2122	2130:1819:116	229	20	120	412	75	91	220	179	337	20
735	1682	1688	1713	2067	2072	2079	2084	2087	2094	2099	2102	2130:4640:116	350	4	166	1287	750	283	845	170	304	158	120	87
15	1669	2067	2072	2077	2087	2097	2102	2110	2126:7400:1858	125	1479	537	2250	174	591	158	170	58
14	795	1676	1686	1737	2069	2074	2078	2085	2087	2095	2100	2102	2109	2113	2118	2122	2128:1716:158	12	137	8	12	258	141	162	104	8	4	37	20	16	141	370	41	87
145	1668	1711	2042	2067	2072	2085	2087	2093	2097	2102	2109	2114	2119	2126	2127:2466:37	41	108	158	416	316	208	58	70	183	70	12	87	566	95	41
507	1678	1704	1994	2069	2074	2083	2087	2092	2102	2109	2112	2118	2122	2130:2443:16	233	129	125	345	70	241	79	100	79	62	262	616	66	20
14	224	1666	2069	2074	2078	2085	2087	2102	2112	2119	2124	2129:1908:187	41	112	187	83	204	150	37	79	229	475	37	87
12	2069	2074	2078	2086	2087	2093	2102	2110	2119	2129:2446:287	504	95	529	112	87	125	83	91	458	75
13	1675	2078	2086	2087	2094	2100	2102	2110	2126:5480:1404	637	1600	908	216	229	58	170	150	108
14	1677	1685	2019	2068	2074	2087	2102	2111	2114	2117	2130:3369:366	245	16	204	670	174	54	87	83	108	1287	75
14	1395	1720	2069	2074	2078	2085	2087	2102	2110	2123	2131:2535:545	16	54	587	262	491	220	66	116	66	108	4
866	1680	2049	2085	2087	2098	2102	2109	2113	2118	2128:3645:166	300	350	662	154	195	141	91	387	933	266
12	1674	1685	1858	2079	2084	2087	2098	2102	2108	2114	2117	2126	2127:2473:195	195	4	24	95	258	75	141	104	1	66	1066	108	141
554	1676	2009	2067	2073	2086	2087	2099	2102	2114	2117	2129:2733:37	241	79	487	225	62	70	29	116	58	1204	125
13	1000	1669	1687	1960	2070	2074	2077	2084	2087	2099	2102	2110	2112	2119	2122	2129:1786:183	25	33	8	1	120	79	362	129	37	41	54	54	212	270	62	116
1681	1994	2079	2087	2102	2110	2114	2122:2460:766	204	154	179	150	129	516	362
818	1668	1684	1702	2077	2086	2087	2094	2102	2109	2113	2120	2125	2129:3146:50	66	20	237	1199	70	54	116	83	91	312	570	37	241
14	1281	1686	2009	2083	2087	2097	2102	2110	2118	2129:3550:958	62	4	187	216	154	337	100	150	1120	262
14	1679	1685	1713	1987	2068	2073	2084	2087	2093	2102	2110	2129:3916:904	445	29	25	66	933	312	462	166	108	112	125	229
954	1667	1686	1841	2014	2068	2073	2077	2084	2087	2092	2099	2110	2114	2121:3277:75	162	16	20	170	650	220	887	425	58	116	79	83	129	187
501	1669	1702	2053	2068	2073	2078	2085	2087	2092	2100	2102	2109	2113	2120	2124	2129:1818:4	4	120	170	245	166	191	125	33	37	62	66	29	125	404	8	29
1679	1875	2015	2068	2073	2077	2085	2087	2095	2102	2111	2112	2118	2123	2128:2052:95	75	70	295	225	400	129	20	4	29	37	191	391	41	50
536	1831	2069	2074	2087	2098	2102	2111	2123	2128:2069:120	20	558	208	112	287	116	112	116	420
834	1667	2000	2085	2087	2097	2102	2109	2113	2118	2126	2129:3487:195	154	29	445	66	216	79	79	270	1525	175	254
15	1677	2067	2072	2078	2083	2087	2093	2097	2102	2108	2130:4461:1120	375	887	583	595	70	116	104	420	125	33	33
549	1665	2026	2067	2073	2084	2087	2098	2102	2108	2116	2119	2126:3069:70	258	125	695	445	337	70	154	112	37	125	512	129
14	515	1675	1684	1978	2068	2073	2077	2083	2087	2093	2098	2102	2114	2117	2123	2127:1712:145	20	120	12	29	258	70	308	16	29	58	37	41	70	404	45	50
14	1013	1674	2068	2073	2077	2087	2094	2098	2102	2109	2112	2120	2122:1814:145	54	108	304	162	345	25	20	104	37	41	195	216	58
9	1100	1675	1684	1741	2037	2075	2077	2084	2087	2100	2102	2111	2113	2118	2122	2128:1776:12	54	175	8	8	95	45	404	133	29	8	45	20	225	412	33	70
1675	2077	2087	2098	2102	2119	2129:3442:637	1612	100	266	145	145	537
521	1683	1686	1841	2067	2072	2078	2093	2097	2102	2109	2114	2121:7494:225	1304	20	124	1295	941	1487	425	1012	154	195	300	12
984	1669	2068	2073	2079	2084	2087	2099	2102	2110	2116	2119	2124	2130:2394:4	12	462	295	145	295	91	50	100	79	8	837	4	12
15	1977	2067	2073	2084	2087	2094	2102	2119:3447:825	33	775	570	412	108	187	79	458
14	1189	1677	1871	2001	2067	2072	2078	2086	2087	2094	2102	2107	2112	2120	2122	2129:1692:141	25	133	83	37	208	170	187	75	29	24	29	12	120	283	70	66
14	309	2070	2075	2085	2087	2098	2102	2109	2112	2119	2124	2128:2376:266	120	204	45	233	75	150	66	45	345	645	20	162
328	1668	1685	1826	2015	2068	2073	2083	2087	2098	2102	2110	2119	2123	2128:3013:291	70	29	8	95	587	345	204	116	108	125	120	691	66	158
14	1675	1739	2070	2083	2087	2100	2102	2111	2114	2122	2128:5102:1204	920	233	41	1050	195	91	262	170	25	291	620
10	1674	1684	2072	2087	2093	2100	2114	2117	2123	2130:7245:441	1616	187	629	166	487	62	158	2662	404	433
157	1668	1857	2068	2074	2084	2087	2093	2102	2110	2116	2117	2123	2128:2626:24	45	79	454	137	158	75	70	66	37	241	979	70	191
10	819	1669	2072	2084	2087	2093	2098	2102	2111	2114	2117	2124	2130:2928:33	12	16	158	470	104	141	112	62	87	108	1491	1	133
14	1018	1665	1821	1974	2067	2072	2077	2083	2087	2093	2097	2102	2109	2114	2117	2123	2127:1691:137	16	58	12	20	212	208	287	25	29	45	66	41	16	37	408	37	37
389	1711	2049	2067	2073	2087	2092	2097	2102	2110	2114	2119	2128:3470:179	58	366	704	550	91	145	283	79	70	204	591	150
14	998	1668	2069	2074	2079	2087	2095	2099	2102	2111	2118	2122	2128:2647:379	58	62	533	141	195	75	16	37	87	70	716	108	170
9	1667	1684	2068	2073	2077	2086	2087	2102	2111	2114	2118	2123	2128:1835:29	54	12	354	241	325	58	50	45	24	66	412	95	70
14	1676	1864	2067	2072	2078	2087	2094	2099	2102	2111	2114	2117	2123	2127:1930:133	150	87	295	195	254	41	29	24	37	20	8	562	45	50
14	1667	1826	2070	2075	2078	2087	2093	2102	2109	2119	2124	2129:2400:275	83	50	233	116	437	87	125	79	62	650	45	158
503	1680	1687	1863	2008	2068	2073	2078	2087	2095	2097	2102	2107	2118	2123	2127:2697:37	229	4	216	70	379	187	208	41	4	124	75	29	912	41	141
12	1685	2068	2073	2084	2087	2097	2102	2109	2119	2128:2766:283	16	612	483	262	75	150	70	70	558	187
14	935	1679	1685	1702	1977	2079	2087	2093	2102	2110	2113	2120:6410:1441	108	783	49	570	125	445	158	295	241	233	900	1062
974	1683	1685	2009	2070	2083	2087	2097	2113	2118	2129:4394:91	541	12	195	187	416	220	637	825	937	333
1156	1683	2067	2073	2083	2087	2093	2097	2102	2118	2130:2513:4	208	658	387	16	79	87	154	79	741	100
351	1678	2069	2083	2087	2102	2111	2114	2117	2123	2130:2873:41	208	420	304	108	112	66	58	1337	95	124
206	1680	2070	2087	2100	2109	2114	2117	2126	2129:6592:404	1754	775	154	179	54	270	2320	358	324
15	1667	1686	2068	2074	2084	2087	2094	2099	2110	2119	2124:2748:508	133	4	533	120	383	70	62	49	75	795	16
248	1676	2067	2072	2083	2087	2092	2102	2108	2120	2122	2131:2700:95	258	608	491	266	79	87	116	1	616	58	25
852	2068	2073	2078	2085	2087	2093	2100	2102	2108	2130:4729:79	1579	587	929	841	154	262	62	129	66	41
11	1675	1684	1728	2041	2068	2073	2078	2087	2092	2097	2102	2109	2114	2120	2124	2129:2279:95	195	12	25	195	470	254	258	33	58	129	62	33	158	220	12	70
1680	1688	1984	2068	2074	2084	2087	2093	2100	2102	2113	2117	2129:2353:200	8	50	400	170	208	70	79	8	58	170	808	124
176	1686	2009	2067	2072	2085	2087	2102	2109	2129:3571:316	45	266	1162	900	504	129	158	62	29
884	1677	1685	2069	2074	2079	2085	2094	2102	2108	2119	2123	2130:7351:237	887	116	1441	587	408	1245	608	291	141	720	416	254
1682	2068	2085	2087	2099	2102	2109	2123:3441:770	1241	891	141	95	129	66	108
12	1678	2079	2084	2087	2100	2102	2108	2114	2119	2128:2257:245	300	158	341	58	45	91	20	158	650	191
1685	1995	2069	2083	2087	2093	2098	2102	2126	2129:1587:24	174	170	229	87	183	204	150	212	154
13	398	1674	1684	2070	2075	2084	2087	2097	2102	2112	2120	2128:2285:250	108	170	12	220	95	274	120	154	83	345	325	129
647	1668	1844	2015	2067	2072	2079	2087	2092	2098	2102	2109	2117	2123	2128:2232:45	83	62	58	358	266	45	50	108	112	50	79	800	58	58
755	1677	2083	2087	2099	2102	2108	2122:1725:83	787	62	245	16	179	12	341
13	182	1679	1960	2087	2094	2102	2109	2118	2122	2129:4866:804	79	812	37	191	270	387	54	1208	358	666
11	1682	1685	1728	2078	2087	2095	2102	2111	2114	2120	2130:4360:604	541	58	87	1554	204	20	116	162	445	320	249
12	1098	1682	1685	1857	2013	2068	2073	2077	2083	2087	2093	2097	2102	2116	2117	2126	2127:1695:66	8	58	12	45	58	266	70	324	54	12	45	129	41	104	341	33	29
408	1682	1685	2001	2087	2093	2099	2102	2111	2122	2129:2279:225	533	45	158	104	175	4	166	137	258	474
12	1195	1683	1861	2042	2068	2073	2084	2087	2093	2098	2102	2114	2117	2126:1783:95	8	137	62	100	325	108	83	54	50	54	58	54	537	58
14	636	1883	2084	2087	2098	2102	2108	2114	2117	2123	2128:2804:337	4	62	308	79	170	87	12	75	1391	75	204
13	773	1679	1685	2053	2069	2074	2086	2087	2093	2102	2108	2129:7097:916	141	795	20	1541	1295	66	704	183	541	266	54	575
330	1667	1684	1863	2042	2075	2087	2093	2099	2102	2109	2118	2126	2127:2933:191	83	37	229	166	25	108	95	100	79	54	1504	112	150
12	1097	1864	2067	2072	2077	2084	2087	2098	2102	2110	2114	2117	2126	2127:1709:45	12	58	270	187	287	129	29	95	8	20	41	454	25	49
13	436	1679	1832	2069	2075	2083	2087	2093	2098	2102	2111	2113	2118	2122	2129:1829:174	24	200	16	145	4	12	62	75	70	58	37	162	591	75	124
326	2049	2067	2072	2087	2094	2097	2102	2109	2128:8217:1762	1608	1708	1262	208	91	875	237	104	362
15	1165	2069	2079	2084	2087	2094	2099	2102	2109	2119:3136:912	66	341	154	408	125	99	95	91	66	779
357	1675	1684	2087	2097	2102	2118:3255:216	1050	41	87	1075	166	620
953	1675	1841	2068	2074	2087	2094	2097	2102	2108	2114	2121	2123	2128:3753:100	408	125	1245	287	175	66	370	87	29	204	137	179	341
12	1678	1684	2009	2067	2072	2078	2087	2092	2097	2102	2108	2120	2129:2061:120	183	4	79	333	254	187	54	70	125	45	8	512	87
1677	1687	2068	2073	2078	2087	2094	2098	2109	2120:5258:433	4	1229	595	1504	158	166	195	129	845
14	1043	1687	1857	2047	2069	2074	2093	2097	2102	2108	2116	2117	2124	2127:2827:304	29	8	158	124	312	145	129	187	58	25	316	1004	8	20
178	1824	2069	2075	2084	2087	2100	2102	2119	2124	2130:3737:229	79	870	12	866	183	41	204	1079	33	141
12	1172	1678	1685	2056	2070	2077	2083	2093	2098	2102	2126:9519:837	50	1266	33	1487	720	2970	754	370	500	162	370
14	1667	1864	2015	2070	2078	2087	2094	2099	2102	2108	2114	2117	2123	2128:1955:233	83	99	45	66	179	50	83	41	62	16	50	795	62	91
13	949	1681	1687	2058	2068	2074	2085	2087	2094	2102	2110	2119	2122	2130:2281:179	41	216	8	179	408	120	187	58	75	70	50	562	45	83
959	1666	2068	2075	2084	2087	2094	2102	2109	2113	2117	2129:3179:54	166	591	125	287	91	29	87	58	233	1308	150
14	306	1668	1686	2050	2068	2073	2078	2085	2087	2093	2099	2102	2110	2114	2117:1751:154	54	50	8	129	249	95	141	108	29	45	70	45	50	49	475
14	500	1668	1685	1874	2069	2073	2078	2085	2097	2110	2114	2119	2128:3432:316	70	100	25	379	475	158	345	337	270	75	66	608	208
1667	2067	2072	2078	2086	2087	2094	2100	2102	2108	2112	2120	2123	2130:2069:108	475	279	291	70	66	83	70	58	16	250	200	37	66
15	1394	1685	1977	2078	2085	2087	2102	2109	2113:4196:1670	1	33	45	1125	487	170	112	66	487
310	1676	2083	2087	2098	2102	2111	2114	2120	2129:6024:708	658	1533	287	620	237	162	1008	145	666
448	1680	1843	2068	2073	2085	2087	2095	2102	2108	2114	2121	2122	2131:2089:24	262	37	666	237	254	100	54	70	29	87	154	91	24
14	1675	1740	2068	2074	2084	2087	2100	2102	2110	2118	2126:3235:525	429	12	729	220	279	100	8	104	75	725	29
14	391	1674	1688	1719	2050	2069	2074	2077	2087	2092	2098	2111	2113	2117	2124:2102:112	41	162	4	45	237	116	95	341	45	91	91	24	116	562	20
12	1684	1848	1974	2068	2073	2077	2085	2087	2099	2102	2108	2112	2117	2123	2127:1722:108	16	45	8	154	166	395	108	29	33	29	16	100	445	41	29
1725	2068	2073	2077	2085	2087	2093	2099	2102	2110	2113	2121	2124	2130:2232:16	350	204	620	266	29	75	120	66	58	262	158	4	4
14	315	1666	1849	1974	2069	2074	2084	2087	2093	2098	2102	2108	2112	2118	2123	2127:1963:195	37	79	37	29	254	183	158	41	66	95	41	29	204	462	41	12
9	1682	1686	2009	2067	2072	2085	2087	2099	2102	2111	2112	2119	2129:1950:8	187	4	100	350	300	141	66	37	66	1	245	383	62
242	1679	1684	1702	2079	2086	2087	2093	2099	2102	2108	2113	2120	2129:2796:104	279	16	295	29	49	95	100	125	104	1	179	1158	262
1675	1684	1702	1959	2069	2074	2078	2087	2092	2099	2109	2113	2120	2131:2322:225	16	204	25	329	108	308	54	125	66	45	175	641	1
12	1679	1712	1974	2086	2087	2094	2099	2102	2111	2117	2123	2127:2615:241	250	20	54	183	87	104	70	66	79	1358	41	62
1679	1685	1977	2067	2072	2083	2087	2097	2102	2119:6379:1091	58	16	1412	1304	700	162	808	170	658
1679	2069	2074	2077	2083	2087	2095	2097	2102	2111	2116	2119	2129:2550:225	379	200	608	62	33	20	166	54	58	50	537	158
384	1679	1685	1846	2067	2072	2079	2087	2093	2098	2102	2109	2116	2124:3225:162	391	20	170	1220	487	16	137	137	158	129	112	66	20
14	1678	1687	2069	2075	2085	2087	2094	2100	2102	2109	2118	2126	2129:2060:262	179	4	370	75	212	62	29	25	45	45	562	91	99
963	1666	1702	1977	2067	2072	2079	2087	2092	2097	2102	2113	2120:3669:16	187	354	58	662	441	50	100	145	395	79	241	941
1677	1741	2013	2070	2075	2085	2087	2098	2102	2109	2113	2118	2126	2127:2967:320	29	162	408	75	258	137	200	79	50	275	700	137	137
9	1157	1675	1826	2079	2086	2087	2094	2102	2111	2119	2129:2725:83	8	429	29	108	220	133	45	129	125	1058	358
14	1987	2070	2075	2079	2086	2087	2102	2108	2113	2121	2129:3233:1004	37	358	145	291	4	175	158	41	395	350	275
10	1861	2013	2070	2075	2078	2084	2087	2093	2099	2102	2114	2117	2126	2127:1892:16	8	58	187	45	166	166	58	79	20	41	70	829	91	58
15	1685	2086	2087	2094	2102	2110	2124	2129:1674:862	37	120	108	54	95	70	37	291
15	1977	2067	2073	2084	2087	2092	2099	2102	2108	2113	2119:3274:550	79	795	383	316	45	104	79	83	20	233	587
14	1674	1684	2068	2072	2078	2087	2092	2097	2102	2107	2115	2119	2123	2130:2086:258	133	8	308	220	266	54	50	166	79	4	4	437	41	58
429	1665	1686	1857	2083	2102	2116	2117	2123	2127:5619:291	341	8	812	483	170	695	2229	91	499
11	1667	1687	1698	2069	2074	2078	2084	2087	2094	2102	2110:4432:325	166	12	504	700	187	1374	604	141	87	141	191
14	159	1679	1685	1737	2053	2067	2072	2078	2086	2087	2092	2100	2102	2113	2118	2129:1722:79	8	116	8	33	129	216	204	129	37	20	41	45	33	158	425	41
13	683	1668	2069	2087	2102	2109	2112	2119	2130:4921:1191	112	100	1079	216	262	154	904	729	174
12	1666	1863	1974	2075	2079	2084	2087	2098	2109	2118	2123	2127:3379:429	162	104	25	66	58	320	116	187	87	1600	100	125
446	1683	1686	2087	2092	2098	2102	2110	2123	2130:2112:208	745	29	108	329	250	141	95	145	62
635	1679	1685	1702	1941	2068	2073	2078	2084	2087	2092	2102	2110	2113	2120	2122	2131:1922:12	145	4	116	4	354	191	212	125	41	54	45	37	133	404	29	16
1687	1833	2067	2072	2085	2087	2092	2102	2109	2120	2123	2128:4303:16	45	1429	887	500	145	258	108	91	225	191	408
12	1681	1974	2069	2074	2087	2093	2099	2102	2110	2118	2123	2127:3281:454	279	20	687	250	145	137	120	91	87	887	95	29
737	1861	2068	2075	2084	2087	2094	2102	2109	2114	2117	2123	2128:3212:49	129	437	75	295	104	104	112	54	75	1441	87	250
14	951	1680	2043	2087	2092	2098	2102	2111	2118	2127:4582:1087	79	558	470	170	262	329	137	154	1316	20
12	1681	1857	2047	2070	2075	2087	2092	2098	2102	2107	2116	2117	2124:2132:133	183	50	137	212	33	66	91	112	50	16	154	887	8
438	2079	2083	2087	2093	2098	2102	2120	2126:2279:45	87	679	166	237	429	162	345	129
12	1990	2078	2085	2095	2102	2109	2113	2118	2122	2128:5968:954	129	1533	754	12	195	154	650	950	308	329
12	2068	2073	2077	2087	2102	2109	2118	2128:2995:312	620	387	745	45	75	83	645	83
14	1680	2050	2069	2074	2078	2084	2087	2093	2099	2102	2108	2116	2117	2127:1753:162	145	125	258	95	225	75	29	29	45	33	8	58	441	25
14	240	1675	1867	2079	2087	2102	2109	2119:4150:1299	166	566	354	425	166	266	154	754
12	1679	1741	2076	2077	2086	2087	2102	2111	2113	2118	2122	2129:2263:175	204	37	1	687	104	45	58	70	262	441	79	100
12	1717	2049	2077	2087	2092	2097	2102	2116	2117	2128:2953:245	12	229	737	66	116	262	79	112	995	100
1722	2070	2075	2077	2087	2094	2100	2102	2109	2113	2120	2123	2130:2485:4	195	66	1275	66	66	104	79	70	262	166	37	95
14	1077	1984	2069	2073	2078	2084	2087	2093	2100	2102	2111	2116	2119	2125	2129:1702:162	12	91	262	125	275	145	29	25	33	41	41	41	354	4	62
734	1674	1684	2068	2073	2078	2087	2095	2097	2102	2110	2120	2126:5732:29	575	50	1479	870	1025	187	20	658	195	145	495	4
15	1682	1686	1713	2079	2084	2087	2094	2100	2102	2109:4818:1745	562	41	162	816	845	187	116	37	137	170
14	1680	1978	2075	2077	2085	2087	2099	2102	2110	2114	2117	2123	2127:1753:145	91	75	79	379	154	33	41	41	37	83	516	29	50
1152	1675	1702	2067	2072	2078	2087	2094	2097	2111	2113	2120:2600:41	187	233	525	287	329	62	141	145	50	175	425
703	2084	2087	2094	2097	2102	2109	2128:3163:99	1033	183	166	983	154	145	400
14	1089	1971	2070	2074	2077	2085	2087	2094	2100	2102	2109	2112	2117	2122	2127:1744:158	8	8	79	87	379	120	29	33	54	54	4	195	466	45	25
813	1665	1685	1728	2012	2068	2073	2078	2085	2087	2093	2102	2114	2120	2122	2131:2123:33	166	8	29	91	341	245	200	229	33	91	62	154	370	70	1
14	1987	2070	2077	2087	2094	2097	2102	2107	2119	2129:4738:512	45	454	1904	125	212	462	125	12	675	212
14	1041	1674	1737	1980	2077	2084	2087	2097	2102	2109	2113	2118	2123	2129:2351:237	79	174	33	24	520	129	45	241	54	4	208	400	62	141
14	1038	1682	2069	2074	2079	2087	2095	2100	2102	2111	2112	2120:2357:325	41	266	516	150	162	66	37	50	70	75	279	320
14	1674	1684	1861	2042	2079	2087	2095	2099	2102	2109	2114	2117	2126	2127:3021:516	304	25	25	179	183	62	20	66	95	58	1	1354	104	29
14	836	1668	1685	1740	2067	2073	2083	2087	2094	2098	2102	2118	2125:2309:287	12	58	16	4	595	312	49	83	87	95	91	616	4
12	1677	1684	1832	2060	2068	2074	2083	2087	2094	2097	2102	2111	2113	2118	2129:1840:91	154	12	1	150	241	145	66	45	58	145	29	29	112	500	62
227	1675	2042	2070	2087	2095	2099	2102	2111	2114	2117	2126	2127:3074:212	258	237	112	91	25	75	112	54	141	1516	150	91
1681	1684	2042	2070	2085	2093	2102	2110	2126	2127:1599:337	95	316	25	270	120	116	100	216	4
1667	2069	2074	2079	2087	2094	2098	2102	2110	2121	2123	2130:2486:133	983	258	166	141	41	220	104	95	83	87	175
14	1042	1668	1684	2013	2067	2072	2078	2083	2087	2092	2097	2111	2114	2117	2126	2127:1995:125	16	58	16	70	325	258	174	45	33	70	137	16	45	570	33	4
14	365	1668	1685	2068	2073	2079	2084	2087	2092	2099	2102	2110	2112	2120	2125:1785:220	37	41	8	316	199	33	166	41	50	104	54	50	212	250	4
11	1728	2070	2075	2078	2085	2087	2092	2097	2102	2111	2114	2120	2126	2129:1848:104	45	212	116	279	112	37	79	229	58	33	125	241	62	116
238	1678	2067	2072	2087	2093	2099	2102	2110	2124:3355:204	525	1175	791	112	166	58	145	125	54
1681	1684	2005	2069	2074	2077	2085	2087	2100	2102	2112	2117	2122	2127:2055:183	16	87	133	75	370	108	24	16	45	229	666	37	66
147	1668	2042	2069	2074	2087	2097	2102	2110	2116	2119	2126	2127:7045:191	395	79	1475	37	166	1141	229	129	1391	525	608	679
13	849	1676	1687	2067	2072	2085	2087	2093	2099	2102	2109	2112	2120:3052:375	45	266	4	629	412	295	75	100	33	116	45	366	291
14	733	1681	1684	1861	1974	2069	2073	2077	2083	2087	2092	2099	2102	2114	2117	2123	2127:1706:125	16	150	4	50	29	216	137	254	45	29	37	49	29	41	395	25	75
12	1679	2060	2068	2073	2078	2087	2097	2111	2118	2124	2129:2908:166	195	275	500	229	300	62	258	79	629	20	195
13	234	1667	2028	2070	2079	2087	2102	2109	2119	2124	2131:3773:687	220	283	437	54	658	195	216	129	808	45	41
12	1326	1669	1686	1879	2049	2070	2074	2077	2084	2087	2092	2102	2109	2116	2118	2128:1894:79	4	33	1	141	154	175	62	391	141	50	33	66	20	37	462	45
13	930	1667	1684	1858	2042	2070	2075	2083	2087	2092	2097	2102	2110	2114	2117	2126	2127:1759:133	24	75	25	58	91	150	12	45	58	83	154	45	12	75	645	70	4
12	1667	2009	2075	2077	2087	2095	2102	2109	2119	2129:3640:362	220	124	16	1558	125	12	116	37	875	195
14	2069	2074	2078	2085	2087	2095	2102	2111	2112	2119	2122	2131:1978:237	354	104	191	162	37	8	87	4	250	437	91	16
14	992	1682	1686	1966	2068	2073	2077	2085	2087	2099	2108	2112	2117	2122	2127:1850:116	8	112	12	4	191	145	358	83	20	12	20	258	416	37	58
12	1674	1687	1824	2049	2069	2074	2087	2094	2097	2102	2108	2119	2128:2806:233	237	4	20	225	412	216	95	12	279	108	12	816	137
13	579	1685	1858	2058	2068	2075	2083	2087	2095	2102	2110	2114	2117	2122	2130:2447:266	8	16	49	183	445	104	137	58	29	87	54	66	829	91	25
769	1667	1684	2011	2069	2075	2086	2087	2098	2109	2112	2121	2126:4608:83	204	41	250	1083	29	687	220	308	183	1108	129	283
948	2043	2087	2094	2098	2102	2109:726:58	233	87	70	108	87	83
12	1063	1670	1687	1826	2049	2070	2087	2093	2097	2102	2109	2119	2128:6602:925	66	79	20	312	1412	120	166	541	1175	254	133	541	858
1680	1684	1871	2067	2072	2085	2087	2093	2098	2102	2109	2112	2120:4017:325	75	175	1258	379	400	108	154	216	95	29	391	412
14	1665	1688	1973	2077	2085	2087	2095	2102	2108	2113	2117	2124	2128:3217:350	183	4	16	954	225	54	4	54	8	70	1137	75	83
14	1867	2047	2087	2093	2099	2102	2109:2075:770	237	483	95	208	108	116	58
14	1665	1693	2067	2072	2077	2084	2087	2093	2098	2102	2113	2118	2128:1795:187	104	141	225	112	250	112	33	33	62	33	83	370	50
840	1711	2078	2084	2087	2098	2102	2114	2119	2126	2130:3075:150	125	516	533	158	233	120	241	845	25	129
167	1676	1685	1857	2014	2068	2075	2097	2102	2109	2116	2117:4866:54	395	8	158	70	1312	54	508	91	50	475	1691
1680	2078	2083	2087	2097	2102	2111	2114	2121	2123	2130:4096:516	1558	445	179	275	229	125	112	266	175	216
1687	1980	2087	2094	2097	2102	2123	2129:2476:12	150	149	358	854	195	279	479
14	1665	1685	2069	2074	2077	2087	2095	2102	2111	2113	2118	2124	2128:2174:208	116	12	283	104	462	54	12	50	50	262	458	16	87
197	1680	1684	1702	1970	2084	2087	2094	2098	2102	2109	2113	2120:3224:50	337	45	466	29	508	150	108	154	95	74	408	800
15	1681	1685	2068	2073	2079	2083	2087	2095	2098	2102	2110	2130:4727:1087	404	41	1166	579	433	454	87	20	154	95	95	112
1680	2067	2072	2077	2085	2100	2102	2109	2112	2117	2122	2127:2799:208	379	345	408	154	37	70	33	308	691	87	79
10	1071	1682	1994	2067	2073	2079	2087	2099	2102	2109	2112	2119	2122:1811:12	8	133	95	325	270	112	29	58	58	33	200	420	58
262	1666	1974	2087	2095	2100	2102	2111	2123	2127:1988:650	437	54	137	41	70	187	200	54	158
1681	1684	2086	2087	2102	2110	2122	2128:1839:575	58	495	83	129	129	108	262
344	1681	1687	1857	2070	2074	2077	2097	2111	2116	2117	2126	2127:3728:154	320	8	170	229	4	654	275	66	395	1158	112	183
199	1667	1741	2060	2076	2077	2084	2087	2095	2097	2102	2109	2113	2118	2129:2287:62	91	16	250	12	508	162	54	4	150	50	29	204	558	137
13	1665	2021	2078	2086	2087	2100	2102	2111	2112	2119	2122	2129:2420:241	183	175	445	83	58	50	95	50	300	537	66	137
1358	1682	1684	2067	2072	2079	2085	2087	2099	2102	2109	2118	2123	2128:2309:1	204	12	237	358	100	287	75	83	62	37	658	54	141
323	1679	1687	1831	2069	2085	2087	2102	2110	2123	2128:3040:345	466	8	174	495	670	58	104	108	125	487
12	1668	1684	1884	2068	2072	2077	2084	2087	2099	2102	2109	2113	2118	2122	2128:1773:104	37	4	8	287	229	287	104	25	66	58	20	183	258	20	83
1953	2069	2074	2077	2085	2087	2093	2100	2102	2109	2112	2117	2122	2127:1895:12	179	54	358	79	33	62	45	25	4	220	675	49	100
12	1202	1712	2042	2067	2072	2078	2084	2087	2094	2099	2102	2111	2116	2117	2126:1747:100	25	45	83	337	162	183	100	33	20	37	45	29	20	483	45
1122	1678	1684	2034	2068	2074	2087	2099	2102	2116	2119	2122	2130:4239:70	512	75	291	1299	91	187	120	179	208	929	245	33
1667	1686	1702	1957	2067	2072	2077	2084	2087	2093	2099	2102	2109	2113	2120	2123	2129:1828:50	4	150	12	150	175	400	95	16	62	54	41	33	116	362	25	83
434	1666	2042	2067	2072	2087	2094	2097	2102	2111	2118	2126	2127:3158:129	154	241	629	450	104	70	208	108	79	770	162	54
13	833	1676	1686	2009	2068	2073	2083	2087	2092	2097	2102	2111	2129:4859:745	91	337	8	175	1416	512	216	145	229	512	137	116	220
14	250	1675	1900	2068	2073	2078	2084	2087	2093	2099	2102	2119	2124	2129:1719:154	45	154	1	287	137	266	129	37	70	16	62	329	12	20
14	1680	1685	1740	1973	2068	2073	2079	2087	2095	2100	2102	2118	2124	2128:1777:250	170	12	4	8	279	158	137	58	8	70	45	491	8	79
1681	1684	1985	2084	2087	2094	2098	2102	2110	2112	2119	2122	2130:2215:254	16	108	262	58	104	70	62	91	308	775	91	16
654	1680	2068	2073	2083	2087	2093	2097	2109	2113	2118	2128:2650:41	179	387	233	250	62	87	283	33	258	725	112
1028	2068	2073	2083	2094	2097	2102	2109	2114	2120	2129:6598:141	1383	745	1012	216	1187	241	233	704	145	591
169	1682	1702	2042	2067	2072	2084	2087	2093	2097	2102	2110	2113	2120	2126	2127:2256:29	158	112	108	354	204	170	45	79	141	54	37	154	520	75	16
230	1687	1826	1974	2067	2072	2087	2093	2098	2102	2119	2123	2127:5437:858	8	104	37	1479	733	166	183	304	154	916	83	412
12	1668	1709	2069	2074	2079	2087	2095	2098	2102	2108	2116	2118	2128:1919:133	54	91	325	83	87	54	4	120	70	20	208	579	91
9	1262	1680	1832	2066	2070	2074	2077	2085	2087	2094	2102	2108	2113	2118	2122	2128:1748:45	20	175	29	8	112	104	320	104	29	41	25	4	183	466	33	50
622	1675	1685	1705	1985	2068	2074	2087	2092	2100	2102	2111	2122	2130:3535:104	600	33	266	129	1087	291	104	283	16	145	120	187	170
13	1678	1684	2009	2068	2073	2078	2085	2087	2092	2102	2109	2116	2119	2129:1877:150	158	37	45	354	241	195	104	45	54	25	33	33	324	79
12	1740	1981	2068	2073	2078	2084	2087	2093	2102	2110	2118	2128:2045:104	16	70	325	133	450	162	41	66	50	58	483	87
14	963	1665	1711	2070	2075	2078	2087	2094	2102	2111	2114	2119:2239:320	54	129	83	145	12	283	66	141	70	62	233	641
872	1682	1684	2069	2074	2078	2083	2087	2094	2098	2102	2111	2112	2118	2123	2128:2119:45	195	4	325	133	154	87	45	75	91	62	16	229	504	75	79
15	1667	1826	2069	2074	2077	2085	2087	2095	2100	2102	2109	2119	2129:1815:229	58	4	254	137	349	166	58	8	16	50	45	337	104
371	1679	1686	1826	2067	2072	2087	2094	2097	2102	2111	2119	2126:4873:208	416	20	91	1399	908	191	120	550	129	75	666	100
14	1667	1687	1987	2087	2111	2112	2129:3008:995	354	16	170	112	237	783	341
437	1676	1686	2067	2073	2083	2087	2093	2097	2102	2108	2114	2117:2258:33	129	8	454	129	66	70	70	250	62	8	150	829
14	807	1678	1684	1857	1987	2068	2074	2083	2087	2093	2102	2111	2116	2117	2129:2110:174	1	208	25	83	45	258	116	87	62	83	62	20	141	687	58
13	1666	1858	2068	2083	2087	2093	2102	2111	2114	2117:3763:370	175	83	1025	308	112	133	91	62	25	1379
12	1248	1683	2077	2086	2087	2100	2102	2109	2120:3353:337	20	483	1337	145	120	58	108	95	650
12	1071	1823	2068	2073	2077	2087	2095	2098	2102	2111	2114	2118	2123	2128:1833:79	4	4	254	254	379	33	12	120	54	29	91	379	58	83
1676	2070	2079	2085	2087	2102	2111	2118	2123	2128:3537:450	250	174	666	166	124	108	1175	124	300
252	1674	1684	1704	1970	2069	2075	2083	2087	2094	2098	2102	2111	2112	2118:3459:249	316	16	170	58	500	100	362	120	95	183	87	104	404	695
10	1681	2009	2087	2100	2102	2111	2112	2129:2475:58	650	149	112	16	141	133	808	408
13	1665	1741	1960	2069	2074	2077	2084	2087	2100	2102	2110	2113	2118	2122	2129:1726:120	87	1	16	229	83	300	154	20	41	41	16	116	362	70	70
1015	1675	1685	1861	2049	2079	2084	2087	2102	2110	2114	2117	2128:2160:29	220	16	25	145	124	166	54	45	58	37	1141	100
14	851	1674	1684	1704	1973	2067	2072	2083	2087	2093	2100	2102	2108	2112	2118	2124	2128:1936:162	16	129	8	45	37	337	216	91	54	70	45	29	12	220	420	4	41
837	1666	2067	2073	2087	2097	2102	2110	2118	2124	2130:5674:191	445	1745	700	216	733	220	158	1062	79	125
152	1682	2049	2072	2086	2087	2097	2102	2112	2117	2128:4310:24	262	166	270	158	95	291	116	620	2104	204
12	1676	1685	2069	2074	2078	2083	2087	2093	2099	2102	2109	2116	2118	2128:1860:141	170	12	295	91	225	20	45	75	54	75	58	29	495	75
481	1682	1830	2043	2078	2084	2087	2095	2100	2102	2111	2116	2117	2127:2703:116	258	41	162	291	279	58	25	29	58	41	116	1154	75
14	241	1666	1711	2067	2072	2077	2085	2087	2094	2099	2102	2108	2114	2119	2126	2129:1713:183	20	41	33	270	112	287	87	29	20	75	50	20	58	295	54	79
14	893	1711	2028	2068	2073	2078	2087	2093	2098	2102	2108	2114	2119	2131:1754:200	8	87	125	250	120	200	54	66	79	29	12	83	437	4
12	1679	1685	1844	1974	2067	2072	2078	2087	2098	2102	2117	2123	2127:1943:120	141	20	41	75	325	195	179	45	62	66	583	50	41
1079	1669	1685	2067	2072	2078	2083	2087	2093	2098	2102	2108	2113	2119	2123	2128:2220:12	29	16	320	204	295	191	45	70	91	75	12	141	491	66	162
1207	1666	2062	2077	2087	2102	2109	2112	2120	2124	2130:4099:12	225	562	1654	124	91	87	570	604	33	137
13	682	2072	2085	2087	2099	2102	2113	2117:5225:937	87	99	1075	187	41	233	429	2137
14	1149	1848	1973	2069	2074	2077	2084	2094	2102	2108	2112	2117	2124	2128:2381:179	37	75	33	179	41	470	220	37	58	29	166	750	16	91
850	1666	1686	1863	2087	2092	2097	2102	2118	2126	2130:3666:141	216	24	283	162	191	483	125	1800	100	141
14	1678	1720	2067	2072	2084	2087	2092	2098	2102	2111	2115	2128:2915:608	229	29	541	495	287	95	129	179	91	112	25	95
12	1674	1684	1741	2033	2070	2074	2078	2086	2087	2093	2102	2108	2113	2118	2123	2128:1735:145	112	33	8	70	141	137	254	1	29	41	50	12	204	366	66	66
12	1681	1858	2077	2084	2087	2095	2102	2108	2114	2117	2124	2127:2204:216	204	75	504	229	41	16	58	29	54	741	25	12
1049	1683	1686	1702	1996	2070	2075	2078	2087	2095	2102	2111	2113	2120	2122	2130:2513:54	254	29	158	120	145	58	362	70	12	66	41	225	783	91	45
13	1668	1684	2009	2070	2075	2087	2093	2102	2109	2112	2120	2129:3637:625	145	58	225	300	258	183	241	120	83	608	516	275
14	979	1675	1685	1720	2068	2073	2079	2087	2092	2097	2102	2110	2124	2129:3019:520	50	291	12	87	675	495	79	104	158	241	87	75	12	133
15	1667	1685	2014	2069	2074	2077	2083	2087	2092	2098	2102	2109:5044:1062	141	45	191	608	204	1970	100	133	279	187	95	29
779	1679	1858	2000	2070	2084	2087	2093	2102	2114	2117	2126	2129:2627:16	212	83	41	150	233	66	104	70	49	1308	129	166
710	1826	2067	2073	2083	2087	2094	2098	2102	2108	2119	2123	2128:2689:120	66	591	391	108	87	54	204	91	24	625	95	233
294	1665	1973	2069	2073	2085	2087	2094	2102	2108	2113	2118	2124	2128:2720:87	204	37	358	216	175	108	54	87	20	425	808	12	129
1685	1722	2068	2073	2077	2085	2087	2093	2100	2102	2109	2113	2120	2123	2130:2201:12	54	375	170	641	254	37	83	62	70	33	170	166	29	45
13	589	1681	1684	1832	2009	2072	2087	2093	2099	2102	2111	2113	2118	2129:3290:329	54	291	58	37	108	100	104	120	66	79	120	279	1341	204
1677	1684	2009	2078	2087	2098	2102	2110	2116	2119	2129:3182:404	37	158	862	141	220	112	170	50	758	270
433	1677	1830	1974	2068	2073	2087	2094	2098	2102	2108	2116	2117	2123	2127:2198:41	212	33	29	283	150	95	70	87	87	25	125	854	37	70
1870	1890	2067	2072	2077	2085	2087	2092	2099	2102	2107	2112	2120	2123	2130:1819:141	20	266	179	283	116	33	37	29	37	8	154	400	62	54
14	1677	1850	2067	2072	2077	2085	2087	2092	2099	2102	2107	2112	2120	2124	2129:1714:91	162	37	245	154	304	112	25	45	58	58	8	154	195	29	37
14	300	1674	1685	1954	2067	2072	2078	2083	2087	2092	2099	2102	2114	2119	2122	2129:1725:145	45	145	8	8	216	162	120	87	33	33	33	54	50	408	70	108
359	1675	1685	2068	2073	2085	2087	2092	2102	2123:7892:304	1433	54	1995	1279	1308	179	345	295	700
10	736	1678	1985	2068	2073	2094	2102	2122	2130:2304:58	29	687	95	766	141	83	129	304	12
15	1366	1682	2069	2074	2078	2086	2087	2093	2102	2111	2126:6839:1645	8	566	1166	241	1820	400	216	195	166	150	266
13	185	1668	2067	2073	2087	2095	2098	2102	2110	2119	2123	2131:2258:250	12	62	508	420	75	37	104	83	62	479	125	41
1678	2072	2084	2087	2102	2112	2117:4972:583	729	658	120	229	637	2016
13	429	1666	1685	2009	2068	2074	2084	2087	2093	2098	2111	2112	2119	2129:2394:166	58	95	29	125	383	162	216	58	79	112	58	250	483	120
12	1688	2049	2077	2087	2093	2102	2110	2116	2118	2128:4153:345	4	333	1475	108	195	83	95	25	1345	145
11	1681	1684	2068	2073	2084	2087	2094	2097	2102	2109	2114	2129:2428:220	329	25	595	341	291	95	54	200	66	54	4	154
1665	1688	1969	2087	2099	2102	2110	2122:1255:558	4	24	100	54	162	145	208
1676	1702	2053	2075	2078	2095	2102	2111	2113	2120	2129:4257:362	241	520	83	895	58	154	145	445	1029	325
12	1674	1832	2077	2087	2094	2102	2108	2113	2118	2122	2128:3586:345	312	29	1066	62	108	116	70	229	950	154	145
10	340	2068	2073	2079	2087	2092	2098	2102	2120:4145:137	79	1349	587	608	195	262	262	158	508
518	1685	2069	2075	2087	2094	2102	2111	2116	2117	2123	2128:3458:12	8	587	91	150	141	129	91	308	1525	100	316
14	1676	1687	2078	2085	2087	2099	2102	2119	2128:4727:1108	425	1	837	841	216	108	100	879	212
13	708	1677	1684	2068	2073	2083	2087	2093	2099	2102	2109	2119	2122	2131:2161:208	4	183	4	466	195	20	79	75	70	83	62	625	58	29
229	1684	1829	2068	2073	2083	2087	2097	2102	2110	2112	2121	2124:2711:70	4	12	725	266	312	137	395	79	75	454	174	8
1676	2079	2086	2087	2098	2102	2111	2113	2118	2128:3973:520	320	29	220	249	212	212	854	1020	337
11	1560	1665	1728	2069	2074	2077	2084	2087	2093	2099	2102	2110	2114	2120	2123	2131:1717:58	8	108	37	245	137	491	133	33	62	41	49	41	50	183	37	4
1078	1676	1728	2077	2084	2087	2094	2097	2102	2109	2114	2120	2130:3365:16	379	45	1320	429	75	129	266	104	87	262	158	95
14	1011	1669	1685	2067	2073	2084	2087	2093	2098	2102	2109	2112	2119	2131:2068:195	33	20	4	370	245	166	58	75	129	58	25	279	395	16
1058	1668	1684	2069	2074	2078	2085	2087	2094	2100	2102	2111	2114	2120	2123	2130:2004:29	58	8	300	145	270	195	45	50	66	87	66	91	487	37	70
1679	2086	2087	2102	2110	2122:2027:904	312	212	204	154	241
12	1095	1677	1687	1712	2069	2074	2079	2086	2087	2100	2102	2116	2117	2123	2127:1806:91	25	212	8	50	283	54	8	41	50	58	45	37	770	20	54
15	1665	1843	2009	2067	2072	2084	2087	2094	2099	2102	2114	2121	2129:1861:254	183	49	62	375	220	150	49	79	91	45	100	125	79
11	1679	1685	2078	2085	2087	2094	2098	2111	2112	2120	2124	2130:2176:158	266	16	379	216	62	91	120	66	400	341	45	16
839	1666	2079	2086	2087	2100	2102	2109	2113	2118	2125	2129:4692:125	391	537	641	229	129	216	220	1087	916	1	200
1059	1866	2069	2074	2078	2084	2087	2095	2098	2102	2110	2112	2120	2123	2130:2017:1	66	329	141	229	200	50	29	150	79	41	308	320	37	37
913	1684	2069	2074	2077	2086	2087	2093	2102	2111:4467:133	87	716	108	2254	408	137	241	108	275
12	1228	1681	1684	1863	2018	2077	2083	2087	2094	2097	2102	2110	2118	2126	2128:2330:83	20	170	16	58	54	529	87	54	70	133	58	37	775	91	95
1685	1977	2067	2072	2078	2083	2087	2094	2098	2102	2113	2121:5103:29	16	1266	708	974	754	208	229	179	166	516	58
13	657	1683	1711	2069	2074	2079	2085	2087	2095	2100	2102	2109	2114	2119	2122	2129:1721:154	16	170	83	254	87	33	170	33	16	12	29	37	112	370	58	87
13	475	1675	1688	1830	2067	2073	2084	2093	2102	2108	2116	2117	2122	2129:3215:275	29	262	4	145	550	191	170	150	66	25	150	937	95	166
14	1666	1684	1699	2070	2077	2084	2087	2102	2108	2114	2118	2122	2128:1955:208	112	12	150	4	425	204	33	50	29	133	429	79	87
1669	2000	2068	2073	2085	2087	2093	2099	2102	2109	2114	2120	2126	2129:2518:50	141	600	287	312	70	95	37	50	70	237	295	133	141
14	854	1678	1704	1985	2067	2072	2085	2087	2099	2102	2107	2112	2118	2122	2130:1992:200	4	137	87	29	308	262	150	50	58	50	12	154	400	58	33
264	1680	1686	2000	2070	2075	2078	2087	2097	2102	2111	2119	2126	2129:3886:383	358	12	83	387	37	466	158	283	137	133	950	187	312
14	960	1665	2007	2083	2087	2093	2097	2102	2110	2114	2117	2129:2437:308	54	137	150	183	58	79	150	37	54	95	991	141
15	1344	1680	1727	2078	2087	2095	2102	2111	2120	2131:5466:1704	112	570	12	2108	166	54	125	179	412	24
12	1666	1974	2067	2072	2084	2087	2094	2099	2102	2107	2118	2123	2127:2009:200	112	37	362	200	154	54	58	75	54	20	604	50	29
863	1678	1684	2037	2077	2087	2102	2110	2113	2118	2122	2128:3528:16	387	25	316	1112	91	83	87	383	691	108	229
11	1675	1684	2067	2072	2078	2087	2094	2097	2102	2109	2114	2123	2130:2848:170	358	24	562	516	525	58	58	258	104	75	4	70	66
508	1684	1974	2067	2072	2087	2098	2102	2109	2116	2117	2123	2127:4428:275	12	45	450	429	137	420	129	95	616	1525	108	187
716	1680	2048	2069	2102	2111	2122:1384:12	433	295	416	83	91	54
809	1674	1684	1857	2036	2068	2074	2098	2111	2116	2117	2122	2127:4279:154	333	29	254	154	658	204	166	87	475	1395	162	208
1666	2069	2074	2078	2087	2093	2100	2102	2111	2113	2120	2130:3290:266	658	291	483	150	191	83	112	95	420	429	112
11	1680	2069	2074	2078	2084	2087	2093	2100	2102	2110	2114	2121	2124	2130:1794:183	225	420	108	291	208	50	95	29	45	50	16	24	25	25
385	1682	1684	2084	2087	2093	2102	2124:1978:99	612	45	741	91	141	175	74
1680	1832	1883	2070	2075	2077	2083	2087	2094	2098	2102	2107	2113	2118	2123	2128:2037:200	12	20	20	20	370	145	49	50	125	62	8	191	595	29	141
480	1668	1685	1698	2067	2072	2087	2092	2102	2111	2126	2130:2911:74	133	29	283	1012	450	145	266	166	179	33	141
452	1676	1858	2042	2067	2072	2079	2083	2087	2093	2097	2102	2114	2117	2126	2127:1962:4	158	70	120	241	204	8	108	45	83	162	45	37	591	66	20
1680	1871	2067	2072	2084	2087	2094	2097	2102	2112	2120	2126	2129:2578:283	87	533	245	170	66	75	175	37	279	462	83	83
1674	1687	2087	2093	2102	2109	2112	2119	2123	2130:2970:804	20	145	316	220	179	912	4	229	141
13	431	1668	1685	2070	2083	2087	2092	2102	2111	2113	2117	2122	2127:2485:220	4	79	12	116	237	87	104	70	37	125	1187	95	112
14	1677	1684	1832	2036	2077	2085	2087	2093	2100	2102	2109	2113	2118	2122	2127:2057:145	150	20	1	133	441	129	24	66	33	29	50	158	579	58	41
12	1679	1694	2068	2073	2077	2087	2095	2097	2112	2118	2123	2128:1858:116	112	91	291	145	379	33	1	75	170	362	25	58
13	548	1682	2070	2085	2087	2093	2098	2102	2111	2121	2126	2127:3514:650	50	466	20	925	216	245	266	170	170	33	237	66
938	1682	1702	2070	2075	2079	2085	2087	2093	2100	2102	2110	2113	2120	2131:1890:41	191	220	150	104	29	83	58	87	12	66	58	175	608	8
477	1668	1866	2068	2073	2085	2087	2097	2110	2112	2120	2130:2678:24	75	254	479	229	295	108	70	75	391	612	66
12	1666	1685	2067	2072	2078	2083	2095	2098	2102	2119	2126	2130:2574:208	125	4	562	358	412	183	16	79	70	479	8	70
343	1676	1687	1702	2069	2074	2079	2085	2087	2093	2100	2102	2111	2113	2120	2123	2128:1881:20	204	8	79	254	95	12	154	50	75	24	54	54	137	537	58	66
14	720	1978	2070	2075	2077	2087	2093	2102	2109	2114	2117	2123	2127:2278:258	1	29	129	70	558	41	87	75	37	112	720	91	70
13	817	1681	1687	2034	2069	2074	2086	2087	2093	2102	2111	2112	2119	2122:1956:162	8	175	1	141	249	112	91	45	104	83	24	212	483	66
13	944	1667	1684	2042	2087	2094	2100	2102	2109	2112	2119	2126:6160:1325	366	270	79	562	216	166	79	229	245	1391	762	470
14	1087	1676	1821	1974	2070	2074	2077	2083	2087	2094	2098	2102	2109	2114	2117	2123	2127:1707:187	25	145	1	33	150	83	266	58	33	25	54	54	20	66	458	33	16
14	870	1682	2058	2087	2119	2122:4129:1349	120	1004	812	179	170	495
9	1157	1681	2027	2083	2087	2093	2097	2102	2109	2113	2118	2126	2128:2474:25	16	200	183	162	79	112	262	79	75	337	712	112	120
113	1667	1684	1868	1914	2069	2085	2102	2112	2124:3937:58	220	125	1095	50	595	504	166	1062	62
820	1677	1728	2019	2068	2073	2078	2083	2087	2093	2097	2102	2114	2120:2343:62	237	37	120	341	220	329	170	50	87	183	54	120	333
14	1675	2001	2079	2086	2087	2093	2102	2111	2119	2122	2129:3539:525	491	145	220	258	124	200	129	145	895	191	216
14	641	1678	1685	1874	1973	2069	2074	2087	2093	2098	2102	2109	2114	2119	2124	2128:2667:291	50	270	8	233	12	341	170	87	62	154	62	33	112	679	8	95
14	1674	1684	1861	2008	2077	2085	2087	2100	2102	2111	2114	2117	2123	2127:2544:245	212	16	1	112	675	108	54	45	37	45	108	745	66	75
1675	1684	1705	1985	2087	2094	2099	2102	2111	2122	2130:1540:362	54	354	74	95	83	50	116	191	145	16
13	1675	1687	2069	2074	2087	2093	2100	2102	2109	2112	2121	2124:2653:337	266	4	533	104	95	100	49	133	83	612	308	29
15	1677	1702	2070	2075	2079	2085	2093	2102	2110	2113	2120:3402:679	279	133	275	70	341	362	95	66	41	341	720
13	1676	1740	2056	2084	2087	2097	2102	2109	2118	2126:4505:525	487	304	400	758	154	450	95	116	1112	104
609	1679	2000	2067	2072	2083	2087	2097	2102	2109	2126	2129:8932:520	1050	733	2054	1083	404	195	695	270	216	704	1008
10	1678	1684	1977	2067	2072	2078	2084	2087	2092	2099	2102	2109	2120:2339:95	195	20	16	425	287	225	283	66	62	58	75	41	491
14	1145	1666	2079	2087	2092	2102	2111	2113	2118	2126	2127:3353:566	4	195	170	95	191	100	79	225	1387	175	166
13	292	1687	2079	2086	2087	2092	2102	2116	2117	2128:5325:1254	275	12	262	100	133	241	270	104	2245	429
15	1346	1682	1684	2069	2074	2078	2083	2092	2099	2102	2109	2123:6184:1649	87	666	74	970	83	1433	350	204	145	191	120	212
13	1668	1684	1740	2007	2068	2073	2078	2083	2087	2094	2100	2102	2110	2118	2129:1838:133	41	8	29	62	262	120	266	137	29	41	99	70	33	400	108
980	1667	1686	1702	2067	2072	2084	2087	2092	2099	2102	2113	2120	2123	2128:2245:12	87	4	158	395	229	195	54	79	79	50	204	583	58	58
10	1210	1684	2078	2085	2087	2099	2102	2108	2112	2120	2124	2130:3098:179	58	33	658	429	145	112	141	8	620	616	54	45
1115	1675	1741	2069	2074	2084	2087	2100	2102	2109	2113	2118	2122	2130:1882:29	216	12	287	95	175	54	58	41	41	204	558	54	58
14	271	1675	1687	1718	1987	2070	2074	2078	2085	2087	2102	2109	2116	2121	2129:2040:287	79	204	4	87	37	179	116	304	237	54	79	66	8	220	79
14	664	1677	1686	1824	2070	2078	2087	2095	2098	2102	2107	2119	2122	2128:2588:270	29	312	33	8	16	270	116	45	133	83	50	887	120	216
425	1702	1949	2068	2073	2077	2087	2092	2097	2102	2108	2113	2120	2124	2131:2319:16	166	12	304	154	562	29	87	191	70	29	133	529	8	29
203	1680	1871	1974	2067	2072	2084	2087	2094	2098	2102	2112	2120	2123	2127:2298:91	166	141	1	504	241	158	58	79	70	41	270	337	50	91
14	1681	2070	2075	2078	2083	2087	2098	2102	2112	2119	2122	2128:1877:183	124	95	29	262	129	45	112	50	258	412	70	108
13	843	1679	2070	2075	2087	2093	2102	2109	2112	2119	2128:3141:304	75	362	537	100	124	162	133	29	383	745	187
12	1666	1859	2070	2075	2079	2085	2087	2102	2108	2114	2119	2128:2421:275	204	75	41	8	150	245	129	112	25	104	912	141
1735	2069	2087	2093	2102	2111	2120	2122:2380:100	791	137	300	216	166	312	358
1667	1687	1971	2069	2083	2087	2093	2102	2109	2113	2117	2122	2127:5613:250	4	4	1562	250	191	204	208	37	237	2125	133	408
1680	2068	2073	2079	2097	2110:4789:929	1308	974	633	737	208
570	2015	2070	2075	2077	2083	2087	2092	2100	2102	2108	2114	2117	2123	2128:2201:29	108	129	1	516	124	37	91	20	66	24	66	833	66	91
267	1669	1684	2013	2068	2074	2079	2086	2087	2098	2102	2108	2114	2117	2126	2127:2045:87	16	20	79	345	120	8	141	37	108	58	16	87	812	66	45
268	1677	2068	2073	2079	2084	2087	2093	2098	2102	2108	2114	2120	2126:3113:54	270	862	395	120	304	104	95	108	79	20	137	370	195
14	610	1681	1686	1978	2070	2075	2077	2087	2092	2099	2102	2114	2117	2123	2127:1894:166	4	175	8	12	100	58	425	33	45	58	45	58	608	50	49
14	1683	2069	2074	2084	2102	2110	2112	2119	2123:3170:466	270	495	62	362	58	108	466	725	158
12	1116	1669	1686	1864	2036	2078	2086	2087	2092	2100	2102	2111	2114	2117	2122	2127:2072:154	54	8	4	62	75	237	79	37	87	16	62	41	37	916	95	108
14	1665	1973	2067	2072	2084	2087	2093	2100	2102	2108	2112	2119	2124	2128:2249:187	141	8	441	291	158	66	66	70	45	29	170	466	20	91
14	225	1669	1686	1987	2069	2084	2087	2093	2098	2102	2114	2117	2129:3317:329	120	24	16	104	237	408	95	191	70	79	62	1337	245
642	1678	1857	2043	2079	2085	2087	2100	2102	2111	2116	2117	2127:2561:87	229	133	187	8	208	83	20	58	62	333	1116	37
14	796	1680	1984	2078	2083	2087	2093	2097	2102	2109	2119	2129:2312:312	37	225	95	450	20	62	100	220	54	29	533	175
1674	2070	2075	2077	2085	2087	2102	2111	2112	2117	2122	2127:1894:208	137	66	470	95	29	45	25	220	533	54	12
13	897	1668	1685	2060	2078	2087	2097	2102	2109	2118	2124	2129:3065:412	54	87	20	316	337	91	275	91	75	995	37	275
15	1666	1684	1989	2070	2075	2084	2087	2093	2099	2102	2108	2123	2129:7539:2425	874	62	137	316	304	1104	220	508	270	166	120	308	725
9	1147	1687	2000	2068	2073	2078	2084	2087	2092	2099	2109	2119	2126	2129:1928:12	20	4	95	308	250	341	150	45	62	87	25	329	75	125
864	1669	1686	1702	2057	2077	2085	2087	2095	2102	2109	2113	2120	2122	2130:2757:20	12	12	275	304	695	154	49	25	79	83	233	600	112	104
14	1665	2075	2077	2087	2095	2102	2109	2112	2118	2122	2129:3582:487	220	37	1387	79	25	62	62	383	508	145	187
14	580	1674	1687	2058	2069	2087	2094	2099	2102	2118	2122	2130:3118:433	25	195	24	362	595	125	87	70	116	908	133	45
824	1679	1849	2067	2072	2077	2084	2087	2094	2100	2102	2109	2112	2118	2123	2128:1956:8	170	62	266	191	375	83	41	50	33	50	33	179	270	37	108
871	1665	1857	2013	2077	2097	2111	2116	2117	2126:5732:112	329	170	112	1679	512	87	720	1745	266
12	1687	2009	2079	2086	2087	2093	2100	2102	2110	2129:4524:1083	8	266	841	662	204	337	220	258	195	450
13	1679	1731	2067	2072	2077	2087	2097	2102	2110	2118	2128:2629:154	141	4	404	300	629	41	245	79	66	479	87
14	1679	1685	1973	2069	2074	2086	2087	2100	2102	2108	2119	2124	2128:2388:441	233	12	20	425	191	108	108	66	70	12	587	20	95
12	1712	2043	2067	2072	2087	2094	2098	2102	2108	2117:2248:179	41	145	433	216	66	83	162	87	16	820
13	841	1665	2042	2085	2087	2094	2100	2102	2126:2191:320	58	350	358	512	125	112	66	99	191
14	255	1686	2070	2075	2079	2085	2087	2095	2099	2102	2111	2112	2119	2124	2129:1871:220	29	4	191	58	125	204	54	1	50	41	45	233	508	29	79
335	1713	2058	2067	2072	2084	2087	2100	2102	2116	2122	2130:6350:554	1	1237	1729	924	1062	212	70	237	4	237	83
1674	2068	2074	2087	2093	2097	2102	2111	2113	2118	2130:2920:270	462	208	116	91	341	79	104	458	758	33
924	1667	1687	2078	2085	2087	2095	2100	2102	2111	2120	2126:5567:250	175	12	1833	1108	154	4	154	287	204	966	420
13	565	1680	2054	2067	2073	2094	2100	2102	2109	2122:3864:666	1	683	908	887	241	216	25	104	125	8
883	1669	1687	1858	2067	2074	2083	2087	2098	2102	2111	2114	2117:4319:204	24	12	129	1045	70	579	162	129	124	129	8	1704
1151	1666	2009	2075	2077	2087	2102	2111	2116	2119	2129:2271:20	129	166	104	841	75	79	50	12	633	162
994	1682	2043	2070	2085	2087	2095	2099	2102	2127:1940:158	466	499	8	529	74	12	49	137	8
13	268	1679	1685	2012	2067	2073	2084	2087	2093	2102	2110	2122:5713:908	154	479	8	354	1529	716	687	133	225	120	175	225
14	856	1670	1740	2069	2074	2078	2083	2087	2094	2100	2102	2108	2118	2129:1801:220	12	1	1	291	108	200	154	62	33	58	50	41	475	95
14	1677	1686	1871	2068	2073	2079	2083	2087	2097	2102	2107	2112	2120:1801:158	129	4	100	304	133	25	70	54	154	29	8	275	358
14	1666	1817	2067	2072	2085	2087	2093	2100	2102	2116	2119:1887:158	95	4	354	350	175	45	91	58	58	79	420
337	1676	1686	2070	2087	2099	2102	2110:1919:462	787	62	25	150	1	220	212
14	181	1978	2068	2073	2083	2087	2092	2099	2102	2108	2116	2117	2123	2127:1784:141	29	33	341	237	16	41	29	62	45	12	95	633	33	37
1685	2077	2083	2087	2095	2098	2102	2109	2114	2121	2131:5641:25	2812	1049	200	70	412	216	175	495	175	12
968	1679	2068	2073	2084	2087	2093	2100	2102	2111	2114	2120	2123	2128:2674:20	329	637	312	316	104	108	75	75	87	179	245	58	129
1678	2069	2074	2077	2083	2087	2095	2098	2102	2110	2112	2119	2123	2130:2307:187	300	150	508	70	33	8	95	37	41	233	508	50	87
12	1676	2068	2073	2077	2087	2094	2097	2102	2110	2114	2118	2128:2319:154	200	379	287	445	37	45	166	50	45	8	445	58
399	1685	1977	2069	2074	2078	2085	2087	2093	2102	2108	2114	2120:5092:83	8	70	970	158	1595	633	212	287	200	1	475	400
1674	1684	1702	2083	2087	2094	2098	2102	2108	2113	2120	2122	2128:3148:366	16	262	300	145	62	141	83	37	337	1066	104	229
10	1666	2048	2068	2074	2084	2087	2093	2102	2112	2120	2122:3258:62	212	400	629	291	354	116	154	79	554	341	66
13	943	1674	1685	2051	2085	2087	2102	2109	2119	2123	2127:4816:700	383	425	58	266	908	233	174	79	1120	112	358
945	1686	2049	2069	2074	2084	2087	2094	2102	2111	2116	2119	2128:3133:137	4	229	620	204	375	125	41	79	37	141	979	162
1667	1684	2069	2087	2097	2102	2110	2119:2405:279	79	620	133	745	216	225	108
784	2013	2068	2073	2097	2102	2109	2116	2119	2126	2127:7107:349	100	1704	1279	695	266	116	550	1320	358	370
13	1683	1686	2068	2073	2083	2087	2094	2097	2102	2110	2112	2121	2128:2276:170	254	8	433	195	116	58	4	204	70	87	266	295	116
260	1675	1985	2077	2085	2087	2094	2099	2102	2109	2112	2120	2122	2130:2798:104	333	62	804	320	54	112	66	70	58	333	345	83	54
13	942	1685	2084	2098	2102	2110	2128:3025:829	270	49	937	283	179	170	308
14	1684	2069	2074	2079	2084	2087	2092	2102	2109	2113	2117	2128:1922:220	12	320	95	24	162	45	62	50	29	129	691	83
11	1678	2084	2087	2098	2102	2109	2129:2812:304	816	712	149	270	166	104	291
1665	1684	2042	2069	2074	2085	2087	2098	2102	2109	2116	2119	2126	2127:3390:308	70	50	720	83	537	150	208	116	83	129	670	166	100
2072	2087	2093	2097	2102	2109	2113	2118:3472:537	79	154	625	145	125	316	1491
1679	1728	2077	2083	2094	2098	2102	2111:5330:1325	358	1916	675	137	591	116	212
13	712	1679	1825	2069	2074	2087	2092	2097	2102	2111	2113	2117	2128:1827:133	12	145	4	270	87	58	75	137	45	62	125	612	62
1679	1685	1857	1888	2072	2097	2102	2109	2116	2117	2126	2127:7144:558	45	1429	520	112	566	162	100	1104	2070	191	287
12	1676	1686	1889	2069	2074	2083	2087	2094	2097	2102	2107	2113	2117	2128:1870:166	162	1	4	254	104	112	45	37	125	37	4	116	616	87
15	1173	1675	1684	1964	2079	2087	2095	2097	2102	2109	2121	2129:4617:1487	154	450	50	25	979	212	58	425	170	120	229	258
1064	1677	1686	2067	2072	2078	2083	2087	2093	2098	2102	2109	2112	2118	2123	2128:2167:12	170	4	362	233	212	54	41	45	62	62	37	258	470	75	70
14	287	1720	2077	2085	2087	2093	2099	2102	2109	2126	2131:3528:579	8	83	1625	495	91	158	108	87	95	179	20
12	1674	1858	2068	2072	2077	2083	2087	2092	2097	2102	2107	2114	2117	2123	2127:1744:108	124	54	204	237	266	87	20	29	79	20	1	54	370	29	62
14	1123	1674	1995	2069	2085	2087	2094	2099	2109	2114	2117	2126	2129:2368:208	50	204	62	329	175	66	70	62	20	112	820	70	120
1227	1677	2069	2074	2084	2087	2099	2102	2113	2118	2126	2128:2166:4	191	329	141	204	70	75	62	329	575	74	112
307	1666	1704	1974	2069	2074	2086	2087	2093	2099	2102	2107	2112	2118	2123	2127:2526:100	125	66	62	387	170	141	87	70	66	79	16	300	737	37	83
14	982	1679	1720	2048	2067	2073	2087	2093	2102	2122:5566:1512	195	658	70	533	1450	537	200	179	158	74
14	2070	2078	2087	2097	2102	2114	2119:6396:1895	220	1983	187	779	279	233	820
845	1678	1688	2058	2083	2087	2093	2102	2109	2122	2130:2283:91	575	4	504	195	137	341	125	83	216	12
12	1180	1685	1977	2069	2086	2087	2102	2108	2119:2879:779	54	29	75	895	391	95	116	29	416
15	1127	2083	2087	2102	2120:2897:1437	262	304	141	191	562
1678	1684	2028	2068	2073	2084	2087	2094	2102	2124:3367:625	58	437	775	154	841	137	245	87	8
929	1668	1684	1857	2051	2068	2074	2098	2102	2107	2116	2117	2123	2127:4987:166	104	33	458	225	812	275	350	137	12	362	1687	112	254
13	1676	1687	1960	2067	2072	2077	2085	2087	2093	2099	2102	2107	2112	2118	2122	2129:1710:112	70	8	12	287	183	266	54	16	29	45	33	1	116	375	45	58
14	1667	2083	2087	2094	2098	2102	2108	2123	2130:3177:1141	216	720	99	229	208	141	41	141	241
1682	1684	2005	2068	2072	2077	2086	2087	2100	2102	2110	2112	2117	2122	2127:2001:108	16	87	220	237	499	33	45	12	20	33	175	433	29	54
1668	1685	1702	1992	2075	2077	2087	2097	2102	2111	2113	2120	2122	2129:3882:62	12	304	91	33	1416	79	254	108	129	229	795	125	245
10	759	1676	2069	2084	2087	2097	2102	2110	2114	2117	2130:2414:45	24	245	254	212	70	166	70	75	100	1129	24
13	844	1675	2043	2077	2085	2087	2093	2099	2102	2111	2113	2117	2127:1774:75	37	175	62	366	112	50	70	66	37	33	104	529	58
14	862	1683	1720	2085	2087	2102	2124	2128:2764:904	83	575	54	766	183	116	8	75
14	1688	1711	2014	2068	2073	2079	2084	2094	2098	2102	2109	2114	2119:2716:254	4	108	154	608	212	87	308	87	183	79	83	162	387
14	1667	1864	2042	2079	2084	2087	2095	2097	2109	2114	2117	2126	2127:2193:237	112	70	158	116	183	54	12	170	54	37	899	66	25
1006	1674	1684	1702	1964	2069	2074	2078	2083	2087	2093	2098	2102	2109	2113	2120	2129:1848:50	112	8	129	33	166	79	279	116	16	45	104	29	8	133	475	66
9	1675	1684	2068	2073	2077	2083	2087	2098	2102	2111	2112	2118	2123	2128:1774:29	158	20	229	183	329	87	33	70	41	25	112	379	29	50
14	210	1684	1702	2052	2068	2073	2078	2082	2087	2092	2099	2102	2109	2113	2120	2122	2130:1692:141	29	12	95	129	266	158	125	45	41	62	50	45	8	100	295	50	41
495	1682	2042	2068	2073	2084	2087	2093	2098	2102	2109	2113	2117	2126:2260:62	166	137	345	137	208	50	45	79	45	25	166	725	70
920	1670	1687	1832	2070	2086	2087	2095	2099	2102	2110	2113	2118	2130:3194:145	12	4	29	154	308	141	12	66	137	87	320	1625	154
14	166	1675	1740	2004	2083	2087	2094	2099	2102	2110	2118	2127:3581:495	145	637	91	195	112	216	62	112	150	158	1175	33
14	1352	1667	1685	1720	1985	2070	2083	2087	2102	2110	2122	2130:3457:1287	16	158	4	100	95	375	650	170	116	133	237	116
12	1665	1688	1695	2068	2073	2078	2087	2092	2098	2102	2111	2112	2119	2123	2128:1837:145	120	4	116	254	137	312	29	58	95	33	33	124	320	16	41
1675	1979	2070	2077	2085	2087	2093	2100	2102	2112	2117	2122	2127:1811:133	62	62	412	100	29	70	12	33	216	600	45	37
15	1666	1686	2079	2087	2102	2130:2351:1254	441	25	149	104	141	237
1686	1741	2042	2067	2072	2085	2087	2098	2102	2113	2118	2126	2127:2711:29	95	108	570	395	279	75	116	33	291	529	83	108
15	1666	2068	2087	2094	2097	2102	2110	2123:4275:1354	587	720	141	308	483	166	233	283
13	804	1675	1687	2042	2076	2085	2087	2094	2098	2102	2111	2119	2126	2127:3495:350	287	454	8	179	16	458	145	83	208	129	83	879	162	54
869	1685	2085	2087	2097	2128:1864:133	45	866	112	379	329
13	905	1677	1826	2068	2073	2087	2094	2098	2102	2110	2119	2122	2129:2602:245	83	266	20	483	154	95	100	100	62	87	600	87	220
14	1121	1677	1688	2015	2069	2074	2083	2087	2100	2102	2110	2114	2118	2123	2128:2193:295	25	237	4	66	287	112	187	75	66	45	45	100	529	45	75
13	868	1675	1857	2072	2087	2094	2097	2102	2116	2117	2122	2129:2486:195	66	262	104	233	62	33	154	62	216	850	70	179
1667	2069	2075	2083	2087	2099	2102	2109	2114	2117	2123	2128:2652:95	437	108	141	87	29	62	41	112	1270	75	195
14	269	1667	1685	1841	2053	2070	2079	2084	2087	2095	2098	2102	2111	2114	2121	2129:1803:279	62	62	12	1	191	8	66	254	66	29	145	75	33	141	204	175
1668	1684	1702	2078	2086	2087	2094	2100	2102	2113	2120	2122	2131:3045:87	25	554	470	220	104	50	50	108	270	912	87	108
778	2068	2073	2079	2084	2087	2098	2111	2112	2119	2124	2130:3179:41	820	195	150	287	91	133	75	420	937	29	1
13	1667	1687	1858	1974	2070	2075	2078	2083	2087	2100	2102	2111	2117	2123	2127:1791:141	79	4	70	45	145	58	195	120	29	41	41	54	654	66	49
1680	2069	2073	2077	2085	2087	2099	2102	2108	2112	2117	2122	2127:1836:108	216	62	295	133	20	50	50	16	229	575	37	45
548	1668	1684	2079	2083	2087	2099	2102	2107	2119	2123	2130:3468:8	116	33	325	575	237	379	350	4	1025	112	304
812	2012	2068	2074	2084	2087	2093	2102	2109	2122:2304:91	225	637	79	387	112	270	166	62	275
772	1681	1687	1862	1994	2069	2074	2087	2094	2102	2111	2112	2122:9607:187	1758	4	616	620	1050	1200	200	466	199	462	2216	629
12	1676	1826	2040	2070	2077	2084	2087	2093	2099	2102	2108	2119	2129:1973:179	179	4	150	24	541	158	41	95	91	45	12	375	79
9	1126	1680	2009	2069	2074	2079	2087	2099	2102	2116	2118	2129:1884:1	29	158	100	362	195	91	50	54	37	150	562	95
12	1674	1686	1880	2067	2072	2079	2084	2087	2093	2102	2109	2114	2119	2122	2129:1743:150	191	12	125	229	150	112	95	33	95	33	20	50	291	70	87
12	1682	1685	1987	2068	2073	2078	2087	2097	2102	2108	2116	2119	2129:2310:158	208	8	16	429	304	145	70	195	83	29	87	495	83
1023	1685	1702	2003	2077	2083	2087	2092	2097	2102	2113	2120	2123	2131:2590:66	8	212	83	787	258	54	141	125	54	158	516	91	37
459	1686	1830	2049	2079	2084	2087	2095	2100	2102	2109	2116	2117	2128:2128:37	4	29	145	62	220	66	1	8	58	37	108	1237	116
11	1676	1728	2078	2087	2094	2102	2108	2114	2120	2130:4424:525	558	120	1775	195	116	191	29	433	320	162
14	891	1681	1687	1720	2010	2077	2087	2102	2109	2124:4120:675	58	487	8	112	220	2183	124	129	108	16
13	376	1668	1684	2070	2078	2086	2087	2092	2102	2111	2118	2126	2128:2119:191	12	120	16	12	329	79	66	87	75	70	800	108	154
10	1048	1676	1686	2049	2079	2084	2087	2093	2097	2102	2109	2113	2117	2128:2397:20	16	245	8	158	54	233	58	87	245	37	20	179	925	112
14	1686	1740	2053	2069	2075	2079	2085	2087	2093	2099	2102	2108	2118	2124	2129:2013:241	8	12	154	375	58	12	191	62	83	91	66	16	545	12	87
14	375	1684	1987	2069	2073	2078	2087	2097	2102	2114	2118	2129:2362:216	54	20	58	462	162	179	66	275	79	104	575	112
13	1684	2047	2087	2102	2111	2118:2290:700	54	858	150	191	308	29
1037	1678	2068	2073	2078	2083	2087	2093	2102	2108	2116	2119	2124	2130:2304:33	170	429	220	391	250	79	79	75	1	41	491	8	37
13	236	1665	2009	2069	2073	2083	2087	2093	2098	2102	2109	2129:3762:425	191	320	162	1037	304	370	100	175	225	125	87	241
2078	2087	2098	2102	2120	2123	2130:2223:912	141	358	175	375	208	54
14	866	1688	2075	2077	2083	2087	2098	2102	2111	2112	2119	2122	2128:1791:233	29	8	29	445	150	37	66	33	25	191	404	66	75
14	1687	1867	2079	2083	2087	2098	2108	2119:4756:1612	12	99	1283	229	179	508	1	833
858	1676	1685	2037	2067	2073	2079	2083	2087	2094	2100	2102	2108	2115	2118	2122	2128:1833:16	137	8	91	362	266	29	91	50	20	54	45	12	12	541	20	79
14	1678	1686	2068	2073	2084	2087	2093	2102	2110	2116	2119:2192:349	204	4	437	212	183	66	83	54	25	75	500
14	1674	1740	2015	2079	2083	2087	2094	2100	2102	2109	2118	2123	2128:2440:425	250	12	95	229	166	83	83	54	66	37	783	45	112
391	1674	1863	2068	2074	2087	2093	2099	2102	2109	2118	2123	2130:3347:83	295	275	620	124	87	112	70	108	66	1329	58	120
14	1265	1676	1685	2047	2077	2083	2087	2093	2098	2107	2113	2117:2869:333	37	216	12	241	591	191	50	108	54	4	170	862
14	1684	1864	2077	2086	2087	2099	2102	2111	2117	2123	2127:2804:258	37	75	833	195	79	58	75	54	937	91	112
981	1675	1977	2087	2095	2102	2109	2112	2119:2438:208	758	45	75	41	133	29	850	299
272	1667	2043	2078	2085	2087	2095	2098	2102	2112	2117	2127:4829:404	233	283	733	620	129	29	154	150	333	1670	91
972	1668	1687	1969	2070	2079	2084	2095	2102	2109	2113	2118	2122	2130:6153:262	375	29	41	604	195	1091	112	237	233	1604	583	679	108
14	1711	2068	2073	2087	2092	2097	2102	2111	2114	2119	2128:4265:558	295	991	391	141	212	504	100	120	104	687	162
353	1678	1684	1985	2067	2072	2087	2098	2102	2122:3920:300	662	41	91	908	916	145	508	141	208
14	707	1681	1826	2068	2074	2079	2085	2087	2094	2102	2111	2119	2125:2016:270	20	154	33	354	125	145	187	79	62	79	45	462	1
1675	2009	2072	2084	2087	2099	2102	2109	2116	2117	2129:3640:366	12	204	241	108	45	108	62	687	1620	187
14	752	1677	1686	2069	2074	2078	2084	2087	2098	2102	2109	2112	2119	2122	2128:1719:154	8	145	8	300	54	129	100	20	95	58	4	129	345	66	104
223	1666	1864	2015	2078	2087	2095	2102	2117	2123	2128:3677:141	245	241	91	450	120	20	154	1770	212	233
14	714	1669	1684	1704	2069	2074	2087	2102	2112	2118	2122	2131:2661:329	29	37	16	137	441	112	120	120	400	779	129	12
14	781	1676	1861	2067	2072	2083	2087	2092	2098	2102	2111	2114	2117	2128:1785:116	16	133	87	275	191	116	29	58	79	49	33	50	483	70
619	1676	1686	2068	2074	2084	2087	2092	2099	2102	2111	2112	2119	2124:2539:41	250	16	462	258	195	70	129	66	62	75	325	570	20
1035	1674	1684	1977	2068	2074	2087	2092	2098	2102	2109	2116	2119:4445:54	487	50	100	1420	266	204	245	375	183	66	158	837
14	1143	1681	1687	1973	2067	2072	2079	2084	2087	2102	2108	2116	2117	2128:1827:166	4	141	4	8	245	187	4	149	54	58	8	108	616	75
14	1687	2069	2087	2093	2100	2102	2111	2114	2117	2129:3308:629	4	487	141	104	45	112	104	187	1320	175
12	1676	2055	2068	2073	2087	2095	2097	2102	2111	2118	2126	2128:2384:166	195	216	420	162	58	16	195	70	75	620	125	66
605	1684	2025	2067	2073	2085	2087	2099	2102	2110	2116	2119:3382:25	16	195	937	341	387	108	91	100	95	204	883
14	1667	1687	1978	2069	2074	2077	2083	2087	2098	2102	2114	2117	2123	2127:1743:166	66	8	29	124	91	325	49	37	62	41	100	537	50	58
543	1675	1684	2049	2068	2073	2078	2083	2087	2094	2098	2102	2109	2116	2117	2128:1992:41	124	8	187	316	125	133	12	75	33	104	45	29	145	545	70
1682	1684	1728	2069	2074	2079	2087	2093	2097	2102	2111	2114	2120	2130:2373:237	24	29	616	133	204	100	100	279	75	87	99	320	70
14	494	1684	1862	2069	2087	2109	2112	2122:5298:1300	229	170	787	783	150	150	1475	254
1680	2068	2073	2079	2085	2087	2095	2099	2102	2109	2120	2123	2130:2107:187	425	329	212	258	54	16	49	70	25	395	37	50
1056	1685	1985	2067	2072	2083	2099	2102	2122:1745:16	50	91	779	295	166	70	116	162
1678	1684	2077	2087	2099	2102	2109	2126:1996:583	66	908	116	58	137	66	62
457	1667	2069	2074	2077	2086	2087	2094	2102	2113	2121	2124:2332:20	125	370	166	916	12	70	54	62	250	225	62
13	1683	2043	2068	2073	2078	2083	2087	2093	2098	2102	2110	2113	2117	2127:1755:87	158	91	245	166	162	29	37	50	58	41	33	120	470	8
14	907	1681	1849	2053	2070	2079	2087	2094	2100	2102	2110	2112	2118	2124	2129:2127:229	50	200	20	158	41	54	83	62	24	45	75	291	629	12	154
915	1676	1686	2067	2073	2084	2087	2093	2100	2102	2109	2116	2119:2748:8	220	20	491	441	329	116	125	66	100	54	91	687
13	577	1865	2069	2083	2087	2093	2097	2102	2111	2113	2117:4070:325	108	279	570	79	162	154	470	112	70	212	1529
14	286	1674	1863	2004	2069	2074	2079	2087	2092	2097	2102	2108	2118	2124:2327:175	66	158	204	83	270	137	62	54	108	137	49	20	800	4
12	1114	1681	1684	1865	2043	2067	2072	2078	2083	2087	2092	2098	2102	2113	2117	2124:1714:112	12	100	16	79	87	204	129	200	95	29	37	37	29	66	470	12
14	1151	1678	1684	2069	2074	2083	2087	2092	2098	2102	2108	2112	2121:1956:295	58	150	16	320	183	120	41	91	100	33	12	225	312
14	990	1677	1687	1861	1987	2067	2073	2085	2087	2094	2100	2102	2111	2114	2117	2129:1972:166	75	154	4	79	20	362	133	108	37	45	29	45	45	29	583	58
985	1665	1685	1702	2070	2074	2087	2098	2102	2109	2113	2120	2122	2128:2386:29	225	20	145	200	133	70	154	62	66	154	879	66	183
276	1668	1985	2102	2111	2112	2122:1421:254	99	95	112	137	533	191
13	1669	1685	2079	2087	2093	2100	2102	2111	2112	2119	2123	2130:2945:520	1	12	212	145	166	100	129	91	529	812	133	95
12	1220	1687	1863	2070	2075	2078	2083	2087	2097	2102	2109	2118	2126	2128:2094:150	16	4	83	120	62	366	58	50	204	58	8	687	95	133
14	1684	1711	2036	2069	2074	2084	2087	2093	2098	2102	2110	2114	2119	2122	2127:2133:216	4	45	162	266	195	158	54	87	74	37	91	108	533	45	58
1678	2070	2075	2079	2087	2102	2108	2112	2121	2123	2130:4754:545	675	116	891	204	220	8	1291	325	175	304
961	1667	1977	2087	2102	2113	2118:1049:75	133	54	50	104	508	125
1053	1676	2069	2073	2078	2084	2087	2093	2100	2102	2109	2114	2120	2126	2131:1819:50	137	262	145	208	179	45	58	45	45	54	191	320	79	1
14	1044	1667	2070	2075	2078	2085	2087	2095	2102	2109	2119	2124	2129:1925:250	58	79	108	41	295	166	54	8	83	54	575	29	125
350	1684	1974	2068	2073	2087	2099	2102	2108	2113	2118	2123	2127:3528:300	29	8	949	400	170	91	112	16	429	854	70	100
496	1665	1687	1857	2043	2079	2084	2087	2095	2099	2102	2111	2116	2117	2127:2176:62	216	4	108	120	20	158	50	24	66	54	58	262	925	49
212	1711	1948	2068	2073	2078	2085	2087	2092	2100	2102	2108	2114	2119	2126	2129:1847:29	66	33	312	158	254	162	33	70	45	58	4	95	441	33	54
13	479	1680	1826	1973	2067	2072	2084	2087	2102	2109	2119	2124	2128:2699:245	50	241	37	1	466	466	212	108	112	37	508	33	183
291	1678	1831	2068	2073	2083	2087	2093	2099	2102	2110	2123	2128:6268:566	450	437	1358	820	812	187	283	95	166	195	241	658
14	1711	2037	2079	2086	2087	2093	2102	2108	2114	2119	2122	2128:2687:391	75	258	50	229	83	179	95	29	141	887	100	170
695	1678	1684	1862	2069	2085	2097	2109	2112:3587:70	545	62	304	575	620	412	91	908
14	517	1665	1702	2019	2069	2074	2078	2087	2097	2102	2111	2113	2120	2130:2233:195	37	116	179	95	254	41	220	54	170	70	50	212	499	41
1019	1725	2069	2074	2077	2085	2087	2093	2100	2102	2109	2113	2121	2123	2130:2031:29	50	291	208	491	104	54	62	58	62	45	237	166	70	104
12	1680	1858	2051	2070	2075	2078	2084	2087	2094	2098	2102	2108	2114	2117	2123	2127:1698:141	174	54	95	129	37	220	91	16	49	33	20	12	45	466	29	87
1284	1669	1741	1980	2077	2085	2087	2099	2102	2109	2113	2118	2123	2129:2496:4	4	8	129	679	254	79	75	75	58	345	508	58	220
14	1683	1688	1832	2068	2073	2078	2087	2093	2098	2102	2109	2113	2118	2124	2128:2140:158	195	16	8	333	158	204	33	100	108	41	29	179	500	12	66
1678	1979	2067	2072	2077	2085	2087	2094	2100	2102	2109	2112	2117	2122	2127:1858:87	33	225	195	270	145	33	41	25	45	16	145	470	45	83
1685	1985	2087	2102	2109	2113	2118	2122:1609:49	58	158	150	8	729	91	366
596	1681	2028	2083	2087	2097	2102	2113	2118	2124	2131:4299:112	695	412	487	208	337	145	704	1054	104	41
242	1666	1684	1973	2086	2087	2093	2102	2111	2113	2118	2124	2128:5857:1141	345	58	129	883	199	375	254	191	912	916	29	425
14	1685	2069	2075	2079	2086	2087	2102	2111	2119	2123	2131:2799:604	41	466	50	229	170	104	116	75	729	145	70
1674	1687	2053	2087	2093	2099	2102	2111	2129:2188:616	8	429	108	187	54	141	195	450
15	1140	2069	2074	2084	2087	2100	2102	2112	2119:4222:862	254	833	150	550	154	45	100	529	745
13	465	1674	1685	1858	1974	2067	2072	2078	2083	2087	2099	2102	2114	2117	2123	2127:1705:129	12	79	12	83	8	283	166	137	41	29	33	45	20	533	45	50
15	1680	1729	2077	2084	2087	2095	2097	2110	2120	2124:2446:470	237	25	791	312	62	1	141	75	320	12
12	1677	1685	1706	2067	2072	2087	2093	2100	2102	2111	2114	2117	2128:2107:179	158	16	50	345	208	54	79	33	50	45	70	733	87
14	1675	1685	1711	1984	2069	2073	2078	2085	2092	2100	2102	2108	2114	2119	2129:2206:291	187	16	79	54	241	120	229	150	62	104	45	4	120	400	104
12	1857	1982	2077	2083	2087	2098	2102	2109	2116	2117	2126	2127:2356:158	70	45	487	70	54	100	54	20	225	808	120	145
14	1309	1678	1711	2084	2087	2094	2098	2102	2109	2114	2119	2122	2128:2470:375	1	245	116	291	62	79	145	70	50	175	637	79	145
11	1728	2070	2075	2077	2083	2087	2097	2102	2111	2114	2120	2124	2130:2062:337	20	37	75	720	125	70	258	83	50	237	37	1	12
491	1679	1702	2012	2067	2072	2078	2085	2087	2092	2102	2107	2113	2120	2122	2131:1850:4	133	75	25	237	237	179	179	25	33	41	1	145	491	25	20
13	894	1681	1684	2050	2087	2095	2102	2109	2112	2119:7811:1641	179	1183	116	1387	212	187	191	295	1795	625
1678	2069	2074	2085	2087	2102	2130:2330:504	566	8	875	58	149	170
918	1668	1684	2012	2067	2072	2084	2087	2093	2100	2102	2108	2122:8275:262	179	79	1025	2129	1700	1570	166	466	133	208	25	333
13	245	1669	1685	1830	2043	2069	2075	2078	2098	2102	2109	2116	2117	2127:4244:566	174	25	37	4	354	216	29	491	233	154	45	241	1600	75
1676	1685	2000	2084	2095	2100	2102	2109	2126	2129:2729:670	41	270	554	41	79	150	179	387	358
9	1222	1674	2015	2071	2078	2083	2087	2093	2100	2102	2107	2112	2118	2123	2128:1814:25	1	133	145	29	350	145	29	50	33	41	1	237	529	33	33
251	1682	1684	2043	2083	2087	2098	2102	2111:2133:258	320	41	408	537	133	233	70	133
740	1676	2042	2084	2087	2098	2109	2118	2126	2127:4065:174	441	295	1020	191	258	154	1291	200	41
12	1681	1974	2078	2084	2087	2094	2100	2102	2111	2114	2117	2123	2127:1922:154	170	12	208	216	41	75	16	33	37	91	741	41	87
354	1666	1824	2068	2074	2087	2097	2102	2109	2119	2123	2130:4195:175	258	62	1012	275	145	745	179	95	1029	104	116
920	1680	1832	2070	2085	2087	2094	2100	2102	2109	2113	2118	2130:2990:50	250	70	370	304	100	95	37	79	58	295	1262	20
12	1668	1684	1863	2070	2074	2078	2085	2087	2099	2102	2118	2124	2127:1980:116	95	16	95	162	112	158	141	87	41	79	833	29	16
15	1686	2019	2078	2083	2087	2093	2097	2109	2130:3535:983	16	275	1154	308	108	175	450	50	16
13	548	1665	1713	2069	2074	2083	2097	2102	2111:2173:595	20	374	33	445	16	62	329	129	170
14	1719	2050	2077	2084	2087	2102	2108	2113	2117	2124:2612:300	87	200	595	287	62	70	20	154	825	12
1679	1685	1696	2069	2074	2077	2083	2087	2092	2099	2102	2109	2113	2120	2123	2130:2304:179	8	208	250	204	462	45	41	70	129	75	1	225	287	37	83
11	1688	1728	1949	2069	2074	2077	2087	2094	2098	2102	2109	2114	2120	2124	2131:1736:87	4	20	1	258	166	583	33	83	79	58	37	129	158	20	20
14	1679	1684	1740	2061	2070	2075	2079	2084	2087	2094	2102	2108	2118	2122	2128:1861:241	166	29	4	141	125	112	170	120	41	75	66	1	479	33	58
12	1118	2031	2078	2083	2087	2095	2097	2102	2108	2113	2117	2127:2469:212	16	166	358	237	41	8	166	37	25	125	966	112
12	1125	1830	2050	2067	2072	2078	2087	2093	2097	2102	2108	2116	2117	2124:1858:79	8	33	150	316	133	212	50	58	133	37	4	87	550	8
1009	1669	1685	1702	2070	2074	2078	2084	2087	2092	2098	2102	2110	2113	2120	2130:1985:12	33	12	175	170	50	291	179	20	91	141	50	50	120	541	50
1683	1864	2067	2073	2083	2098	2102	2111	2117	2123	2128:4790:358	520	829	383	470	145	133	54	1445	137	316
11	1534	1679	1685	1728	2087	2102	2109	2114	2126:2332:358	112	770	29	87	158	195	87	174	362
13	1684	2043	2087	2094	2102	2112:3501:962	108	745	145	366	150	1025
14	349	1675	1685	1865	1973	2067	2072	2077	2085	2087	2093	2102	2109	2113	2117	2128:1826:137	62	91	4	87	37	291	187	341	83	25	37	33	50	91	216	54
12	1668	1684	1975	2079	2087	2102	2111	2113	2118	2123	2128:5733:920	133	70	1	1175	179	195	112	725	1691	170	362
14	1666	1719	2004	2070	2075	2077	2083	2087	2093	2098	2113	2117:2828:358	141	25	66	141	83	700	133	79	87	116	166	733
250	2015	2067	2072	2098	2102	2108	2119	2123	2128:7865:1249	716	1849	1629	608	262	20	808	141	583
10	1675	1686	1728	2058	2067	2072	2078	2083	2087	2093	2099	2102	2109	2114	2120	2122	2130:1692:54	125	8	20	195	333	170	179	62	33	62	16	20	33	104	225	33	20
922	1675	2012	2070	2087	2093	2102	2122:1476:70	341	275	154	108	150	116	262
14	1428	1667	1684	2079	2087	2095	2102	2109	2112	2121	2123	2130:2945:816	29	195	29	258	141	37	104	66	662	325	108	175
758	1674	2078	2084	2087	2100	2102	2119	2123	2128:6067:212	1058	1187	1041	229	325	216	949	175	675
9	1680	1686	1859	2068	2073	2078	2087	2097	2102	2114	2119	2123	2128:2868:58	262	8	137	570	158	354	66	216	70	95	608	100	166
9	1148	1679	1684	2087	2094	2102	2111	2112	2120	2124	2130:3503:220	108	550	62	195	141	179	141	1304	375	141	87
383	1679	1713	2069	2074	2078	2084	2087	2095	2100	2110	2124	2131:6891:175	933	145	1091	345	1929	1416	187	79	179	254	29	129
667	1667	1684	1728	2069	2074	2078	2087	2092	2097	2102	2110	2114	2120:4251:1	208	41	75	729	170	925	150	220	637	125	137	379	454
12	1093	1679	1684	1864	2042	2070	2079	2085	2087	2093	2099	2102	2109	2114	2117	2126:1713:133	37	166	12	45	120	16	104	133	62	75	33	33	37	37	591	79
11	1464	1679	1684	1702	2069	2074	2077	2084	2100	2102	2108	2113	2120	2124:2423:62	1	141	16	129	312	137	537	241	62	54	41	191	470	29
14	1683	1737	2037	2067	2072	2077	2084	2102	2111	2113	2118	2122	2128:2119:170	75	1	79	337	174	341	145	41	37	183	416	45	75
12	1740	2078	2084	2087	2095	2097	2102	2109	2118	2126	2128:2940:437	20	329	412	87	45	333	79	70	862	141	125
333	1676	1687	1830	2068	2087	2093	2102	2109	2116	2117	2123	2130:2982:129	270	12	75	579	91	87	87	58	58	1370	37	129
14	1678	2001	2067	2072	2093	2098	2102	2118	2122	2129:4151:475	312	104	862	670	154	66	100	1004	150	254
1669	1685	2068	2084	2087	2094	2100	2102	2110	2113	2117:7182:137	120	1575	1195	220	104	233	195	204	491	2708
12	1677	1687	1832	2061	2075	2077	2084	2087	2098	2102	2107	2113	2118	2122	2128:1765:104	120	4	4	116	4	395	129	16	54	41	1	150	495	62	70
1667	1684	1974	2069	2084	2087	2093	2098	2102	2110	2112	2117	2123	2127:3032:116	33	4	333	183	70	83	62	54	66	450	1429	54	95
207	1680	1871	2086	2094	2102	2109	2112:2392:224	712	383	70	237	125	29	612
9	1130	1688	2069	2074	2078	2085	2087	2102	2107	2119	2124	2129:2192:8	12	1	404	124	408	220	79	79	4	691	33	129
10	254	1675	1687	1702	2069	2074	2079	2085	2087	2092	2100	2102	2110	2113	2120	2126	2130:1704:37	37	191	4	116	220	66	54	162	29	70	20	58	37	154	416	4	29
1086	1685	1987	2086	2087	2095	2098	2102	2109	2112	2119	2129:4187:200	20	179	483	212	62	341	250	204	891	941	404
14	698	1676	1867	2070	2078	2087	2094	2098	2102	2110	2119	2124:2345:325	20	262	175	225	245	79	95	133	75	41	633	37
12	1665	1741	2035	2079	2087	2094	2102	2109	2113	2118	2124	2128:3827:587	308	20	316	275	154	145	87	137	541	1012	37	208
898	1678	1824	2079	2085	2087	2094	2102	2119	2123	2128:8429:379	1816	1145	870	1283	212	229	200	1033	300	962
877	1666	2015	2069	2074	2087	2097	2102	2108	2116	2119	2123	2128:4486:279	241	141	1233	179	162	445	187	54	170	829	125	441
13	728	1826	2036	2068	2073	2087	2092	2099	2102	2108	2119	2122	2127:2411:166	29	37	100	587	333	74	137	70	95	1	587	66	129
11	1684	2038	2079	2086	2087	2093	2100	2102	2109	2122	2130:4221:720	41	450	1016	475	212	225	129	183	179	383	208
490	1681	1687	2067	2072	2078	2084	2087	2092	2097	2102	2109	2112	2120	2123	2130:1892:20	170	4	341	187	183	141	37	50	170	54	20	220	208	54	33
14	939	1964	2086	2087	2093	2102	2108	2118	2129:3562:866	79	8	487	220	170	150	37	1229	316
14	1678	1864	2036	2069	2074	2078	2084	2087	2099	2102	2108	2114	2117	2122	2127:2040:108	150	83	91	275	129	250	104	50	29	41	24	16	570	62	58
876	1679	1687	1832	2068	2073	2078	2087	2099	2102	2110	2113	2118	2127:2853:1	212	4	41	462	220	325	45	87	91	66	316	908	75
204	1668	1684	2069	2087	2100	2102	2110	2122	2128:1973:362	70	49	475	133	120	120	120	145	379
13	1668	1848	2068	2075	2085	2087	2094	2102	2108	2112	2117	2122	2129:2097:145	62	87	312	70	150	45	62	45	16	183	725	70	125
432	1677	2087	2094	2102	2110	2112:2208:191	508	116	170	141	212	870
1150	2067	2072	2077	2087	2093	2097	2102	2114	2119	2123	2128:2682:1	445	370	562	45	91	216	70	116	525	50	191
10	1675	1864	2067	2072	2078	2086	2087	2102	2109	2114	2117	2128:1793:41	120	116	316	258	258	58	20	50	16	58	420	62
15	1339	1677	1687	1739	2056	2068	2073	2077	2083	2087	2097	2102	2108	2121	2126:1738:191	12	133	4	4	154	329	254	308	58	37	112	54	1	12	75
11	1679	1686	2069	2074	2087	2094	2098	2102	2108	2119	2124	2130:3382:425	491	25	1008	112	145	54	116	112	16	758	66	54
574	1676	1863	2068	2073	2078	2094	2097	2102	2110	2118	2128:4979:16	325	350	920	579	516	70	475	83	100	1304	241
12	1680	2069	2074	2087	2097	2102	2110	2116	2118	2128:2207:179	191	283	116	79	91	45	66	216	808	133
1668	1685	1857	1890	2067	2074	2084	2087	2102	2108	2116	2117	2123	2130:2590:70	25	125	8	525	175	141	83	95	8	287	916	41	91
506	1702	2019	2078	2087	2094	2097	2102	2111	2113	2120	2130:4283:45	516	279	858	133	200	604	95	137	254	1100	62
865	1677	1687	2069	2074	2087	2093	2100	2102	2111	2120	2123	2128:4081:66	416	12	1145	275	166	158	91	108	154	1016	120	354
13	1667	2008	2083	2087	2099	2102	2118	2123	2127:6395:950	1133	529	962	195	216	245	1566	262	337
10	679	1683	1688	2009	2067	2072	2086	2087	2093	2098	2102	2112	2120	2129:2171:29	12	216	1	79	487	304	83	66	70	75	54	312	283	100
266	1674	2042	2083	2087	2093	2097	2102	2111	2118	2126	2127:3750:470	391	383	325	154	175	250	100	137	1145	200	20
1003	1682	1858	2070	2084	2087	2102	2110	2114	2117	2123	2128:3696:79	295	358	150	566	104	75	66	41	1504	129	329
1675	1728	2028	2069	2074	2077	2087	2102	2111	2114	2120	2124:3106:404	12	320	441	116	1020	58	116	83	262	229	45
1686	2009	2069	2074	2085	2087	2095	2097	2102	2111	2112	2120	2129:2300:1	116	391	200	187	83	41	220	50	62	387	454	108
13	1674	1693	2067	2072	2078	2087	2093	2097	2102	2109	2113	2118	2128:1975:91	112	166	287	220	291	45	54	124	50	45	37	395	58
1054	1666	1702	2068	2072	2077	2087	2093	2097	2102	2113	2120	2124	2130:1931:20	66	137	287	170	454	16	37	112	45	125	420	41	1
9	1199	1665	1708	2079	2087	2093	2102	2109	2113	2119	2123	2128:3674:129	49	275	91	579	208	145	133	137	425	1058	191	254
15	1167	1685	1838	2070	2075	2078	2087	2094	2102	2109:2369:716	58	75	41	12	16	941	145	116	116	133
13	1669	1684	2077	2086	2102	2112	2119	2122	2129:7854:1225	37	404	2066	741	233	1220	520	1050	358
14	1298	1667	1688	1711	2069	2074	2078	2083	2087	2094	2097	2102	2107	2114	2119	2125:1752:191	12	66	4	70	304	95	266	37	41	75	104	33	8	100	345	1
528	1676	1686	2069	2074	2079	2087	2098	2109	2113	2118	2123:2749:37	358	12	575	145	50	108	141	50	291	920	62
14	2006	2069	2074	2077	2084	2087	2097	2102	2111	2112	2119	2124	2128:1804:183	29	208	87	283	100	50	150	41	41	195	358	29	50
319	1668	1685	2070	2086	2087	2094	2102	2108	2118	2123	2130:4517:133	183	45	704	633	187	233	300	54	1445	325	275
12	1666	2077	2087	2093	2102	2113	2118	2123	2128:3421:300	166	900	75	95	100	262	1291	87	145
1682	1686	2069	2074	2084	2087	2097	2102	2111	2119	2126	2127:5704:708	54	1445	79	1099	183	675	250	129	745	158	179
14	1108	2068	2074	2087	2093	2102	2111	2114	2117	2122	2128:2112:233	12	383	208	49	66	58	58	158	733	75	79
193	1667	1686	1702	2013	2070	2075	2085	2087	2100	2102	2109	2113	2120	2126:2836:108	133	8	150	183	245	12	400	91	20	79	37	229	1000	141
12	1667	2079	2087	2100	2102	2110	2119:2634:1100	337	95	141	70	250	200	441
14	713	1686	2034	2068	2075	2087	2100	2102	2109	2118	2122	2130:3856:666	12	20	287	1108	99	158	91	104	83	954	220	54
15	1674	1687	1856	2069	2074	2083	2087	2093	2099	2102	2109	2114	2119	2126:2268:287	216	12	8	395	133	233	45	83	20	62	25	79	637	33
12	1681	1832	2049	2067	2073	2078	2083	2087	2093	2097	2102	2109	2113	2118	2128:1800:62	120	20	91	204	141	116	74	37	54	145	25	29	137	475	70
901	1683	1688	2068	2073	2078	2087	2092	2099	2102	2111	2120:2197:41	175	4	483	191	450	54	100	62	58	50	529
584	1677	1687	1867	2068	2073	2078	2085	2087	2092	2100	2109	2114	2119	2123	2130:2068:4	200	8	158	387	154	266	170	54	66	8	20	49	425	41	58
14	587	1682	1684	1861	2036	2068	2073	2078	2084	2087	2092	2099	2102	2108	2114	2117	2122	2127:1694:124	1	158	8	70	87	266	116	200	54	25	37	25	66	1	58	349	16	33
13	674	1668	1830	2043	2068	2073	2079	2098	2102	2108	2116	2117	2127:4460:545	33	100	54	145	791	345	204	191	120	1	262	1645	24
13	899	2001	2069	2083	2087	2102	2109	2122	2129:2966:758	204	133	537	145	116	141	58	366	508
12	1666	1686	2000	2067	2072	2087	2092	2097	2102	2109	2121	2126	2129:2551:245	116	12	66	595	370	108	141	237	83	54	200	145	179
978	1676	1686	1857	2068	2074	2083	2087	2094	2102	2108	2116	2117	2123	2128:2572:70	170	4	162	479	91	187	66	49	75	16	208	837	50	108
345	1666	1686	2069	2074	2079	2086	2087	2092	2109	2114	2120	2122	2131:4766:29	262	12	1229	112	529	633	225	241	179	504	491	170	150
1678	2069	2074	2078	2086	2087	2095	2102	2109	2112	2119	2123	2130:2786:233	550	170	350	112	62	24	66	75	375	537	95	137
12	1225	1677	1745	2069	2074	2077	2083	2087	2093	2098	2102	2120:1827:145	29	170	4	220	79	416	16	37	70	125	75	441
867	1668	1687	1727	2070	2079	2085	2087	2102	2109	2120	2123	2130:2634:54	124	4	1	141	554	629	150	116	45	575	112	129
14	671	1674	1720	2010	2070	2075	2077	2087	2095	2098	2102	2111	2124:2447:466	8	229	91	137	137	12	999	58	4	145	79	66	16
10	1682	1687	2014	2068	2073	2085	2087	2092	2099	2102	2111	2112	2120:2363:12	270	4	120	545	229	279	70	116	45	41	66	283	283
14	1101	1679	1685	1720	2028	2068	2072	2077	2084	2087	2093	2100	2102	2108	2115	2124:1913:241	33	162	4	58	108	333	237	349	166	33	87	16	45	12	4	25
1679	1702	1976	2077	2083	2087	2094	2098	2111	2113	2120	2124	2129:3677:320	383	62	1166	37	91	145	254	83	320	695	1	120
14	427	1719	2050	2067	2072	2077	2084	2087	2093	2099	2102	2110	2113	2117:1787:112	1	58	158	212	241	279	137	16	25	33	37	41	79	358
13	1680	2068	2073	2077	2097	2102	2109	2126:4896:779	479	629	337	1962	470	91	108	41
1680	1711	2068	2073	2079	2085	2087	2093	2102	2111	2114	2119	2123	2128:2428:270	50	354	200	41	200	91	91	58	91	133	675	66	108
1668	1700	2072	2084	2087	2099	2102	2111	2116	2117	2128:4286:74	275	316	533	116	70	95	54	775	1766	212
13	289	1670	1871	2009	2087	2094	2102	2111	2112	2120	2129:6953:812	887	141	170	12	208	150	329	370	2491	583	800
1686	2083	2087	2097	2108	2113	2118:2221:33	520	129	370	100	699	370
14	806	1676	1686	1871	2086	2087	2095	2102	2111	2112	2120	2122	2129:2686:395	20	320	8	208	325	62	1	83	87	391	425	145	216
14	338	1683	1685	1720	2068	2073	2077	2087	2092	2097	2102	2109	2126:2723:270	12	237	4	58	358	183	941	58	108	245	87	37	125
556	1667	1687	1977	2068	2073	2094	2097	2102	2109	2119:3641:200	187	8	75	1399	275	137	1008	195	133	24
15	1124	1681	1685	2056	2068	2073	2077	2087	2092	2097	2102	2109	2126:4101:683	45	337	20	275	658	470	1020	75	112	137	83	62	124
12	1685	2067	2073	2083	2087	2092	2102	2108	2114	2118	2123	2128:2040:150	12	333	291	129	66	66	54	12	137	654	70	66
11	1666	1686	1725	2077	2087	2094	2102	2109	2113	2121	2124	2130:2718:270	266	12	33	1095	100	75	125	70	437	145	70	20
15	1351	1675	1685	2014	2078	2087	2102	2113	2120:3698:1075	25	308	16	300	908	158	79	325	504
1020	1665	1686	2014	2067	2072	2077	2087	2095	2097	2102	2109	2114	2121:2632:75	175	8	141	408	395	633	50	20	291	75	62	162	137
205	1681	1686	2013	2067	2073	2084	2087	2098	2102	2109	2126	2127:8256:1124	1083	45	341	2383	612	1150	183	579	295	37	420	4
14	805	1681	1864	1973	2067	2072	2078	2083	2087	2097	2102	2108	2114	2117	2128:1722:95	1	133	70	16	287	133	258	75	20	104	37	24	16	412	41
15	1335	1686	1739	2078	2085	2087	2095	2099	2102	2114	2130:3191:704	87	12	29	1300	641	112	58	41	125	12	70
13	441	1667	1684	2048	2068	2074	2085	2087	2092	2102	2111	2112	2119	2122:2964:254	33	83	41	279	612	112	158	87	125	83	116	466	495	20
1002	1702	1986	2069	2075	2079	2086	2087	2092	2102	2109	2113	2120:2345:66	275	87	233	83	233	191	83	104	62	58	270	600
14	1684	1862	1985	2067	2072	2086	2087	2092	2100	2102	2109	2112	2122:2877:412	33	83	58	616	537	108	95	108	45	100	54	495	133
9	1686	1826	2068	2073	2084	2087	2092	2098	2119	2126	2128:5803:66	4	37	1862	662	1045	162	229	408	583	375	370
934	1681	1684	1863	1995	2087	2102	2118	2126	2129:5975:108	912	58	983	87	170	233	2583	304	537
284	1862	2069	2087	2098	2102	2112	2124:4309:754	1050	641	104	270	179	1287	24
14	1091	1665	1689	1711	2067	2072	2079	2085	2087	2092	2100	2102	2108	2114	2119	2122	2128:1725:166	12	54	1	50	320	266	137	95	41	58	41	41	20	66	266	50	41
1828	1888	2068	2073	2078	2083	2098	2102	2108	2116	2117	2126	2127:4113:83	87	662	200	520	4	191	91	1	254	1829	54	137
1667	2070	2086	2087	2100	2102	2110	2124	2131:910:125	12	395	91	45	100	129	1	12
12	1675	1685	2006	2084	2087	2100	2102	2108	2119	2124	2128:3974:737	370	25	145	708	191	33	133	37	1141	79	375
12	1102	1665	1848	2070	2079	2085	2087	2094	2099	2102	2107	2112	2117	2126	2127:1823:137	20	129	66	8	4	145	54	20	50	62	4	225	725	87	87
753	1667	1684	2087	2098	2102	2119	2123	2130:1632:174	212	45	125	237	149	416	137	137
940	1665	2043	2086	2087	2102	2111:1647:170	470	333	279	112	154	129
911	1677	1687	1985	2069	2074	2093	2102	2111	2122	2130:3212:87	800	4	108	979	200	237	170	220	262	145
14	1674	2050	2070	2075	2078	2086	2087	2092	2100	2102	2114	2117	2124:1753:154	150	150	166	66	162	41	29	41	41	58	100	591	4
14	1685	2015	2070	2075	2086	2087	2102	2108	2119	2123	2128:4480:1908	12	283	437	62	4	250	258	1	762	195	308
15	1668	1687	1970	2068	2073	2078	2084	2087	2094	2098	2102	2120:3991:862	87	4	62	600	358	770	433	133	258	175	108	141
12	1674	1684	2075	2077	2085	2087	2092	2100	2102	2110	2118	2128:1868:79	191	4	62	479	141	45	70	41	66	54	541	95
1665	1994	2087	2092	2102	2110	2122:1573:675	150	95	204	108	133	208
13	811	1675	2069	2074	2077	2087	2098	2102	2111	2119	2130:2157:166	8	250	358	75	508	58	170	54	45	445	20
170	1680	1857	2031	2068	2073	2078	2083	2087	2098	2102	2116	2117	2127:1947:79	154	33	87	229	112	124	41	41	70	37	216	670	54
1670	1970	2068	2073	2084	2087	2093	2098	2102	2111	2112	2119:8601:216	108	1783	791	870	145	1183	729	195	762	1395	424
303	1687	1994	2067	2074	2083	2087	2094	2102	2113	2117	2122	2130:2816:79	8	66	504	154	233	91	79	83	141	1245	83	50
14	1685	2078	2087	2097	2102	2119	2128:3863:1016	12	850	154	858	191	295	487
14	1667	1684	2068	2074	2087	2093	2097	2102	2111	2114	2117	2122	2128:2110:245	83	12	300	95	54	91	33	58	58	100	766	91	124
577	1677	2009	2069	2075	2087	2095	2102	2113	2118	2129:4428:145	433	275	1033	137	229	58	162	595	1016	345
14	792	1680	1865	2015	2069	2074	2077	2084	2087	2092	2100	2102	2109	2113	2117	2123	2128:1701:129	8	179	58	45	170	75	254	70	25	33	4	41	20	145	354	29	62
12	1667	2009	2069	2074	2087	2095	2097	2102	2118	2129:3550:383	158	91	850	91	100	12	387	150	1120	208
13	498	1665	1869	2067	2072	2094	2111	2128:3919:600	162	429	750	633	529	154	137	525
1001	1675	1684	2068	2074	2079	2087	2094	2100	2102	2108	2112	2120	2124:2745:70	341	29	662	325	150	125	45	70	75	54	504	229	66
14	1679	1737	2069	2074	2079	2087	2099	2113	2118	2123	2130:2037:266	166	4	337	33	150	45	100	270	566	25	75
10	161	1665	1685	1830	1973	2068	2073	2084	2087	2093	2102	2110	2116	2117	2128:1869:29	25	125	12	29	45	291	166	104	41	83	45	37	62	675	100
15	1682	1718	1977	2067	2072	2078	2085	2087	2093	2100	2102	2108	2121:2336:329	225	70	45	412	291	424	175	58	75	100	45	4	83
14	1680	1686	2069	2074	2077	2086	2087	2093	2102	2109	2112	2119	2122	2128:2626:245	258	8	270	75	612	129	62	104	70	16	262	345	83	87
316	1675	1685	1818	1974	2067	2072	2083	2094	2098	2102	2108	2112	2119	2123	2127:3506:95	316	25	8	12	883	375	225	112	150	83	33	245	762	41	141
12	1668	1740	2068	2073	2077	2083	2087	2095	2097	2102	2109	2118	2128:1873:150	58	20	262	129	462	50	41	41	158	62	41	358	41
10	1677	1725	2069	2074	2078	2087	2100	2102	2109	2113	2121	2122	2131:1854:45	137	41	437	166	233	70	79	45	45	270	216	66	4
780	1686	1833	2000	2068	2073	2085	2087	2093	2099	2102	2110	2120	2126	2129:2390:8	16	16	83	650	225	241	66	83	58	54	91	462	112	225
12	1679	1837	2069	2074	2079	2084	2087	2092	2099	2102	2111	2130:3423:512	441	8	783	279	112	487	133	208	70	125	141	124
165	1688	1728	2058	2068	2073	2079	2087	2094	2098	2102	2108	2114	2120	2122	2130:2718:24	8	74	345	554	137	450	104	50	179	66	8	258	320	87	54
621	1680	1863	2008	2068	2073	2078	2087	2092	2098	2102	2107	2118	2123	2127:2224:41	175	100	87	329	150	124	62	83	104	62	12	779	37	79
12	1461	1686	2017	2067	2072	2077	2084	2087	2095	2098	2102	2112	2119	2122	2129:1775:129	12	4	70	237	216	262	104	12	4	95	41	141	341	70	37
13	704	1683	1848	2084	2087	2094	2100	2102	2109	2112	2117	2128:2053:166	12	187	83	158	54	37	4	66	62	241	825	158
378	1665	1687	2068	2073	2084	2087	2095	2100	2102	2116	2122	2128:7076:645	1291	45	1770	587	841	187	20	287	320	8	425	650
14	1081	1677	2070	2075	2083	2087	2093	2099	2102	2115	2123	2128:3041:891	20	283	454	129	408	141	158	112	133	33	54	225
386	1681	2087	2102	2109	2112	2126	2129:3396:325	895	137	141	195	825	445	433
14	1681	1848	2070	2075	2084	2087	2094	2102	2109	2112	2117	2122	2127:2480:287	216	83	158	58	191	45	87	62	54	237	837	95	70
14	1681	1685	2068	2074	2083	2087	2092	2102	2111	2113	2117	2122	2128:2069:187	204	8	287	112	124	50	83	29	20	83	670	87	125
535	1680	2069	2074	2087	2093	2102	2111	2116	2118	2123	2128:3545:58	312	750	112	133	104	116	70	12	1458	87	333
458	1666	1686	2058	2086	2087	2093	2102	2109	2122:3621:287	550	20	1304	62	195	454	150	187	412
14	2098	2102	2110	2119	2123	2127:1801:783	162	129	183	191	229	124
711	1678	1684	2014	2087	2102	2110	2119:1812:45	829	83	395	179	112	95	74
931	1676	2070	2075	2077	2084	2087	2093	2099	2102	2113	2121	2124	2130:2449:62	262	191	104	925	229	70	75	83	79	254	49	25	41
1667	2067	2072	2079	2093	2097	2102	2108	2123:3376:237	1266	758	25	308	450	183	25	124
148	1668	1727	2000	2087	2094	2102	2111	2126	2129:2536:29	162	312	500	170	149	166	216	412	420
15	1135	1677	1826	2067	2073	2083	2097	2102	2107	2119	2126:6505:1658	12	754	25	1308	654	437	650	208	4	545	250
14	1848	2004	2067	2072	2078	2084	2087	2093	2098	2102	2108	2112	2117	2124:1844:129	45	45	237	183	179	66	25	50	79	41	25	212	512	16
13	653	1665	2067	2072	2083	2087	2092	2099	2102	2123	2127:2420:287	12	262	816	354	225	83	187	45	62	25	62
1680	1686	2087	2099	2102	2113	2118	2128:2735:1108	58	162	79	237	758	154	179
420	1666	2049	2067	2072	2078	2087	2094	2097	2102	2110	2118	2128:3497:216	162	337	612	362	337	112	49	341	87	87	620	175
12	1678	1745	1995	2077	2084	2087	2097	2111	2120	2126	2129:2966:333	245	1	79	795	270	91	187	95	525	137	208
956	1667	1684	1841	2069	2074	2077	2094	2097	2102	2114	2121	2124	2130:3741:87	212	54	4	704	225	1487	179	254	120	170	179	25	41
10	435	1679	1685	2068	2073	2086	2094	2099	2102	2112	2121:6915:629	20	1883	120	1958	583	12	329	216	216	929	20
317	1684	2085	2087	2094	2102	2108	2116	2119	2126:2195:324	95	658	137	258	195	8	233	54	233
14	1376	1679	2067	2073	2078	2087	2099	2102	2110	2114	2117	2126	2127:2090:191	8	175	279	245	174	58	45	75	25	87	625	16	87
748	1679	2068	2073	2084	2087	2094	2097	2102	2109	2112	2120	2123	2128:2611:33	237	554	333	183	100	49	133	75	66	333	312	83	120
12	1667	1863	1991	2068	2073	2079	2084	2087	2098	2102	2109	2118	2126:1987:108	75	70	70	325	179	175	125	62	33	62	12	658	33
13	222	2068	2072	2087	2097	2102	2111	2119	2128:2724:220	166	654	441	87	300	70	74	533	179
616	1674	1685	2085	2087	2100	2102	2111	2113	2117	2123	2128:3974:33	458	12	608	112	70	104	95	183	1775	83	441
11	1669	1685	2069	2074	2079	2085	2087	2094	2102	2110	2116	2119	2124:1989:116	50	20	395	150	104	187	66	75	66	70	16	666	8
12	1682	1684	2006	2068	2073	2078	2084	2087	2099	2102	2118	2124	2128:1896:116	141	20	104	295	145	254	137	37	41	66	400	45	95
12	2009	2068	2073	2085	2087	2100	2102	2108	2114	2118	2129:2017:258	83	333	212	183	62	33	70	25	79	575	104
764	1677	1702	2056	2079	2086	2087	2092	2100	2102	2110	2113	2120	2126:2911:4	220	304	212	116	4	116	170	83	112	100	316	1000	154
11	2014	2068	2072	2077	2085	2087	2093	2100	2102	2108	2114:3095:133	95	654	412	1070	345	54	87	50	75	41	79
1677	1702	1980	2070	2075	2078	2086	2087	2095	2107	2113	2120	2123	2129:2373:258	225	79	20	41	437	116	70	8	8	187	745	29	150
14	1679	2068	2073	2086	2087	2092	2100	2102	2109	2112	2120	2126	2129:2164:316	225	366	183	133	70	66	41	54	45	275	258	66	66
1675	1687	2043	2067	2072	2084	2087	2094	2098	2102:3845:629	4	466	1091	862	387	108	24	145	129
12	1665	1863	2077	2087	2102	2111	2118	2126	2128:5791:558	308	204	2383	137	158	116	1537	224	166
14	702	1674	1704	2069	2074	2078	2087	2102	2108	2112	2118	2122	2128:2015:225	4	170	37	170	104	216	54	75	20	279	525	70	66
14	1088	1678	1864	1978	2077	2083	2087	2092	2100	2102	2109	2114	2117	2123	2127:1753:175	8	133	41	1	362	154	20	62	29	41	25	37	562	33	70
13	1674	1684	2067	2074	2084	2087	2100	2102	2109	2118	2126:3419:308	283	58	791	229	433	95	24	79	87	970	62
283	1678	2023	2084	2087	2095	2102	2122:1692:262	462	275	479	66	33	70	45
178	1665	1684	2070	2087	2093	2099	2102	2108	2114	2117	2123	2130:3994:66	391	54	320	170	162	125	183	20	175	1958	137	233
830	1666	1685	1702	1970	2068	2073	2084	2087	2094	2098	2102	2109	2113	2120:2676:45	137	20	287	33	404	262	229	62	91	91	58	54	258	645
14	1686	1708	1985	2078	2087	2102	2113	2119	2122	2130:5356:1504	20	162	145	1366	216	191	537	870	175	170
1675	1684	1702	2058	2078	2083	2087	2093	2099	2102	2109	2113	2120	2122	2130:2459:170	8	245	291	554	70	37	66	75	70	1	191	524	62	95
12	1702	2079	2083	2087	2092	2099	2102	2108	2113	2120	2124	2129:2197:233	262	304	183	37	100	83	58	1	241	554	12	129
13	430	1688	1995	2068	2072	2079	2085	2087	2099	2102	2115	2121	2126	2129:1794:208	29	1	70	550	320	33	220	62	54	41	16	41	66	83
1681	1700	1885	2075	2077	2087	2093	2097	2102	2116	2117	2126	2127:2356:179	91	4	12	504	45	66	137	66	316	783	91	62
1687	1702	2070	2074	2077	2087	2094	2102	2108	2113	2120	2123	2129:3360:12	266	229	79	1300	95	116	83	24	258	649	41	208
1070	1666	1684	2077	2087	2099	2102	2111	2113	2123	2130:4000:112	233	100	2012	183	83	183	137	587	141	229
14	1675	1737	1987	2068	2073	2079	2083	2087	2095	2097	2102	2110	2113	2118	2129:1766:179	162	1	41	329	191	20	50	50	4	137	45	29	175	295	58
11	1677	1687	1728	2068	2073	2077	2084	2095	2098	2109	2114	2120	2124	2130:2748:145	270	4	1	495	350	649	250	16	62	58	208	191	8	41
941	1666	1728	2003	2077	2094	2099	2111	2114	2123	2131:7812:175	733	1470	445	3120	141	129	325	650	383	241
218	1676	1684	1857	2069	2083	2087	2092	2102	2110	2116	2117	2123	2128:2774:291	170	29	108	354	108	66	104	75	41	266	908	79	175
14	1176	1683	1685	2070	2075	2079	2085	2087	2098	2111	2112	2120	2130:2301:404	16	241	25	258	70	70	270	50	145	70	312	350	20
12	1665	2049	2070	2078	2084	2087	2093	2102	2111	2113	2117	2128:2046:154	137	154	58	166	179	50	66	58	58	200	725	41
658	1674	1687	2015	2069	2075	2084	2087	2102	2109	2116	2117	2123	2128:2626:29	204	1	112	175	37	237	83	83	41	279	1179	50	116
14	1051	1668	1687	1987	2067	2072	2083	2098	2102	2129:3416:716	79	29	12	37	1054	504	345	145	141	354
978	1680	2042	2067	2072	2087	2094	2098	2110	2113	2118	2126:5715:191	495	337	1308	1008	175	154	316	141	670	687	233
14	1086	1675	1686	1864	2069	2074	2077	2083	2087	2093	2097	2102	2117	2126	2127:1712:112	16	75	4	49	254	108	341	33	33	75	104	54	425	25	4
14	1026	1674	1688	2069	2087	2092	2100	2102	2109	2113	2117	2122	2129:2075:250	70	133	4	300	58	70	29	37	29	125	787	50	133
14	949	1975	2068	2073	2079	2083	2087	2093	2097	2102	2111	2114	2117	2123	2128:1709:162	45	45	200	120	124	37	37	54	108	45	41	75	504	62	50
164	1682	1684	2009	2070	2075	2087	2092	2100	2102	2110	2113	2118	2129:2926:108	237	20	166	270	41	158	137	54	79	108	395	937	216
1665	2085	2087	2102	2113	2117	2122	2127:3662:387	799	108	91	245	1583	270	179
14	1665	1684	1857	2067	2072	2084	2087	2097	2102	2109	2116	2117	2128:2035:175	145	16	66	195	245	108	62	154	41	37	208	504	79
553	1682	2049	2078	2084	2087	2102	2111	2113	2117	2128:3949:58	316	416	404	491	112	87	58	204	1612	191
1665	1684	1967	2069	2074	2084	2087	2094	2098	2102	2113	2118	2126	2128:2405:158	24	33	395	141	233	79	54	120	70	249	633	87	129
1677	2069	2085	2102	2111	2112	2117	2123	2127:5684:466	612	633	133	83	750	2699	54	254
466	1665	1704	2049	2084	2087	2097	2110	2112	2118	2128:3457:170	258	208	316	570	133	366	79	441	779	137
1040	2049	2067	2072	2078	2087	2094	2097	2102	2108	2114	2117	2128:2070:12	133	362	220	179	49	54	200	58	4	125	629	45
14	988	1680	1711	2068	2073	2077	2087	2095	2097	2110	2114	2119	2130:2164:220	41	141	112	283	170	466	33	16	183	25	83	341	50
607	1675	1686	2084	2087	2102	2111	2122	2129:3405:58	912	24	979	125	270	279	304	454
14	910	1681	1685	1737	2049	2068	2073	2085	2087	2097	2111	2113	2118	2128:2256:216	33	154	8	29	145	341	141	150	58	154	41	208	512	66
1679	1685	1725	2085	2087	2097	2102	2113	2126:3517:708	66	245	1012	129	466	150	629	112
12	1665	2037	2084	2087	2095	2099	2110	2113	2117	2122	2128:2516:137	237	208	179	50	58	58	70	154	1108	87	170
9	1251	1678	2009	2070	2075	2079	2083	2087	2097	2102	2110	2114	2119	2129:1936:12	8	200	79	220	75	87	83	62	104	62	66	133	629	116
13	219	1677	1686	1867	2068	2072	2087	2094	2097	2102	2109	2114	2119	2128:1999:158	29	166	4	116	358	220	54	4	195	54	50	33	429	129
12	1674	1686	2069	2074	2083	2087	2102	2109	2116	2119	2124:2362:183	304	8	516	108	216	116	104	54	45	675	33
14	679	1674	1687	1864	2069	2074	2077	2084	2087	2099	2102	2114	2117	2123	2127:1774:116	1	108	8	37	187	179	379	87	33	45	50	41	416	58	29
14	416	1681	1688	2000	2070	2075	2078	2087	2097	2102	2111	2119	2126	2129:2816:287	79	258	4	95	204	75	441	75	204	95	79	637	79	204
11	1679	1707	2069	2074	2079	2087	2095	2098	2102	2116	2124	2131:6877:612	708	962	1183	633	258	162	520	924	279	250	366	20
11	1680	1728	2069	2074	2077	2085	2087	2095	2100	2102	2111	2114	2120	2123	2130:1776:104	150	37	262	95	391	129	41	16	62	37	41	112	212	37	50
331	1666	1702	2042	2067	2072	2085	2087	2092	2100	2102	2109	2113	2120	2126	2127:2259:100	120	70	154	445	212	162	62	83	33	62	29	166	491	66	4
1678	1848	2085	2087	2095	2099	2102	2109	2112	2117	2126	2127:7298:920	579	1350	154	45	45	279	187	520	2537	199	483
836	1679	2084	2087	2093	2102	2109	2122:2941:112	833	958	145	245	145	170	333
15	1679	1685	1833	2069	2074	2077	2085	2087	2093	2102	2109	2120	2124:2237:279	220	4	4	287	104	670	233	54	62	58	58	179	25
1039	1675	1688	2067	2072	2077	2085	2087	2094	2099	2102	2113	2119	2123	2130:1889:37	120	4	208	250	462	145	20	62	37	29	75	391	29	20
10	233	1668	1687	2087	2098	2102	2109	2112	2126:2385:241	170	170	12	125	274	195	66	974	158
462	1677	1702	2070	2075	2084	2087	2099	2102	2109	2113	2120	2122	2129:1996:16	158	104	204	108	158	37	29	54	58	200	654	62	154
12	1317	1665	2029	2069	2074	2077	2085	2087	2093	2102	2110	2116	2119	2126	2129:1737:112	1	120	66	195	91	375	91	33	62	50	45	1	329	75	91
9	1254	1668	2078	2087	2095	2102	2110	2112	2119	2123	2128:5391:379	133	141	1600	229	24	183	204	945	891	237	425
9	1206	1681	1741	2069	2074	2077	2087	2093	2097	2102	2111	2113	2118	2124	2128:1812:37	1	120	8	258	58	345	33	54	133	45	1	212	408	20	79
12	1667	1684	1863	2068	2073	2078	2087	2094	2102	2118	2126	2128:2673:133	116	54	166	429	183	270	45	91	95	866	100	125
688	1680	1686	1847	1977	2067	2073	2084	2087	2092	2098	2109	2112	2120:4598:41	425	12	70	54	1137	591	483	158	274	166	62	625	500
770	2068	2073	2078	2084	2087	2092	2097	2102	2111	2126:3516:41	879	533	616	437	129	179	370	145	100	87
14	1682	1890	2067	2072	2078	2085	2087	2099	2102	2109	2112	2121	2123	2130:1779:250	129	12	333	195	170	133	29	25	50	25	187	187	50	4
10	361	1668	1687	1728	2069	2074	2079	2085	2087	2094	2099	2102	2111	2114	2120:2788:116	8	66	8	37	620	187	287	404	83	120	137	83	75	220	337
13	208	1677	1687	1858	2024	2069	2074	2078	2083	2087	2095	2099	2102	2108	2114	2117	2123	2127:1692:108	41	75	4	16	75	137	104	175	120	20	8	45	37	12	66	591	25	33
1009	1681	1688	1702	2070	2074	2078	2087	2097	2102	2113	2120	2130:2291:33	216	1	200	145	66	466	62	212	58	195	533	104
14	1667	1685	1987	2067	2072	2079	2083	2087	2097	2102	2111	2114	2129:3110:325	175	37	12	895	541	58	308	83	258	83	66	149	120
14	1119	1676	1693	2068	2073	2078	2087	2094	2098	2102	2110	2113	2118	2122	2128:1990:220	20	141	141	254	116	145	29	62	66	45	33	124	445	58	91
13	380	1668	1685	1847	1959	2068	2073	2084	2087	2094	2097	2102	2108	2112	2120:1853:179	49	45	4	16	12	337	208	170	41	24	191	37	20	250	270
152	1679	1686	2067	2072	2087	2098	2102	2111	2116	2118	2123	2128:3908:166	300	8	1020	429	154	225	116	112	87	929	83	279
118	1683	1686	2042	2067	2072	2085	2087	2092	2098	2102	2108	2120	2126	2127:2677:83	220	4	187	537	341	241	83	62	129	62	8	575	108	37
12	1132	1670	1684	2042	2070	2083	2087	2097	2102	2111	2114	2117	2126	2127:1893:145	12	8	12	170	58	95	54	154	58	41	112	875	91	8
521	1679	1832	2072	2086	2087	2093	2099	2102	2108	2113	2118	2124	2130:4105:125	366	141	212	420	162	179	162	104	20	341	1770	45	58
14	1161	1680	1995	2069	2074	2087	2094	2099	2102	2110	2113	2118	2126	2129:1968:204	20	145	54	283	100	41	58	33	66	33	283	499	41	108
997	1685	2067	2072	2086	2087	2092	2098	2102	2107	2112	2120	2123	2127:3977:66	45	1179	687	320	125	245	200	91	4	650	195	66	104
360	1666	1686	1974	2070	2075	2087	2092	2100	2102	2111	2114	2120	2123	2127:4632:454	483	24	154	654	191	225	341	179	329	275	587	337	158	241
1034	1682	2043	2078	2084	2087	2094	2098	2102	2113	2117	2124:2320:62	216	137	529	204	37	37	108	33	183	770	4
14	1678	1685	1720	2058	2084	2087	2100	2102	2109	2122	2130:5995:1454	991	66	216	675	1258	191	54	233	191	383	283
1099	1678	2067	2072	2077	2086	2087	2095	2102	2111	2112	2118	2123	2128:1786:25	179	233	170	283	66	37	29	25	4	174	420	54	87
14	2069	2074	2077	2083	2097	2102	2112	2118	2122	2129:6338:1100	1029	75	1845	200	154	150	666	616	283	220
13	226	1684	1858	2019	2072	2083	2087	2097	2102	2117	2130:4475:479	83	104	45	104	712	454	179	458	104	1733	20
12	2070	2075	2077	2087	2094	2102	2109	2113	2118	2122	2128:2235:187	83	16	791	41	37	75	25	316	449	70	145
13	1675	1685	2043	2069	2074	2078	2087	2092	2098	2102	2110	2117	2127:1859:95	129	8	170	250	125	137	50	83	125	54	41	591	1
14	1681	1686	1702	2067	2072	2078	2084	2087	2093	2102	2109	2113	2120	2122	2131:1767:137	112	4	83	212	204	112	120	29	41	66	20	141	391	62	33
11	1555	1684	2075	2077	2084	2087	2095	2100	2102	2124:6648:933	29	70	241	2995	1087	170	204	366	433	120
12	1107	2013	2078	2084	2087	2097	2102	2111	2114	2117	2126	2127:2755:145	112	116	312	245	75	266	62	49	70	1162	87	54
13	1685	2077	2085	2087	2094	2100	2102	2111	2112	2119	2122	2128:1932:141	16	437	200	62	58	62	50	24	258	437	58	129
13	459	1677	1684	1847	1959	2070	2085	2087	2094	2098	2102	2109	2112	2120:2070:275	54	170	33	79	4	54	179	87	29	108	95	62	387	454
13	1679	1990	2077	2086	2087	2102	2112	2119	2122	2128:7329:1187	754	104	2041	250	170	241	1183	758	237	404
13	1687	2001	2086	2087	2102	2109	2118	2122	2129:2817:629	4	112	329	137	95	58	1116	100	237
15	1136	1674	1687	1718	2068	2073	2078	2083	2087	2093	2099	2102	2109	2121:2549:487	62	275	4	83	320	175	483	208	54	91	70	54	54	129
14	1020	1683	1685	2005	2069	2074	2077	2085	2100	2102	2111	2112	2117	2122	2127:1993:108	8	141	4	79	174	100	395	154	12	50	16	237	458	20	37
14	1683	1954	2067	2072	2085	2087	2094	2102	2109	2119	2122	2129:2040:312	150	16	366	241	120	54	75	62	29	437	70	108
13	1675	1685	2037	2067	2072	2077	2085	2087	2094	2100	2112	2119	2122	2128:1802:125	137	4	91	283	162	341	104	33	16	8	91	304	41	62
14	414	1668	1685	1702	2067	2072	2093	2102	2107	2113	2120	2128:2690:279	4	41	8	70	545	416	75	83	4	158	912	95
1675	1685	2069	2074	2077	2085	2087	2094	2100	2102	2111	2112	2117	2122	2127:1827:95	8	295	129	295	83	16	37	29	29	37	229	500	29	16
1682	1867	2067	2072	2078	2085	2087	2099	2102	2111	2114	2119	2130:1928:154	100	375	216	250	191	41	49	66	70	1	399	16
13	791	1667	1686	2067	2072	2084	2087	2093	2098	2102	2108	2116	2117	2128:1905:191	29	41	29	154	258	129	54	75	83	54	4	4	675	125
14	2068	2073	2084	2087	2092	2098	2102	2109	2112	2120	2122	2128:2123:241	358	254	170	54	62	124	41	54	295	291	75	104
14	1090	1682	2069	2074	2079	2085	2093	2102	2108	2119	2123	2131:4764:1170	45	462	829	137	191	637	212	95	16	712	204	54
183	1678	1728	2058	2069	2074	2078	2085	2087	2092	2102	2109	2114	2120	2122	2130:2223:37	158	45	237	329	129	283	225	62	87	75	41	174	225	58	58
374	1686	1841	2069	2074	2079	2085	2087	2093	2099	2102	2109	2114	2121	2126:3276:66	12	91	1050	116	104	620	158	158	137	129	95	333	195	12
881	1686	1858	2015	2068	2073	2079	2083	2087	2095	2100	2102	2109	2114	2117	2123	2128:2051:8	4	70	91	366	245	1	141	45	4	25	45	70	79	720	33	104
143	1675	1817	1888	2070	2087	2092	2097	2102	2116	2119	2126	2127:4714:295	670	287	162	79	158	237	841	204	195	945	379	262
9	1249	1679	1741	2045	2068	2073	2077	2085	2087	2092	2100	2102	2113	2118	2122	2129:1700:12	16	133	25	116	137	74	308	95	33	33	20	37	195	300	41	125
12	1666	1960	2068	2073	2078	2084	2087	2093	2099	2102	2108	2112	2118	2122	2129:1740:116	75	12	250	133	200	83	25	70	8	45	25	137	441	29	91
9	1123	1679	1687	2079	2087	2102	2108	2112	2120	2123	2130:5402:866	187	1012	20	658	254	287	45	1454	24	308	287
14	1431	1681	2049	2069	2074	2078	2084	2087	2092	2102	2111	2113	2117	2128:1881:170	4	150	166	225	108	145	95	29	33	66	33	83	541	33
11	1674	1684	1728	1963	2068	2073	2077	2087	2095	2097	2102	2110	2114	2120	2123:1837:104	212	16	12	4	287	208	329	33	1	141	75	41	125	212	37
1685	2069	2074	2078	2085	2087	2094	2098	2102	2109	2112	2118	2123	2128:1815:8	254	150	200	145	50	41	62	58	29	216	470	37	95
832	1678	1684	2084	2087	2102	2123	2128:2400:70	762	66	783	104	120	195	300
821	1680	1713	2014	2070	2075	2078	2085	2087	2093	2102	2110:5362:125	458	437	433	304	45	1625	1116	212	274	158	175
1669	1684	1867	2000	2067	2072	2078	2085	2087	2094	2100	2102	2111	2114	2119	2126	2129:1810:37	16	50	54	283	233	237	150	50	41	66	25	20	12	358	87	91
1681	1684	2069	2075	2083	2087	2092	2102	2113	2117	2123	2128:3135:270	100	445	79	175	91	133	91	99	1320	95	237
1675	1684	2067	2073	2084	2087	2095	2097	2102	2111	2128:5159:816	50	1466	704	762	116	1	483	183	208	370
12	1120	1665	1684	1840	2042	2069	2074	2078	2085	2087	2093	2098	2102	2109	2117	2126	2127:1897:104	41	145	25	58	141	233	100	141	124	37	54	37	29	12	558	50	8
14	1675	1685	2067	2073	2083	2087	2098	2108	2113	2117	2122	2128:2155:141	179	8	345	220	145	62	70	20	120	637	104	104
14	1057	1669	1686	1987	2069	2073	2079	2084	2087	2095	2099	2114	2129:3760:858	112	12	12	150	791	200	262	670	166	29	120	87	291
1675	1966	2070	2075	2077	2086	2087	2100	2109	2112	2117	2122	2127:2175:166	29	100	4	499	112	33	33	41	233	800	50	75
958	1680	1688	1857	2015	2084	2087	2093	2102	2111	2116	2117	2123	2128:3411:75	304	1	162	133	450	104	83	79	58	258	1475	54	175
401	1679	1702	2034	2067	2072	2078	2084	2087	2099	2102	2109	2113	2120	2122	2130:1851:8	120	104	120	283	212	162	91	24	70	50	20	133	400	29	25
1667	1685	1973	2070	2075	2077	2084	2087	2092	2100	2102	2108	2113	2117	2124	2128:1847:66	16	4	120	54	433	154	45	79	25	37	4	112	620	16	62
10	1069	2069	2075	2087	2095	2100	2108	2112	2120	2123	2128:4693:358	237	1045	116	208	70	191	50	1424	216	266	512
10	865	1680	1686	1871	2019	2069	2074	2085	2087	2098	2111	2112	2120	2130:2411:41	25	245	4	112	125	495	133	225	87	99	79	304	429	8
182	1678	1685	1713	1994	2069	2087	2092	2102	2109	2122	2130:2436:170	670	29	33	120	604	112	320	175	49	104	50
14	529	1682	1684	2067	2072	2079	2087	2092	2099	2102	2112	2120	2123	2130:1827:170	4	133	16	366	237	125	50	58	83	45	212	262	25	41
1666	2068	2073	2087	2100	2102	2111	2122	2131:2226:350	879	254	95	8	229	170	233	8
757	2009	2068	2073	2085	2087	2099	2102	2110	2129:6937:504	179	2054	1516	1245	241	291	350	195	362
14	1345	1667	1684	2067	2072	2085	2087	2092	2099	2112	2120	2129:2224:304	4	87	12	479	316	195	66	83	50	345	179	104
12	1668	1740	2069	2074	2077	2085	2087	2102	2111	2118	2128:2083:129	37	4	270	125	708	141	45	79	33	437	75
1032	1678	1684	2077	2087	2095	2102	2114	2120	2124	2129:4703:133	591	41	2312	195	45	187	375	391	100	333
14	402	1675	1684	1719	2004	2067	2072	2077	2083	2087	2093	2099	2102	2113	2117	2127:1713:129	4	166	12	41	66	254	204	283	8	16	37	58	41	83	295	16
9	1154	1681	1684	2078	2086	2087	2102	2108	2112	2118	2123	2128:2208:1	37	245	12	333	195	45	58	25	325	654	112	166
1666	2067	2072	2078	2087	2092	2097	2102	2107	2112	2119	2123	2130:2702:141	591	295	283	58	66	187	75	8	400	441	62	95
196	1680	1718	2067	2072	2077	2083	2087	2093	2099	2102	2111	2116	2121	2126:2543:12	233	37	504	279	712	237	66	87	66	79	66	25	120	20
1687	2032	2068	2073	2078	2087	2097	2102	2110	2126:3316:8	358	820	300	654	141	470	141	175	249
10	1677	2001	2079	2087	2102	2111	2112	2121	2122	2129:3257:237	466	183	349	154	100	116	770	379	212	291
13	971	1667	1684	2021	2078	2087	2094	2110	2112	2119	2122	2129:4591:600	133	208	58	258	958	145	150	141	679	862	133	266
14	1681	2053	2067	2072	2077	2087	2093	2100	2102	2108	2113	2119	2129:1944:154	104	99	366	195	337	33	25	58	25	25	91	345	87
365	1684	2085	2087	2099	2102	2111	2112:2100:95	87	637	137	16	116	183	829
14	1679	1684	2077	2087	2102	2110	2114	2119	2123	2130:2766:429	258	29	791	95	99	75	204	562	108	116
13	1960	2067	2073	2087	2094	2097	2102	2115	2121	2122	2129:2941:391	8	891	454	125	150	429	116	12	16	95	254
10	364	1685	2003	2078	2087	2102	2111	2112	2121	2123	2131:3574:216	45	4	325	1116	141	112	125	887	383	216	4
767	1665	1684	1702	2070	2075	2079	2084	2094	2099	2109	2113	2120	2124	2128:4969:104	379	66	191	595	83	387	1004	262	104	129	475	983	12	195
14	1007	1666	2047	2077	2085	2087	2095	2102	2111	2112	2117	2127:2252:141	112	112	204	483	141	37	12	37	33	216	645	79
12	1684	1741	1990	2069	2074	2078	2084	2087	2094	2102	2109	2113	2118	2122	2128:1772:129	8	16	16	295	125	170	150	37	58	45	33	179	395	66	50
14	1052	1665	1834	1987	2068	2073	2079	2083	2087	2094	2098	2102	2109	2112	2119	2129:1743:191	25	83	12	37	204	200	20	108	45	62	66	41	29	183	362	75
158	1741	2056	2087	2097	2102	2109	2113	2118	2126:3717:62	337	1004	125	966	141	108	683	12	279
460	1677	2069	2074	2079	2085	2087	2094	2100	2109	2123	2130:4349:25	462	1383	408	370	837	175	145	116	87	112	229
14	735	1666	1685	1719	2068	2074	2083	2087	2093	2100	2102	2109	2113	2117	2122	2128:1927:154	12	91	12	83	254	120	125	45	75	66	54	41	104	566	75	50
14	699	1679	1684	1874	1973	2070	2074	2086	2087	2093	2102	2107	2114	2119	2124	2128:2163:212	24	216	25	233	54	233	112	95	66	70	75	16	83	554	12	83
1665	2067	2073	2083	2087	2092	2099	2102	2108	2116	2117	2124:2749:170	512	175	220	87	91	54	62	25	154	1183	16
12	1250	1876	2000	2067	2072	2078	2084	2087	2093	2099	2102	2116	2119	2126	2129:1749:95	4	100	37	304	175	216	79	33	62	58	25	33	383	83	62
734	1674	1977	2070	2075	2078	2086	2087	2102	2108	2114	2121:5187:108	1083	95	479	33	1754	679	200	233	70	362	91
12	1669	2004	2068	2073	2077	2083	2087	2093	2098	2102	2109	2113	2117:1749:37	8	83	175	204	362	66	20	29	66	45	25	104	525
914	1680	2094	2102	2111	2112	2123	2128:2330:104	695	99	108	175	616	200	333
72	1668	1700	2067	2072	2087	2093	2098	2102	2108	2116	2117	2123	2127:3748:12	91	137	379	358	120	137	145	104	12	500	1558	37	158
14	955	1667	1687	1830	2050	2068	2073	2078	2098	2102	2110	2116	2117	2127:3897:462	41	120	4	79	216	483	233	520	162	87	87	154	1216	33
14	2087	2102	2109	2112:3044:1424	154	175	83	1208
13	390	1681	1685	2072	2084	2087	2097	2102	2109	2113	2117:3586:354	37	237	41	441	312	87	279	95	41	229	1433
13	731	1669	2069	2075	2084	2087	2094	2097	2102	2110	2112	2120:2845:408	62	4	329	87	458	145	95	383	87	83	250	454
14	1675	1688	1774	2006	2070	2075	2077	2085	2087	2099	2102	2110	2112	2119	2124	2128:1864:179	133	4	8	87	112	50	337	120	37	70	45	29	179	375	16	83
14	937	1677	1687	1693	1984	2069	2074	2078	2087	2094	2097	2108	2113	2118	2129:2435:237	37	195	4	191	33	304	120	250	45	62	183	4	158	500	112
195	1685	1977	2084	2087	2094	2097	2102	2118:4252:508	262	249	924	195	116	1058	195	745
12	1676	1989	2068	2073	2079	2084	2087	2100	2102	2109	2119	2123	2129:1989:141	220	62	408	187	29	133	75	33	37	41	508	20	95
14	1675	2015	2087	2095	2102	2123	2128:3617:1383	850	666	124	70	154	225	145
14	1354	1719	2050	2067	2072	2078	2084	2087	2093	2098	2102	2108	2113	2117:1771:179	4	29	174	195	191	283	70	37	41	87	37	12	99	333
660	1683	2058	2078	2085	2087	2093	2110	2114	2120	2122	2130:4125:8	483	491	1254	633	158	212	133	354	133	112	154
217	1667	2036	2087	2099	2102	2110	2122	2127:1522:516	129	258	75	45	83	100	154	162
14	277	1668	1684	1825	1973	2067	2072	2077	2084	2087	2095	2102	2110	2113	2117	2124	2128:1702:179	25	8	8	8	12	329	229	366	58	33	12	62	12	91	150	37	83
11	1674	1728	2067	2072	2077	2087	2095	2097	2102	2109	2114	2120	2123	2130:2131:87	179	29	358	179	545	25	20	166	58	12	149	258	50	16
14	600	1667	1685	2042	2070	2075	2084	2087	2098	2102	2109	2118	2126:2162:233	4	104	29	141	245	95	204	75	104	79	45	725	79
14	1669	1702	2058	2068	2073	2078	2087	2092	2099	2102	2109	2113	2120	2122	2130:1866:116	8	158	183	212	162	220	16	70	66	24	16	162	379	45	29
541	1668	1688	2069	2074	2084	2087	2092	2097	2102	2112	2120	2126:5679:83	66	1	1104	233	1083	208	341	887	225	1137	199	112
13	226	1665	2036	2068	2073	2097	2102	2118	2122	2127:5099:533	350	387	358	991	250	620	120	1120	179	191
14	1667	1897	2070	2075	2078	2083	2087	2094	2099	2102	2109	2119	2123	2129:2440:425	100	24	241	45	354	20	75	50	87	83	108	554	87	187
12	1665	1685	1719	2049	2070	2079	2087	2095	2102	2111	2113	2117	2128:2158:212	162	4	45	225	41	191	62	12	50	1	145	958	50
12	1066	1675	1685	2015	2068	2072	2078	2084	2087	2092	2100	2102	2109	2112	2118	2123	2128:1698:58	4	133	4	87	170	129	229	120	16	50	37	25	12	179	379	37	29
14	278	1679	1686	2067	2072	2084	2087	2092	2099	2102	2107	2112	2120	2122	2129:2014:233	33	208	4	349	191	120	75	70	74	50	1	212	258	62	74
313	1684	1832	2067	2074	2083	2087	2094	2097	2102	2110	2113	2118	2130:2302:70	12	33	458	150	120	70	20	200	25	37	225	812	70
11	1666	1686	1708	2068	2073	2078	2087	2092	2097	2102	2113	2119	2124	2130:2205:112	116	1	158	308	195	304	49	66	170	66	174	433	12	41
803	1665	1702	2070	2078	2087	2093	2102	2111	2113	2120	2130:3319:20	212	233	116	716	145	145	108	104	341	1054	125
13	453	1676	2009	2069	2075	2085	2087	2093	2099	2102	2109	2112	2119	2129:1973:162	12	158	79	316	87	183	54	54	54	33	66	191	458	66
15	1386	1665	1685	2077	2086	2087	2094	2100	2102	2109	2126:3281:729	74	404	33	1295	74	99	129	75	133	116	120
178	1681	2069	2087	2092	2100	2102	2114	2117	2123	2130:3337:37	391	670	125	112	108	108	108	1558	66	54
1092	1682	1685	1741	1989	2067	2072	2078	2084	2087	2094	2099	2102	2113	2118	2123	2129:1781:29	112	12	20	58	237	179	154	120	33	41	54	41	175	400	37	79
14	324	1688	1861	2069	2074	2079	2084	2087	2093	2100	2102	2109	2114	2117	2126	2127:1761:204	66	8	75	266	108	41	108	25	58	54	54	37	8	570	25	54
855	1741	2037	2067	2072	2077	2083	2087	2098	2102	2111	2113	2118	2122	2128:2044:12	12	162	291	191	412	33	25	79	37	50	216	383	37	104
405	1677	1686	2009	2067	2072	2087	2094	2097	2102	2109	2129:5073:416	579	8	241	1087	1041	137	112	858	149	158	287
15	1677	1826	2067	2072	2077	2085	2087	2093	2099	2102	2119	2125	2129:1761:200	133	4	316	233	216	95	41	50	29	50	370	12	12
825	1682	1685	2012	2086	2087	2100	2102	2110	2113	2118	2122	2131:7139:158	1404	58	941	695	241	395	291	458	1316	820	358	4
284	1680	1973	2069	2086	2087	2094	2102	2110	2114	2120	2128:5358:529	1025	337	1033	245	183	275	295	191	775	58	412
14	338	2069	2074	2083	2087	2097	2102	2108	2112	2120	2126:2304:433	79	279	183	229	70	258	66	16	325	254	112
12	1280	1676	1830	2042	2069	2074	2077	2083	2087	2093	2098	2111	2116	2117	2126	2127:1997:116	8	162	4	104	150	104	270	133	33	66	66	41	83	591	54	12
1670	1687	2069	2074	2078	2086	2087	2093	2102	2108	2112	2120	2130:2874:16	8	562	170	437	191	154	125	108	25	608	441	29
1677	2085	2087	2097	2112	2118	2126	2127:3500:770	741	108	487	695	291	250	158
11	1681	1728	2077	2087	2094	2102	2107	2114	2120	2130:4233:375	479	45	2041	137	95	145	25	258	508	125
107	1680	1713	2009	2069	2074	2085	2087	2094	2102	2109	2129:7306:604	679	995	616	1241	270	962	204	354	291	570	520
14	1117	1682	1973	2067	2072	2077	2084	2087	2093	2102	2113	2117	2124	2128:1811:154	29	116	49	258	175	379	87	29	50	45	66	329	29	16
13	1679	2043	2067	2072	2078	2083	2087	2093	2098	2102	2110	2113	2117:1756:104	112	108	258	187	216	112	25	37	62	24	20	100	391
329	1684	1985	2068	2075	2084	2087	2093	2102	2110	2113	2117	2122	2130:2834:112	37	70	533	20	312	75	87	95	70	162	1137	79	45
14	1676	1702	2068	2073	2078	2083	2087	2093	2099	2102	2110	2113	2120	2125	2131:1758:166	141	158	179	129	183	33	33	37	62	50	37	129	379	41	1
13	195	1685	2070	2075	2087	2097	2102	2111	2119	2126	2128:2798:270	79	62	400	41	133	270	79	62	920	137	345
14	1665	2067	2073	2079	2085	2087	2093	2100	2102	2108	2119	2122	2128:1782:166	133	337	233	4	158	50	87	45	37	20	387	50	75
362	1684	2085	2087	2092	2099	2102	2116	2119	2123	2127:6906:1075	75	1475	225	625	279	416	675	983	208	870
686	2028	2085	2102	2108	2119	2124:2475:220	795	1150	179	45	41	45
14	1681	1685	1720	1965	2077	2084	2087	2095	2098	2102	2111:5976:787	437	45	562	20	2695	741	199	29	166	137	158
12	1682	1685	1724	2009	2079	2086	2087	2095	2100	2102	2111	2114	2121	2129:1922:333	295	4	91	187	50	104	112	12	83	95	70	70	262	154
826	1668	1702	1969	2077	2084	2087	2094	2099	2102	2113	2120	2122	2130:2257:25	58	245	25	645	204	33	91	87	58	158	554	54	20
10	215	1684	2067	2072	2087	2092	2099	2102	2110	2119	2122	2131:4011:170	79	45	1358	733	129	229	104	124	91	779	129	41
12	1669	1685	1875	2043	2067	2073	2085	2087	2094	2098	2102	2109	2112	2118:1848:125	1	12	112	87	312	183	116	37	54	66	70	24	191	458
482	1681	1687	1830	2036	2068	2073	2093	2099	2102	2108	2116	2117	2122	2127:2792:91	275	1	41	75	429	175	83	95	70	33	50	1158	91	125
12	1675	1684	1842	2000	2070	2075	2077	2084	2087	2093	2099	2102	2110	2116	2119	2126	2129:1708:100	154	16	12	29	16	95	387	91	33	75	49	41	16	37	408	83	66
14	1350	1678	1686	1848	2004	2067	2072	2078	2084	2087	2093	2098	2102	2111	2112	2117:1723:162	1	95	4	37	50	254	216	220	116	29	54	45	37	20	79	304
1857	1888	2072	2084	2087	2093	2099	2102	2110	2116	2117	2126	2127:3519:179	20	37	437	104	112	104	95	112	454	1637	120	108
595	1684	1867	2000	2067	2072	2078	2084	2087	2093	2099	2102	2107	2119	2126	2129:1888:16	12	120	41	324	191	208	133	37	66	70	50	8	400	87	125
1684	1985	2085	2087	2100	2102	2109	2122	2130:1580:58	108	512	112	87	137	179	312	75
342	1668	2049	2068	2074	2087	2097	2102	2109	2128:3575:587	112	591	883	129	133	679	116	58	287
12	1282	2004	2069	2074	2077	2083	2087	2093	2098	2102	2111	2113	2117:1828:116	1	16	225	91	379	116	33	41	100	58	20	137	495
398	1679	1685	2042	2069	2074	2084	2087	2093	2098	2102	2109	2113	2117	2126	2127:2244:70	200	4	104	250	112	158	66	91	162	29	37	129	716	62	54
13	1674	1684	2067	2073	2085	2087	2093	2100	2102	2110	2123	2128:6044:1016	379	83	1624	975	745	174	179	129	133	133	162	312
765	1681	1684	2014	2068	2073	2087	2097	2102	2109	2112	2120:3009:12	254	25	191	700	254	104	375	75	95	391	533
11	1682	1684	2069	2074	2078	2084	2087	2095	2099	2102	2109	2124:3941:316	558	45	762	120	1000	583	133	25	141	150	104	4
13	801	1680	1684	2019	2069	2074	2078	2083	2087	2099	2102	2119:1953:179	12	204	20	91	283	108	279	100	66	70	58	483
1674	1687	2068	2073	2078	2087	2093	2097	2102	2124	2130:3532:437	8	966	570	616	100	170	483	104	66	12
184	1666	1826	2068	2073	2087	2099	2102	2110	2119	2123	2128:4665:458	179	33	1591	304	187	124	179	95	845	154	516
14	1684	1832	2036	2068	2073	2077	2085	2087	2095	2099	2102	2109	2113	2118	2122	2127:1720:150	12	12	83	179	150	262	62	25	4	62	25	8	158	441	37	50
763	1974	2087	2098	2102	2110	2116	2119	2123	2127:1876:462	1	112	291	158	104	170	212	116	250
1681	1684	1708	2067	2072	2077	2087	2097	2102	2110	2113	2119	2123	2130:2040:170	25	37	358	229	370	41	137	87	25	195	304	25	37
14	379	1677	1686	1863	2015	2069	2074	2078	2095	2098	2102	2109	2118	2123	2128:2939:237	124	229	12	170	87	304	170	283	1	125	70	41	904	41	141
332	1686	1702	2068	2073	2087	2092	2097	2102	2113	2120	2126	2127:2607:87	8	183	570	125	125	125	287	54	170	666	116	91
14	1737	2050	2067	2072	2085	2087	2093	2102	2108	2113	2118:2312:320	1	199	450	329	174	70	79	66	4	204	416
13	174	1665	1739	2009	2079	2086	2087	2098	2102	2129:4704:925	200	420	529	350	366	666	216	333	229	470
14	1171	1669	2039	2068	2072	2077	2083	2087	2092	2098	2102	2114	2117	2123	2127:1718:120	20	33	141	237	191	275	70	25	29	29	41	16	462	25	4
12	1678	1688	2049	2078	2087	2093	2102	2118	2128:4819:754	558	1	370	1258	208	212	179	1125	154
14	1669	1686	1848	2050	2067	2072	2078	2085	2087	2093	2098	2102	2111	2112	2117	2124	2127:1696:141	37	12	33	95	245	120	141	66	25	50	50	45	20	120	458	1	37
304	1681	2015	2069	2073	2084	2087	2094	2102	2109	2120	2123	2128:2931:133	208	241	462	191	333	125	70	87	91	820	41	129
13	512	2015	2087	2094	2102	2110	2123	2128:1318:391	25	200	83	108	112	137	179	83
396	1678	1702	2079	2084	2087	2097	2102	2108	2113	2120:3291:58	287	291	120	504	141	304	133	25	366	1062
10	319	1681	1871	2068	2073	2078	2085	2087	2092	2097	2102	2111	2112	2120	2123	2130:1711:16	33	150	104	225	125	204	133	33	66	100	33	25	158	241	41	24
14	787	1668	1685	1719	1973	2070	2075	2077	2085	2087	2092	2100	2102	2113	2117	2124	2128:1718:154	4	41	8	8	37	54	75	345	112	24	79	58	54	108	466	37	54
11	1675	1950	2069	2074	2077	2083	2093	2098	2102	2110	2114	2120	2123	2130:2952:245	250	12	425	174	954	108	104	133	83	62	187	120	41	54
892	1677	1685	2068	2073	2078	2085	2087	2092	2100	2102	2111	2126:3051:41	420	16	641	337	670	358	149	108	58	95	83	75
11	1679	1860	2067	2072	2079	2083	2095	2098	2102	2108	2112	2119	2124:2875:158	312	104	525	458	79	112	16	100	54	58	275	566	58
450	1681	1687	2012	2069	2087	2102	2110	2122:2109:158	516	12	379	479	112	145	125	183
9	1669	1728	2084	2087	2094	2097	2102	2109	2114	2120	2126	2129:2864:162	24	24	679	162	212	308	87	70	133	504	216	283
13	1680	1858	2068	2073	2077	2083	2087	2098	2102	2109	2114	2117	2123	2127:1747:54	162	66	183	150	308	87	33	95	58	16	70	370	50	45
858	1669	1684	1856	2087	2102	2119	2123	2128:1972:37	8	87	554	108	150	254	245	529
557	1680	1687	2067	2072	2078	2084	2087	2093	2099	2102	2109	2112	2120	2123	2130:1901:1	183	1	337	237	233	125	54	100	62	50	20	216	250	20	12
1141	1686	2070	2079	2084	2087	2098	2102	2108	2113	2119	2124	2130:2410:70	4	258	162	325	108	95	120	20	329	841	62	16
336	1666	1848	2069	2084	2087	2093	2102	2109	2112	2117	2123	2130:2671:108	154	87	320	175	87	58	79	29	225	1204	58	87
1669	1684	1985	2068	2075	2084	2087	2102	2112	2117	2122:3463:58	37	25	1054	12	225	87	116	250	1458	141
14	1682	1687	2049	2068	2073	2085	2087	2093	2098	2102	2112	2119	2128:2099:200	154	8	104	337	187	187	66	49	91	54	233	354	75
12	1679	2068	2073	2087	2094	2099	2102	2111	2118	2126	2129:2408:137	250	400	129	99	50	95	58	79	845	87	179
12	1685	2075	2078	2095	2097	2102	2118	2128:3605:775	87	37	420	4	862	208	929	283
12	1675	1684	1731	2068	2073	2077	2087	2094	2097	2102	2109	2114	2118	2128:1922:120	166	16	29	279	162	366	33	12	154	58	25	12	445	45
14	776	1674	1720	2067	2073	2079	2087	2092	2097	2102	2109	2115	2122	2130:2822:412	20	237	54	729	391	150	112	170	304	75	70	16	70	12
1678	1704	1994	2067	2072	2085	2087	2093	2102	2108	2112	2118	2122:2562:254	54	66	258	425	245	95	100	87	16	325	583	54
12	1666	2060	2068	2073	2079	2085	2087	2094	2100	2102	2110	2119	2124	2129:1831:120	116	191	358	212	1	116	45	54	37	54	16	395	33	83
15	1187	1666	1964	2077	2083	2087	2098	2102	2111	2119	2129:2865:591	95	162	12	766	183	62	170	83	54	533	154
13	1677	1686	1713	2067	2073	2087	2094	2098	2102	2109	2127:2932:370	583	50	37	970	58	133	4	262	145	125	195
532	1675	2043	2087	2099	2102	2113	2118:2279:141	816	404	95	20	154	570	79
1686	2069	2084	2087	2097	2102	2109	2112:3863:25	370	1037	133	708	208	70	1312
311	1678	1687	2000	2087	2092	2097	2102	2109	2126	2129:2630:354	508	4	104	87	191	475	141	54	350	362
1675	1685	1697	2069	2074	2077	2087	2094	2097	2102	2116	2117	2126	2127:2594:170	20	108	225	112	495	50	12	262	66	229	741	75	29
12	1185	1682	1745	2067	2072	2077	2084	2087	2093	2099	2102	2108	2120	2126:1814:120	45	112	8	204	204	345	124	29	83	62	41	8	325	104
493	1677	1831	2067	2072	2087	2097	2102	2107	2123	2130:8892:279	1745	508	2208	1725	212	1170	320	1	312	412
14	1208	1666	2068	2073	2084	2097	2102	2110	2112	2119	2128:2162:241	8	83	350	262	158	187	45	37	225	487	79
12	1679	1688	1741	1992	2069	2074	2078	2083	2087	2098	2102	2110	2113	2118	2122	2129:1810:162	125	1	29	54	187	120	145	58	45	66	45	29	158	445	54	87
1042	1686	2067	2072	2077	2084	2087	2093	2099	2102	2107	2113	2119	2123	2130:2019:45	4	329	229	395	129	37	62	58	58	4	154	424	54	37
14	1678	1684	1711	2064	2078	2085	2087	2099	2102	2111	2114	2119	2122	2129:2502:212	229	16	212	183	429	200	54	49	58	70	120	475	91	104
1680	2084	2102	2109	2123	2130:1184:320	466	108	24	154	112
244	1667	1684	2087	2102	2111:630:58	200	24	91	141	116
12	1674	2069	2075	2077	2085	2087	2094	2102	2111	2118	2124	2128:1973:195	170	237	95	375	166	41	29	54	62	487	29	33
1682	2010	2068	2073	2078	2087	2093	2097	2102	2109	2124:3366:541	183	650	141	741	125	170	612	91	37	75
915	1679	2009	2067	2072	2077	2084	2095	2099	2102	2110	2119	2129:4417:91	341	220	766	516	966	383	16	95	91	129	645	158
235	1679	1684	2068	2073	2083	2102	2109	2124:2905:108	629	45	937	300	587	150	120	29
1667	1684	2046	2077	2084	2087	2098	2116	2117	2126	2127:3350:129	79	208	800	266	66	70	420	1137	100	75
13	399	1667	1684	2069	2097	2102	2110	2118:3704:716	179	195	124	608	579	220	225	858
885	1679	1858	2009	2069	2084	2097	2109	2114	2117	2129:7462:587	725	245	79	1104	895	604	154	49	2358	662
11	1665	1684	1739	1992	2070	2074	2079	2085	2087	2099	2122	2129:4563:841	408	45	45	166	641	70	208	1020	216	145	333	425
10	1066	1680	1728	1994	2068	2073	2079	2084	2087	2102	2114	2120	2122	2130:2029:4	37	250	37	79	316	175	154	225	50	58	112	483	41	8
991	1678	1686	1702	2079	2087	2093	2102	2110	2113	2120	2122	2130:3811:120	362	29	237	933	158	229	91	145	304	862	229	112
306	1667	1863	2068	2074	2085	2087	2092	2102	2107	2118:3489:120	91	191	654	145	495	120	158	87	20	1408
646	1674	1985	2087	2098	2102	2111	2122:1154:16	408	66	104	162	95	145	158
1668	1702	1950	2068	2073	2077	2085	2087	2093	2102	2110	2113	2120	2123	2130:1861:41	133	29	283	116	425	129	33	58	50	29	120	362	33	20
13	186	1682	1985	2067	2073	2085	2087	2094	2100	2102	2119	2122:2106:270	4	220	33	433	266	191	87	16	29	83	416	58
760	1677	1685	1863	2077	2087	2102	2118	2126	2127:5546:16	333	20	504	1858	179	191	1875	275	295
14	1014	1665	2007	2067	2073	2085	2087	2093	2098	2102	2111	2114	2117	2129:2009:191	16	137	70	300	154	137	45	37	87	29	66	112	566	62
908	1674	1863	2068	2073	2084	2087	2095	2102	2108	2118	2122	2129:2810:20	266	187	450	183	212	54	20	70	4	1062	91	191
376	1666	1862	2054	2069	2073	2077	2086	2087	2093	2102	2110	2112	2122:3805:129	125	120	375	479	220	1191	220	74	145	66	95	516	50
378	1687	1826	2070	2079	2084	2087	2099	2102	2109	2119	2124	2130:3122:220	4	41	337	166	808	191	120	158	116	904	37	20
442	1680	1684	1702	2067	2072	2078	2083	2087	2094	2097	2102	2107	2113	2120	2130:1922:4	125	16	95	320	137	158	137	20	70	133	29	8	133	500	37
13	449	1679	2069	2083	2087	2094	2097	2110	2128:4862:791	104	1066	616	412	112	225	1029	141	366
14	955	1667	1688	1824	2069	2074	2087	2094	2100	2102	2110	2119	2122	2129:2735:341	62	166	8	25	583	183	112	58	104	91	108	512	120	262
14	444	1711	2021	2077	2084	2087	2092	2099	2102	2114	2119	2122	2129:2076:208	20	116	91	458	187	54	95	83	45	112	433	83	91
14	1687	1846	1985	2069	2074	2085	2087	2093	2102	2111	2121	2122	2130:2685:729	16	75	66	620	149	316	116	154	116	99	29	150	50
546	1675	1685	1977	2068	2073	2085	2087	2097	2102	2110	2112	2120:4693:70	429	16	104	1254	245	620	141	545	100	116	866	187
14	1686	2036	2068	2073	2087	2093	2100	2102	2109	2112	2119	2122	2127:2503:325	1	145	533	316	58	87	58	91	24	279	404	87	95
14	1667	1684	2067	2072	2079	2095	2102	2111	2116	2118	2128:3915:404	87	41	566	579	283	8	112	108	270	1241	216
14	1134	1669	1686	1865	1973	2070	2074	2077	2084	2087	2093	2102	2109	2113	2117	2124	2128:1708:112	20	29	12	62	20	104	112	358	83	20	62	45	8	129	437	16	79
1138	1681	1976	2069	2075	2087	2093	2102	2113	2118	2129:2245:33	250	25	437	41	108	83	70	408	695	95
9	2068	2073	2078	2087	2094	2097	2110	2119	2126	2131:3537:45	833	558	416	100	87	445	83	754	204	12
627	1681	1684	2024	2069	2074	2087	2093	2098	2102	2109	2116	2119	2123	2127:3695:145	316	37	145	591	162	137	174	287	137	66	183	945	66	304
1085	1676	2068	2073	2085	2087	2092	2099	2102	2109	2112	2120	2125:2058:16	195	516	212	208	79	108	62	54	62	295	250	1
1683	1686	1857	1972	2079	2085	2087	2095	2098	2102	2116	2117	2126	2127:2826:216	12	174	50	54	233	66	20	45	37	500	1274	100	45
1674	1684	1727	1977	2068	2073	2078	2087	2093	2097	2102	2108	2120:6689:966	25	62	54	1445	883	1191	224	295	637	216	29	662
1004	1665	2015	2087	2093	2102	2111	2114	2123	2128:2878:179	712	441	133	241	162	270	279	320	141
14	1665	1685	2067	2072	2087	2102	2111	2113	2118	2124	2128:2671:254	175	20	558	362	129	58	79	312	579	41	104
1008	1682	1686	1989	2078	2087	2102	2111	2113	2118	2123	2129:5637:87	662	20	166	1787	200	183	225	1008	854	41	404
14	531	1674	1685	1727	2067	2072	2078	2083	2087	2093	2097	2102	2108	2120	2124	2129:1819:204	1	95	8	20	337	258	195	54	41	54	87	58	4	300	16	87
1679	1723	2075	2077	2087	2095	2102	2109	2113	2119	2123	2130:3508:320	8	1	1533	99	25	91	83	241	895	112	100
11	1669	1877	2078	2084	2087	2093	2098	2102	2109	2114	2120:2537:220	16	175	350	325	91	108	145	74	58	250	725
645	1665	1705	2068	2073	2087	2094	2097	2102	2109	2124	2130:3892:79	379	270	1004	258	183	312	837	150	179	4	237
14	1680	1711	1995	2075	2078	2084	2100	2102	2114	2119	2126	2129:2721:520	270	75	58	4	533	325	16	75	175	425	95	150
561	1680	1685	2025	2069	2074	2078	2084	2087	2102	2120:3012:16	337	33	237	508	133	362	345	129	112	800
13	1684	2037	2070	2085	2087	2095	2102	2111	2121	2122	2128:3278:766	74	391	12	829	187	12	175	129	241	179	283
394	1675	1685	1841	2087	2100	2102	2110	2114	2126:1558:95	704	41	74	137	79	183	116	29	100
1676	1686	2085	2087	2093	2102	2108	2123	2128:2813:575	62	754	162	170	179	12	254	645
14	985	1687	1867	2058	2067	2073	2079	2083	2087	2095	2100	2102	2108	2114	2119	2122	2130:1695:195	4	12	50	137	358	262	8	49	66	20	12	41	16	12	375	45	33
739	1977	2084	2094	2097	2102	2112:1701:54	54	345	166	445	112	525
537	2010	2087	2102	2109	2112:1307:1	375	112	120	150	549
15	1667	1684	2079	2087	2094	2102	2111	2130:1689:954	112	24	108	79	108	125	100	79
1680	2087	2095	2098	2102	2110	2114:1688:525	166	24	341	183	241	208
14	1668	1685	2031	2087	2102:1501:783	87	49	333	112	137
12	1668	1685	1825	2042	2069	2074	2083	2087	2093	2097	2102	2108	2113	2117	2126:1928:104	62	4	12	158	204	112	116	54	91	125	25	33	145	600	83
12	1674	2060	2078	2085	2087	2093	2098	2102	2108	2112	2119	2124	2129:2101:129	179	208	316	187	50	87	87	41	1	204	479	33	100
1678	1685	2068	2073	2087	2093	2098	2102	2110	2118	2123	2130:4036:316	45	1308	300	170	158	166	116	129	1033	83	212
14	999	1681	1720	2056	2077	2087	2095	2097	2102	2111	2126:3690:504	133	325	141	466	1345	91	45	291	104	95	150
773	1680	1702	1999	2079	2085	2087	2095	2100	2102	2111	2113	2120	2126	2129:2540:20	216	291	87	108	254	62	12	62	62	100	158	804	129	175
14	1682	1684	1720	2067	2072	2079	2083	2087	2095	2097	2102	2123	2130:1871:233	162	20	12	387	316	116	191	49	12	179	87	37	70
1062	1871	2078	2087	2102	2108	2112	2124:2542:83	170	866	133	170	62	929	129
1674	1704	2067	2072	2087	2092	2097	2102	2107	2112	2118	2123	2130:2153:195	125	350	283	70	66	212	62	4	208	479	29	70
2070	2072	2085	2087	2094	2099	2102	2107	2112	2117	2126	2130:3112:200	233	295	75	45	58	79	25	341	1670	8	83
191	1678	1857	1960	2072	2083	2087	2092	2098	2102	2109	2116	2117	2122	2129:2929:220	254	104	1	183	12	54	137	87	100	4	341	1170	54	208
15	1686	1713	2083	2087	2097	2102	2109	2129:2568:1149	25	112	104	158	375	137	154	354
906	1679	2014	2069	2085	2087	2102	2109	2118:5989:170	850	600	1287	1279	200	204	116	1283
1668	1685	1833	2067	2072	2078	2092	2097	2102	2109:4596:8	91	208	1566	1033	233	358	883	154	62
13	376	1682	1684	1818	1960	2067	2072	2077	2083	2087	2092	2098	2102	2109	2112	2119	2122	2129:1694:104	12	133	8	8	12	179	145	179	75	33	87	58	50	29	166	258	75	83
13	1003	1668	2083	2087	2097	2102	2110	2118	2126	2129:2233:275	58	91	33	87	158	83	70	1041	133	204
11	1682	1685	2067	2072	2084	2087	2092	2098	2102	2109	2112	2119	2124:1795:104	158	8	291	241	137	62	79	66	50	25	179	366	29
10	349	1685	2068	2073	2079	2084	2087	2102	2110	2123	2131:7020:279	16	25	1545	683	537	1812	183	316	783	575	266
13	1668	2043	2068	2073	2087	2093	2097	2102	2108	2119	2127:3439:337	83	58	1075	204	125	237	333	104	25	775	83
9	1133	1666	2067	2072	2077	2085	2087	2100	2102	2109	2113	2118	2122	2128:1760:29	16	83	241	237	312	91	20	41	33	16	154	383	50	54
1675	1688	1702	2014	2069	2074	2079	2084	2087	2094	2100	2102	2109	2113	2120:1940:129	4	154	100	295	133	49	166	54	37	54	54	37	166	508
12	1677	1686	1712	2043	2079	2087	2094	2098	2102	2109	2117:3023:266	416	16	79	279	66	100	145	179	66	41	1370
650	1676	1871	1994	2068	2072	2077	2084	2087	2094	2099	2108	2112	2120	2122	2130:2317:4	220	108	66	354	237	466	120	33	74	66	8	258	254	41	8
1665	1994	2077	2087	2102	2111	2112	2120	2122	2130:4356:504	200	2125	125	154	104	737	133	258	16
1667	1687	2078	2087	2094	2102	2124:2710:366	12	1716	125	133	175	183
559	1677	1687	1826	2068	2073	2087	2094	2097	2102	2119	2126	2128:4083:83	304	4	162	1000	375	104	95	441	108	912	133	362
14	2070	2077	2084	2087	2099	2102	2109:6500:1708	124	2787	1108	162	233	241	137
1684	1740	2009	2087	2110	2118	2129:2039:145	216	391	125	204	429	529
2068	2083	2087	2094	2099	2102	2113	2117	2122	2131:3840:908	512	116	137	87	154	120	1649	145	12
13	502	1682	2086	2087	2093	2102	2110	2112	2120	2122	2129:3420:575	37	391	283	154	162	129	108	516	604	145	316
14	990	1682	1684	1711	1987	2078	2083	2087	2097	2102	2109	2114	2119	2129:2348:254	50	241	16	79	83	333	175	66	191	45	37	120	533	125
12	1331	1680	2020	2069	2073	2077	2085	2087	2092	2100	2102	2109	2120	2126	2129:1747:129	12	174	25	216	125	341	108	25	66	37	62	20	287	75	45
11	1668	1684	1728	2068	2073	2078	2084	2087	2099	2102	2111	2114	2120:1809:100	45	16	16	362	183	266	166	62	70	70	54	187	212
445	1678	1684	2014	2067	2072	2086	2094	2099	2102	2108	2112	2120:6707:179	883	108	337	1670	1208	112	279	87	187	41	1437	179
527	1677	1684	1848	2049	2069	2074	2079	2083	2087	2092	2097	2102	2110	2112	2117	2128:1939:33	141	4	29	154	258	20	25	62	58	66	175	45	29	220	537	83
12	1960	2068	2073	2078	2085	2094	2099	2102	2112	2118	2122	2129:2191:145	8	354	158	416	208	37	29	37	233	400	58	108
1668	1684	1849	2067	2073	2085	2087	2097	2102	2108	2112	2118	2124	2130:2742:37	62	83	500	362	266	83	287	79	1	337	550	58	37
671	1666	2077	2087	2097	2102	2113	2118	2122	2128:5171:133	266	1933	141	520	150	658	800	125	445
12	1217	2000	2067	2072	2077	2083	2087	2094	2099	2102	2116	2119	2126	2129:1749:91	29	108	279	208	333	75	20	41	25	29	25	370	37	79
12	1667	1684	1693	2078	2087	2093	2102	2111	2113	2118	2128:3081:429	158	25	179	675	104	166	79	133	200	779	154
14	1055	1676	2047	2087	2102	2109	2118	2127:5220:1558	141	945	566	195	212	200	1399	4
14	1667	1684	1719	2050	2069	2074	2077	2087	2093	2097	2102	2113	2117	2124:1757:154	54	8	37	141	183	95	300	29	75	137	33	37	470	4
14	344	1737	1980	2068	2073	2077	2087	2095	2097	2102	2109	2113	2118	2123	2129:2440:216	16	4	29	341	237	449	37	50	150	54	50	200	429	16	162
631	1832	2069	2074	2083	2087	2093	2097	2102	2110	2113	2118	2123	2128:2222:37	41	262	108	70	49	91	212	62	45	250	804	50	141
14	1668	1702	1977	2079	2083	2087	2098	2102	2109	2113	2120:3673:470	87	525	112	308	395	129	220	95	100	295	937
1668	1685	1862	2014	2067	2087	2094	2102	2110	2112:3198:174	91	562	308	112	124	458	179	174	1016
750	1669	1849	2068	2073	2077	2084	2087	2099	2102	2109	2112	2118	2123	2128:1955:16	8	70	245	108	408	137	33	58	45	25	191	433	70	108
12	1683	1686	2000	2067	2072	2077	2087	2093	2097	2102	2110	2116	2118	2126	2129:2090:137	158	8	37	187	91	462	41	100	158	50	54	4	425	70	108
923	1675	2012	2068	2074	2093	2100	2102	2109	2122:1850:62	358	179	458	170	183	33	95	79	233
13	1684	2069	2087	2102	2109	2112:2292:658	37	241	91	141	158	966
346	1676	1702	2053	2069	2074	2078	2085	2087	2102	2111	2113	2120	2129:1971:1	145	100	154	229	116	183	154	33	45	41	179	500	91
13	243	1848	2067	2073	2084	2087	2092	2099	2102	2110	2112	2117	2128:1872:108	45	62	308	166	129	37	58	50	45	45	170	583	66
14	867	1676	2004	2069	2074	2078	2083	2087	2098	2102	2109	2114	2117	2124:1803:150	8	133	100	170	100	162	133	41	108	58	25	91	512	12
13	393	1681	1688	1858	2008	2077	2083	2087	2093	2099	2102	2107	2114	2117	2123	2127:2173:129	45	179	4	75	62	412	170	33	91	54	95	4	25	654	50	91
14	903	1681	1720	2038	2078	2084	2087	2102	2122	2130:3374:608	49	420	175	275	791	629	141	91	133	62
12	1677	1703	2009	2067	2072	2077	2083	2087	2092	2098	2111	2119	2129:2235:133	162	125	58	337	204	470	91	54	54	95	66	337	49
13	815	1666	1686	2070	2075	2085	2087	2098	2102	2110	2112	2121	2128:2651:283	24	150	8	395	87	366	120	166	91	87	354	358	162
12	1680	1684	2077	2084	2087	2098	2102	2109	2119	2126	2130:2698:291	224	16	941	262	66	91	79	12	533	104	79
511	1667	1685	1702	2019	2068	2073	2078	2087	2092	2097	2102	2108	2113	2120	2130:2040:45	75	4	141	116	300	158	233	33	79	129	33	16	187	479	12
14	700	1678	1704	2086	2087	2099	2102	2111	2112	2118	2128:3107:408	20	325	150	312	116	166	116	87	366	929	112
13	151	1676	2043	2072	2085	2087	2098	2102	2108	2112	2117	2127:2724:191	29	262	125	137	245	79	129	58	4	387	1062	16
13	1679	1729	2009	2069	2074	2077	2087	2094	2097	2102	2120	2129:2095:175	120	37	100	287	187	379	45	25	233	41	375	91
657	1674	2078	2085	2087	2093	2102	2109	2119	2129:5571:58	750	1495	941	237	270	250	208	933	429
15	1680	1713	2070	2075	2079	2085	2087	2094	2102:4691:1483	554	79	408	170	866	624	154	220	133
1060	1665	1728	2070	2075	2083	2087	2093	2098	2102	2114	2120	2123	2128:3373:37	362	16	354	137	254	245	208	295	125	341	516	208	275
434	1674	1702	2030	2078	2087	2094	2099	2102	2108	2113	2120	2131:3354:25	325	379	312	595	87	183	66	100	8	345	875	54
135	1675	1713	2042	2086	2087	2098	2110	2126	2127:2702:229	574	279	366	379	112	279	150	333	1
13	1684	1740	2036	2068	2073	2084	2087	2095	2099	2102	2118	2122	2127:1894:154	12	29	137	295	166	166	50	8	54	79	616	70	58
1676	1685	2067	2072	2087	2093	2100	2102	2107	2114	2117	2123	2128:3018:312	45	425	191	87	125	24	75	1	175	1279	75	204
950	2052	2078	2087	2093	2111	2114	2122	2130:3654:58	1145	479	162	420	212	445	504	229
9	1685	2070	2075	2079	2083	2087	2100	2102	2109	2119	2123	2128:2594:133	29	262	58	70	179	166	91	108	83	979	145	291
14	1688	2070	2075	2079	2085	2087	2102	2109	2119	2122	2128:2156:283	8	254	87	108	245	95	91	45	670	104	166
12	1668	1684	1988	2068	2073	2078	2085	2087	2094	2100	2109	2112	2119	2122	2129:1964:133	50	8	62	274	108	354	116	25	37	41	20	179	404	62	91
1668	1688	2067	2073	2085	2087	2093	2102	2109	2123	2128:4187:133	1	1312	558	720	120	270	174	154	254	491
13	785	1668	1686	2078	2084	2087	2098	2102	2109	2130:3669:979	37	158	49	620	866	175	341	166	145	133
13	459	1678	2078	2094	2097	2102	2109	2119	2126:5416:808	141	583	1270	200	770	237	108	933	366
1668	1684	1691	2003	2070	2078	2085	2087	2093	2099	2123	2131:9033:62	62	3058	550	537	1445	1879	166	654	129	200	291
527	1817	2069	2074	2087	2093	2102	2111	2116	2119	2122:5537:666	112	1179	400	204	570	400	220	616	862	308
10	423	1668	1684	2086	2087	2100	2111	2112	2119	2122	2131:4415:812	75	145	62	620	195	12	200	1170	812	304	8
14	1668	1686	1702	2084	2087	2099	2102	2111	2113	2120	2122	2128:2785:541	112	12	166	283	66	116	87	54	233	816	137	162
12	1687	2069	2074	2079	2087	2097	2102	2119	2128:6889:1112	1	1733	595	345	225	1329	304	737	508
1669	2069	2074	2078	2084	2095	2100	2102	2109	2120	2124	2130:4073:29	1075	220	1195	725	8	74	129	91	391	66	70
282	1681	1684	1848	1973	2077	2084	2087	2094	2102	2111	2112	2117	2124	2128:2172:29	233	24	37	25	525	145	25	16	45	29	195	733	20	91
741	1674	1684	1849	2014	2069	2074	2085	2087	2094	2102	2110	2112	2118:3256:41	241	45	66	129	687	104	275	95	70	79	141	458	825
12	1678	1684	2036	2068	2073	2077	2083	2087	2095	2098	2102	2108	2114	2117	2122	2127:1707:79	70	8	104	183	187	300	62	16	4	79	29	12	83	400	66	25
13	900	1682	1685	2001	2077	2086	2087	2102	2109	2112	2119	2122	2129:2685:304	33	287	8	91	562	74	70	79	41	308	558	100	170
9	1181	1669	1685	2080	2087	2093	2102	2109	2113	2118	2126	2129:5158:33	158	16	62	108	212	325	237	125	1462	1112	850	458
14	986	1667	1848	2001	2068	2075	2084	2087	2099	2102	2109	2112	2117	2122	2129:1969:175	37	54	33	58	266	129	108	41	33	54	41	158	570	83	129
382	1674	2085	2087	2097	2102	2110	2112	2126:4405:100	658	949	141	987	150	187	983	250
15	1364	1680	1739	2019	2077	2083	2099	2102	2109	2130:7307:1804	174	1212	54	449	2699	333	241	175	141	25
1674	1685	1869	1970	2067	2072	2077	2083	2087	2093	2098	2102:6636:620	54	179	29	1520	474	2012	920	166	225	287	150
14	1682	2085	2087	2094	2102:3464:1091	854	979	166	245	129
14	1682	1685	1704	1984	2070	2078	2086	2087	2102	2112	2118	2129:2653:358	295	16	100	54	116	266	150	66	58	329	666	179
13	485	1685	2028	2079	2083	2087	2097	2102	2108	2119	2124	2131:2290:279	66	29	212	41	304	137	212	87	16	866	16	25
9	1680	1686	1860	2069	2073	2077	2084	2087	2097	2102	2112	2119	2123	2128:2766:4	233	8	91	308	175	500	212	62	262	54	283	404	54	116
14	1666	1685	1837	1985	2084	2087	2102	2110	2122:2254:483	362	50	12	8	620	91	112	137	379
722	1682	2042	2068	2073	2087	2097	2102	2108	2113	2118	2126	2127:3590:175	245	225	741	320	133	420	87	33	283	754	120	54
14	454	1668	1685	2050	2068	2073	2078	2087	2093	2097	2102	2108	2114	2117	2124	2127:1838:145	29	12	4	141	354	129	187	24	41	112	25	25	66	508	20	16
874	1668	1685	2069	2083	2087	2092	2102	2111	2114	2117	2123	2128:3046:62	104	4	425	304	116	125	112	62	62	1400	79	191
325	1667	1684	1867	2067	2072	2079	2086	2087	2093	2100	2102	2107	2114	2119	2124	2130:2135:87	66	20	108	475	320	125	87	75	95	25	66	4	37	487	29	29
871	1686	1857	2013	2077	2083	2087	2098	2102	2111	2116	2117	2126	2127:2480:66	12	45	108	458	83	49	120	75	41	308	949	108	58
1683	1687	2043	2069	2074	2084	2087	2098	2102	2111	2113	2118:2706:337	4	220	316	112	270	75	95	58	66	420	733
1682	1843	2068	2073	2077	2084	2087	2095	2099	2102	2111	2114	2121	2124	2130:2138:233	12	420	220	570	233	70	8	50	79	91	112	20	4	16
467	1676	2067	2072	2078	2084	2087	2093	2098	2102	2114	2120	2130:2307:4	141	470	333	433	229	75	45	70	75	133	270	29
1031	1669	1702	2067	2072	2087	2092	2099	2102	2113	2120	2122	2128:2415:33	20	112	550	304	62	70	87	62	233	704	62	116
12	1677	2009	2069	2074	2084	2087	2100	2102	2109	2114	2118	2129:2220:191	208	62	350	62	187	79	54	75	58	62	741	91
888	1685	2085	2087	2094	2102	2128:2155:233	33	791	183	304	220	391
13	790	1685	2069	2075	2086	2087	2102	2110	2119:5634:1404	304	37	1500	154	537	154	291	254	999
10	299	1680	1684	2085	2098	2102	2112:3212:12	70	729	45	699	529	191	937
469	1684	2078	2085	2087	2095	2100	2102	2110	2120	2124	2130:4360:112	50	1804	970	195	45	33	279	295	145	141	291
1105	1666	2009	2069	2073	2078	2085	2087	2093	2102	2109	2120	2129:2062:25	162	141	395	154	345	170	75	100	100	33	287	75
13	428	1680	2083	2087	2094	2098	2102	2109	2128:3561:737	145	725	695	174	183	262	166	166	308
12	1682	1685	2069	2074	2077	2086	2087	2092	2102	2119	2126	2129:1907:112	191	4	241	100	420	95	50	20	79	416	100	79
13	768	1848	2072	2084	2087	2098	2102	2107	2112	2117	2131:3329:283	83	41	100	433	116	108	100	4	316	1695	50
9	1155	1675	1686	1867	2085	2087	2095	2099	2102	2111	2119	2126:3737:125	166	608	4	237	1004	200	87	62	175	124	916	29
10	1194	1679	1864	2069	2073	2077	2084	2087	2098	2102	2114	2117	2123	2127:1722:33	16	158	49	200	41	337	79	45	95	54	29	533	29	24
439	1665	1702	2012	2068	2073	2078	2084	2102	2109	2113	2120	2122:2770:33	179	158	129	345	229	437	262	70	70	183	625	50
1676	1685	2012	2067	2072	2087	2093	2099	2102	2109	2122:3553:608	33	262	816	849	137	337	49	150	79	233
14	1666	1688	2070	2087	2102	2110	2112	2121	2129:3168:808	283	4	370	162	125	150	629	433	204
2000	2087	2102	2120	2126	2129:1610:162	100	137	541	300	370
13	902	1666	1684	2068	2074	2085	2087	2093	2098	2102	2109	2112	2119	2126:2714:220	25	112	16	470	179	254	104	120	191	83	50	345	512	33
14	352	1667	1737	2069	2074	2079	2083	2087	2092	2097	2102	2111	2113	2118	2128:1807:158	33	50	4	254	108	50	154	50	54	158	45	45	158	416	70
793	1676	2069	2074	2079	2087	2092	2100	2102	2109	2120	2123	2130:3009:37	320	729	158	275	150	141	75	100	104	700	112	108
14	426	1678	1685	2069	2075	2083	2087	2095	2098	2102	2109	2113	2117	2122	2128:1965:216	8	191	8	304	83	83	37	4	41	58	41	129	600	83	79
14	730	1675	1686	1711	2034	2069	2074	2079	2085	2087	2094	2102	2109	2114	2119	2122:1804:170	12	145	8	87	79	291	54	37	137	37	62	41	20	112	462	50
1680	1684	2036	2086	2087	2100	2102	2110	2118	2122	2127:4265:695	41	366	762	187	108	220	154	1233	258	241
13	811	1678	2069	2074	2077	2087	2094	2097	2102	2110	2119	2130:2471:245	37	195	337	112	520	41	41	241	45	58	566	33
738	1702	2032	2069	2075	2079	2087	2102	2108	2113	2120	2126	2131:3312:16	316	200	383	162	229	133	129	4	387	1104	216	33
261	1679	1728	2036	2070	2094	2098	2102	2109	2114	2122	2127:6899:1670	1008	237	1083	420	158	675	283	116	704	237	308
13	516	1678	1688	2070	2075	2084	2087	2094	2099	2102	2110	2114	2120	2128:2379:337	8	237	1	225	83	270	116	41	108	75	83	100	512	183
10	1685	1702	1994	2079	2083	2087	2092	2099	2102	2109	2113	2120	2122	2130:1830:66	8	208	41	187	204	45	83	45	58	41	204	537	79	24
14	1670	1684	2039	2067	2072	2077	2087	2093	2097	2102	2114	2117	2123	2127:1777:162	8	8	129	283	183	262	24	37	112	33	87	404	25	20
12	1675	1699	2068	2072	2078	2084	2087	2097	2102	2111	2114	2118	2128:2063:104	137	100	320	191	287	145	41	58	66	37	116	420	41
293	2069	2085	2087	2102	2109	2123	2127:2329:320	437	850	66	191	112	91	262
284	1668	1684	2068	2073	2078	2085	2087	2095	2099	2102	2111	2112	2120	2130:2134:16	66	12	370	241	408	212	45	16	83	41	50	291	250	33
1665	1687	1712	1973	2078	2086	2087	2093	2102	2110	2116	2117	2124	2128:2148:133	12	58	70	133	145	91	100	95	66	25	1162	8	50
13	2087	2092	2097	2102	2111	2118:3064:525	99	450	904	150	174	762
12	1666	2068	2073	2078	2084	2087	2093	2098	2102	2109	2119	2126	2129:1818:120	83	254	295	183	150	66	54	37	58	16	366	70	66
12	1681	1684	2009	2068	2073	2077	2083	2099	2109	2119	2129:2729:204	266	29	125	466	200	670	70	75	58	425	141
476	1675	2028	2079	2087	2092	2100	2102	2112	2124:6082:241	1479	1512	195	208	391	99	254	1454	249
11	1678	1687	2069	2074	2078	2087	2094	2097	2102	2109	2130:6541:1008	825	12	1316	241	1441	170	350	650	183	137	208
995	1678	1705	2069	2074	2079	2083	2087	2093	2098	2102	2111	2126	2130:3658:16	433	462	800	170	325	408	158	229	258	87	120	1	191
505	1681	1862	2102	2111	2112:1651:104	408	320	83	91	645
954	1675	1685	2068	2074	2079	2087	2092	2097	2102	2109	2118	2123	2128:3452:54	358	16	520	262	12	120	162	304	91	100	1062	133	258
10	1682	1684	2004	2077	2084	2087	2102	2111	2113	2117:3775:66	329	49	116	1158	345	79	100	75	129	1329
524	1665	2001	2068	2073	2083	2087	2094	2100	2102	2108	2122	2129:5953:225	708	583	1391	662	495	237	179	95	312	29	358	679
14	454	1677	1686	1973	2085	2087	2093	2102	2108	2119	2128:2857:312	37	416	8	41	404	116	129	120	8	1012	254
1674	1684	2079	2085	2087	2095	2102	2109	2120	2124	2130:7778:2729	700	1458	712	191	341	254	466	691	195	41
12	1676	2009	2070	2079	2087	2097	2102	2111	2129:5004:1233	691	116	362	916	254	583	158	229	462
14	1679	1987	2068	2073	2079	2087	2093	2097	2102	2109	2129:5398:1287	483	108	1204	483	320	166	341	424	175	66	341
9	1094	1669	1686	2079	2087	2094	2102	2113	2118	2123	2129:3737:124	133	4	16	912	204	175	150	658	862	141	358
13	694	1668	1685	2069	2074	2087	2095	2097	2102	2108	2124	2128:5432:1433	112	129	50	1441	216	212	4	1237	191	16	50	341
14	1678	2068	2073	2078	2083	2087	2092	2099	2102	2109	2119	2123	2129:1827:200	183	225	174	158	145	37	58	62	50	41	370	54	70
12	1680	1684	1858	1991	2078	2084	2087	2098	2114	2117	2126	2127:3789:445	258	29	37	16	920	329	83	137	41	1420	41	33
14	1024	1682	1685	1985	2069	2083	2087	2095	2102	2111	2118	2122	2130:2383:362	29	237	4	83	225	287	54	16	58	75	833	87	33
14	970	1667	1832	2053	2068	2074	2086	2087	2094	2102	2108	2113	2118	2129:2160:141	62	87	33	154	295	83	4	66	37	66	25	241	754	112
1686	2005	2068	2073	2077	2085	2087	2100	2102	2111	2112	2117	2122	2127:2011:4	33	333	154	383	112	24	45	29	37	175	612	54	16
13	772	1684	2043	2078	2084	2087	2099	2102	2113	2117	2127:2441:170	20	8	183	425	229	83	58	62	154	1041	8
14	1306	1667	1711	2028	2070	2078	2083	2087	2099	2102	2108	2114	2119	2124:1828:258	4	116	150	129	12	254	200	45	83	45	8	100	404	20
15	1686	1970	2067	2073	2079	2087	2092	2097	2102	2120:4531:895	8	70	991	654	95	145	183	395	116	979
719	1668	1728	2079	2086	2087	2094	2098	2102	2111	2114	2126:5079:75	283	91	1041	608	229	658	383	337	295	829	250
13	237	1670	1865	2070	2084	2087	2093	2100	2102	2109	2113	2117	2128:1847:145	79	1	120	112	154	66	58	45	45	41	145	691	145
10	380	1674	1684	1849	1974	2087	2093	2100	2102	2111	2112	2118	2123	2127:2577:25	54	266	37	162	41	108	95	33	70	83	254	1079	112	158
2072	2086	2087	2110	2112	2117:6310:1324	579	187	183	1304	2733
14	1667	1684	1892	2068	2074	2083	2087	2092	2100	2102	2111	2113	2117	2122	2128:1917:212	45	16	4	350	95	20	45	54	41	33	41	145	683	58	75
14	1080	1675	2008	2067	2072	2094	2099	2102	2109	2112	2119	2123	2127:2998:391	16	225	150	529	366	37	62	75	83	358	566	16	124
14	1666	1978	2067	2072	2077	2087	2093	2099	2102	2109	2114	2117	2123	2127:1810:158	37	50	316	112	341	33	54	37	54	37	70	454	33	24
957	1674	1686	1702	2056	2070	2075	2079	2086	2087	2094	2102	2111	2113	2120	2126:2075:62	204	16	158	249	175	91	62	70	58	37	45	50	191	520	87
1128	1687	2057	2078	2087	2100	2112	2120	2122	2130:3530:16	8	387	1720	158	1	566	312	212	150
417	1669	1685	1960	2068	2074	2084	2087	2093	2100	2102	2108	2113	2117	2122	2129:2252:33	33	12	33	400	158	137	75	29	33	66	16	112	858	87	170
833	1685	2087	2100	2102	2108	2112	2123	2130:1387:70	54	162	24	162	33	591	158	133
11	1679	1852	2069	2074	2079	2087	2092	2098	2102	2108	2119	2124	2130:2538:95	262	70	570	216	191	79	129	104	62	62	591	62	45
11	1666	1686	2070	2074	2077	2086	2087	2093	2102	2114	2121	2124	2130:1981:145	108	12	225	50	745	70	58	112	75	120	187	41	33
886	1677	1832	2043	2084	2087	2098	2102	2109	2113	2118	2127:2352:24	250	25	158	254	87	99	49	83	245	1008	70
14	1074	1680	1686	1985	2069	2075	2087	2102	2111	2119	2122:7509:1641	854	1516	1	575	637	316	137	183	425	441	783
10	1665	2067	2072	2084	2087	2095	2102	2110	2120	2122:2383:62	187	587	300	245	108	8	87	87	675	37
846	1674	2053	2069	2074	2077	2083	2087	2095	2098	2102	2109	2119	2129:2131:12	183	195	279	75	499	62	45	41	83	66	25	416	150
387	1667	2068	2073	2079	2085	2087	2094	2100	2102	2111	2119	2123	2130:2037:25	95	375	158	133	262	62	79	75	58	70	533	37	75
305	1666	1702	2068	2073	2084	2087	2094	2100	2102	2109	2113	2120	2123	2128:1976:29	112	104	366	137	175	45	70	62	29	41	141	500	70	95
12	1665	1857	2013	2068	2072	2077	2087	2097	2102	2116	2117	2126	2127:3466:229	158	33	79	495	404	554	54	229	66	250	795	104	16
14	263	1684	2078	2083	2087	2098	2102	2111	2119	2128:2404:400	137	25	262	141	100	158	116	87	741	237
201	1678	2077	2087	2095	2100	2102	2109	2114	2120	2124	2130:4957:33	562	2854	200	79	91	120	108	320	441	33	116
12	1678	2024	2077	2084	2087	2100	2102	2113	2117	2123	2127:2196:229	220	79	462	170	58	54	50	87	650	62	75
13	440	1685	1719	2068	2073	2084	2087	2092	2098	2102	2111	2113	2117	2128:1853:175	8	4	41	345	158	116	41	54	58	41	33	125	629	25
1685	1890	2068	2073	2077	2087	2094	2097	2102	2114	2119	2123	2130:3187:83	29	629	204	933	70	91	312	91	79	400	129	137
13	467	1711	1960	2067	2072	2083	2087	2100	2102	2107	2114	2119	2122	2129:1826:208	12	62	1	333	208	116	66	66	50	1	87	475	62	79
256	1680	2067	2074	2083	2087	2099	2102	2111	2114	2117	2123	2130:2462:75	170	454	187	100	54	70	75	58	154	925	45	95
831	1676	1686	1848	2042	2069	2074	2083	2087	2092	2097	2109	2112	2117	2126:2547:95	237	4	20	66	383	83	166	66	87	179	37	204	858	62
265	1679	2068	2073	2078	2085	2095	2099	2102	2109	2126:5589:58	516	1241	345	1516	1170	66	208	170	37	262
861	2067	2073	2094	2097	2102	2110	2123	2130:2596:154	824	575	100	441	87	166	187	62
14	788	1684	2085	2087	2098	2102	2112	2120	2128:5203:1137	216	70	1087	220	533	254	991	233	462
946	1739	2070	2075	2078	2083	2087	2092	2098	2102	2114	2126:5553:333	58	554	41	1620	1070	191	645	550	350	8	133
14	369	1668	1688	1737	2052	2069	2074	2079	2084	2087	2100	2102	2109	2113	2118	2122	2130:1706:187	12	58	1	25	183	275	54	20	108	41	37	45	29	162	412	45	12
247	1674	1684	2068	2073	2078	2083	2087	2094	2097	2102	2111	2126:3203:50	391	29	683	212	708	54	162	175	420	120	145	54
14	1667	1684	1702	2058	2077	2083	2087	2095	2099	2102	2113	2120	2122	2130:1794:233	45	12	141	162	308	174	25	16	83	33	125	387	25	25
12	1675	1684	1858	2039	2067	2072	2077	2083	2087	2093	2098	2102	2108	2114	2117	2123	2127:1707:95	120	8	25	62	162	220	283	58	20	50	58	20	4	20	462	20	20
298	1666	1685	1741	2067	2072	2077	2084	2087	2095	2098	2102	2107	2113	2118	2122	2128:2051:41	87	8	4	337	220	366	120	33	4	75	37	4	150	412	37	116
1681	2068	2074	2087	2093	2097	2113	2118	2126	2130:4088:395	1158	170	141	187	554	600	787	1	95
13	662	1676	1686	2014	2079	2085	2087	2094	2102	2109	2119:2835:416	37	333	29	195	120	470	104	58	108	95	870
14	258	1667	1684	1863	1973	2068	2072	2077	2085	2087	2093	2102	2108	2118	2128:1910:191	20	54	16	58	29	283	287	291	125	29	70	62	16	304	75
652	1680	1685	1702	2048	2068	2074	2085	2087	2093	2102	2111	2113	2120:3373:37	250	25	187	291	620	204	295	79	129	70	95	304	787
14	347	1668	1685	1702	2001	2068	2072	2078	2095	2097	2113	2120	2122	2129:2949:275	41	33	4	158	104	529	404	304	16	195	200	475	95	116
9	1163	1675	1881	2015	2075	2077	2087	2093	2102	2112	2117	2123	2128:2290:33	20	187	179	104	79	491	29	116	54	233	666	58	41
488	2042	2085	2087	2102	2110	2113	2117	2126	2127:4442:208	279	808	187	191	104	279	2075	245	66
11	1676	1728	2070	2075	2077	2085	2087	2093	2099	2102	2111	2114	2120:1786:158	187	62	179	54	400	183	33	58	45	66	33	58	270
14	1460	1679	1711	2034	2068	2073	2079	2083	2087	2093	2099	2102	2109	2114	2119	2122	2130:1692:170	8	170	50	120	233	116	112	33	12	58	58	33	50	83	316	50	20
1682	2067	2072	2087	2093	2098	2102	2109	2114	2117	2126	2127:3047:212	754	425	104	91	125	83	49	125	987	91	1
407	1667	1684	1832	2067	2073	2087	2093	2100	2102	2109	2113	2118	2123	2128:2538:41	75	12	75	441	249	95	95	58	54	66	195	829	66	187
14	1677	2050	2069	2074	2078	2085	2087	2093	2099	2102	2111	2114	2117	2127:1768:175	150	154	208	58	95	95	33	70	50	45	8	95	520	12
14	1669	1684	2067	2073	2079	2084	2087	2093	2098	2102	2113	2117	2128:1797:208	24	4	291	237	33	141	41	54	83	41	154	441	45
634	1677	2049	2069	2074	2078	2083	2087	2092	2097	2102	2107	2113	2117	2128:2024:4	145	187	258	91	133	125	37	54	100	49	8	154	604	75
12	1669	2031	2070	2079	2087	2093	2102	2110	2113	2118	2127:2473:250	8	120	204	266	70	116	79	37	287	1016	20
14	155	2043	2067	2072	2078	2083	2087	2093	2098	2102	2108	2114	2117	2124:1793:145	16	95	362	250	183	20	37	58	75	25	20	83	395	29
11	1665	1728	2016	2085	2087	2095	2099	2102	2111	2114	2120	2129:3413:366	379	108	295	562	158	4	87	154	125	225	625	325
821	2069	2074	2086	2087	2092	2102	2109	2112	2120	2122	2128:3024:62	558	350	245	154	158	116	37	437	512	137	258
1676	2068	2074	2087	2092	2098	2102	2111	2113	2118	2123	2130:2070:187	366	175	54	75	137	70	66	287	533	41	79
1684	2043	2068	2083	2087	2098	2102	2110:1401:137	279	445	37	87	141	125	150
1665	1685	1971	2069	2074	2077	2084	2087	2092	2099	2102	2109	2112	2117	2122	2127:1845:66	4	8	225	62	391	154	29	62	41	25	50	233	375	50	70
190	1683	1985	2085	2087	2102	2111	2122	2130:1950:91	562	79	595	133	112	129	220	29
1027	1682	1685	2087	2092	2111	2119	2124:1604:195	641	79	91	295	150	149	4
14	1162	1677	1684	2047	2077	2084	2087	2093	2098	2109	2113	2117:2143:220	16	166	12	170	395	183	45	83	62	29	137	625
451	1667	1702	2069	2074	2083	2087	2092	2097	2102	2108	2113	2120	2123	2128:2232:8	83	79	345	200	75	58	95	141	70	37	150	712	54	125
945	1665	1685	1858	2069	2083	2087	2094	2100	2102	2109	2114	2117	2124	2130:2991:66	225	12	125	479	200	91	33	54	104	37	4	1433	45	83
12	1436	1677	1741	1983	2069	2074	2077	2085	2087	2100	2102	2113	2118	2122	2128:1778:91	1	112	8	37	237	70	362	137	37	37	37	175	354	54	29
14	1864	2008	2070	2077	2083	2087	2098	2102	2108	2114	2117	2123	2127:2432:262	108	25	33	450	179	37	112	45	29	33	945	91	83
14	1674	1740	1984	2067	2072	2078	2085	2087	2099	2102	2111	2118	2129:1875:150	145	1	25	304	266	225	133	37	54	41	33	395	66
13	1684	1964	2069	2074	2083	2087	2093	2099	2102	2112	2119	2129:2077:204	33	37	354	170	129	66	87	62	79	216	545	95
932	1684	1817	2085	2087	2093	2102	2110	2116	2119	2122:6373:775	183	491	1516	245	595	274	283	474	1104	433
385	1680	1725	2014	2078	2084	2087	2097	2111	2113	2121:4108:129	416	116	262	575	733	154	737	166	475	345
1669	1702	1977	2068	2073	2079	2087	2092	2097	2102	2109	2113	2120:4174:29	725	112	712	345	58	141	229	275	91	137	295	1025
14	322	1679	1848	2043	2069	2074	2078	2087	2093	2098	2102	2108	2112	2117	2127:1754:141	29	91	41	95	200	95	187	20	66	29	45	4	170	525	16
14	773	1667	2070	2075	2078	2086	2087	2102	2110	2112	2120:2007:295	8	66	258	79	333	116	66	66	66	279	375
842	1675	1684	2068	2073	2084	2087	2094	2102	2123:3275:100	608	95	787	233	633	183	45	162	429
1669	1685	1728	2070	2075	2079	2084	2087	2095	2102	2111	2114	2120	2122	2131:2726:12	12	33	233	37	387	591	166	12	137	104	258	595	141	8
14	1241	1678	1684	1987	2067	2072	2077	2085	2087	2094	2102	2110	2119	2129:1819:150	8	170	8	41	254	166	391	79	33	41	50	29	341	58
14	290	1678	1685	1824	2067	2072	2079	2087	2095	2097	2102	2119	2122	2128:2626:179	150	225	16	12	554	312	58	62	1	279	104	412	79	183
12	1686	2029	2077	2087	2102	2110	2116	2119	2126	2129:3520:337	4	187	1408	116	108	79	37	762	195	287
1668	1685	1858	2069	2083	2087	2093	2097	2102	2111	2114	2117	2130:2754:75	37	79	529	66	99	104	29	83	50	58	1462	83
744	1674	1741	1984	2068	2073	2078	2085	2087	2099	2113	2118	2129:2394:16	175	4	66	429	216	220	145	62	87	287	512	175
12	1679	1863	1974	2067	2072	2087	2094	2098	2102	2108	2118	2123	2127:2685:137	275	116	4	520	316	66	54	104	74	33	837	54	95
1685	2032	2068	2073	2078	2084	2087	2093	2102	2108	2126:4379:83	500	937	291	787	704	158	300	145	12	462
973	1668	2067	2073	2083	2087	2093	2098	2102	2111	2113	2117	2123	2128:2435:8	41	487	145	166	58	91	79	75	45	150	908	62	120
1179	1998	2070	2078	2084	2087	2100	2102	2113	2118	2122	2129:2246:25	50	25	416	262	70	87	75	358	633	100	145
9	1674	1684	2067	2072	2079	2085	2087	2092	2100	2102	2108	2112	2119	2123	2128:1790:8	129	25	362	216	100	108	24	75	37	16	29	229	304	66	62
14	879	1679	2015	2068	2073	2077	2083	2087	2092	2100	2102	2109	2113	2117	2123	2128:1700:183	33	79	62	191	129	220	87	33	20	20	41	25	70	404	41	62
14	1676	1857	2050	2068	2073	2078	2087	2093	2098	2102	2111	2116	2117	2124:1794:162	79	41	112	191	187	154	33	79	66	62	29	104	462	33
15	1685	1728	1977	2079	2087	2093	2100	2102	2108	2114	2120:7249:2141	641	870	741	504	229	654	179	287	183	725	95
1160	1680	1826	2069	2074	2079	2084	2087	2094	2102	2108	2119	2123	2131:2187:8	229	1	391	120	66	287	79	79	87	50	666	70	54
14	327	1668	1685	1856	1890	2067	2072	2077	2086	2087	2094	2100	2102	2107	2114	2119	2123	2130:1691:141	33	29	4	37	41	258	250	308	70	24	33	37	16	12	58	270	37	33
296	1680	1685	1857	2083	2098	2102	2109	2116	2117	2126	2127:4462:187	295	29	395	504	291	112	75	483	1679	237	175
1249	1681	2045	2068	2073	2077	2085	2087	2094	2100	2102	2113	2118	2122	2129:1737:20	175	124	250	108	329	79	29	25	16	25	141	283	83	50
13	709	1677	1686	1865	2009	2067	2073	2084	2087	2092	2099	2102	2109	2113	2117	2129:2031:162	12	154	16	100	75	308	145	104	37	79	20	54	54	95	558	58
12	1305	1668	1684	1745	1976	2077	2086	2087	2100	2102	2109	2120	2129:2811:345	1	79	29	24	58	920	170	100	116	91	58	670	150
1681	2068	2073	2085	2098	2109	2112:3414:529	941	470	429	237	79	729
491	1668	1702	2012	2068	2073	2078	2085	2087	2094	2102	2108	2113	2120	2122	2131:1874:12	58	133	116	266	220	120	170	37	66	45	12	162	408	45	4
986	1679	1685	1702	2001	2070	2075	2078	2084	2087	2100	2102	2113	2120	2122	2129:1840:29	150	4	137	83	74	29	337	125	25	12	54	137	508	41	95
1687	2087	2102	2110	2112:1684:45	145	237	195	1062
14	1676	1686	2084	2087	2093	2100	2102	2109	2128:2412:675	412	41	583	91	162	70	116	83	179
15	1682	1684	1713	2068	2073	2079	2083	2087	2098	2102	2110	2124:3616:1004	450	33	104	754	445	162	220	104	104	112	116	8
10	438	1856	2069	2074	2087	2092	2102	2114	2119	2122	2131:2525:75	54	191	579	129	116	150	75	66	987	83	20
13	485	1668	1685	2036	2069	2074	2084	2087	2094	2099	2102	2107	2118	2122	2127:1848:170	16	54	4	133	312	108	150	66	58	45	50	4	550	58	70
859	1680	2042	2087	2100	2102	2109	2112	2126:2909:183	829	404	116	4	120	137	900	216
14	2000	2079	2086	2087	2093	2099	2102	2118	2126	2129:3001:566	100	333	183	87	137	91	50	1125	104	225
1685	1702	2058	2077	2087	2093	2102	2110	2113	2120	2122	2130:3653:29	300	387	1312	95	108	104	124	208	825	95	66
153	1667	1687	1857	2072	2085	2087	2099	2102	2107	2116	2117	2126	2130:3618:66	120	20	137	191	512	116	133	133	25	429	1670	8	58
14	1204	1678	1719	1973	2077	2084	2087	2095	2098	2102	2109	2113	2117	2128:2151:170	45	183	62	16	470	191	37	37	79	33	41	125	629	33
232	1681	1685	1713	2009	2069	2074	2083	2087	2100	2102	2111	2129:6555:1487	987	16	50	825	1120	49	866	208	95	191	220	441
947	1666	1685	1824	2015	2067	2072	2083	2087	2093	2102	2111	2119	2123	2128:3263:24	133	12	54	141	841	312	41	83	91	104	70	1050	116	191
12	1668	1712	1973	2075	2079	2087	2098	2102	2108	2117	2124	2128:2207:183	54	16	45	54	162	70	133	79	1	1295	16	99
14	1192	1687	1711	1974	2087	2094	2099	2102	2111	2114	2119	2123	2127:6739:1795	283	12	245	100	154	204	370	187	433	1241	470	1137	108
1677	1688	2060	2077	2087	2093	2102	2111	2113	2118	2124	2129:3695:220	16	550	1179	87	125	83	133	345	729	8	220
13	1674	2087	2099	2109	2119	2126:1556:508	695	104	50	104	54	41
9	1261	1669	1686	2009	2069	2073	2085	2087	2095	2102	2111	2113	2121	2129:2132:58	12	25	12	170	500	237	179	120	54	66	112	258	179	150
162	1686	2015	2067	2073	2087	2093	2098	2102	2108	2123	2128:3167:41	41	158	783	875	112	233	175	158	4	183	404
14	183	1682	1685	1740	2051	2083	2087	2093	2100	2102	2109	2118	2123	2127:2530:370	37	241	12	25	316	225	70	95	54	58	45	795	87	100
9	2058	2069	2074	2077	2087	2094	2102	2109	2112	2120	2122	2130:2347:4	270	366	79	720	45	70	45	54	300	216	108	70
1684	2069	2074	2085	2087	2093	2099	2102	2108	2112	2118	2124	2128:3890:25	879	200	604	108	220	49	83	45	587	916	4	170
9	1123	1666	1686	2079	2087	2094	2102	2108	2112	2120	2123	2130:4278:262	208	408	1	987	254	145	237	37	1120	241	120	258
12	1681	2042	2070	2084	2087	2098	2102	2108	2113	2117	2126:2257:166	258	150	120	183	66	79	45	12	183	887	108
14	1197	1678	1704	2068	2072	2077	2086	2087	2095	2101	2102	2108	2112	2118	2122	2129:1701:116	1	120	83	200	158	300	58	25	8	4	29	1	150	316	58	74
14	1668	2069	2074	2087	2093	2102	2111	2112	2120	2130:2713:633	79	441	100	108	191	75	100	545	333	108
15	1326	1665	1685	2078	2087	2094	2097	2102	2109	2119:2879:716	41	316	29	500	108	54	250	70	79	716
1678	1872	2069	2074	2077	2087	2094	2097	2102	2110	2114	2120	2123	2130:2516:258	100	375	141	550	50	62	187	83	50	137	362	66	95
860	1677	1687	1826	1974	2087	2099	2102	2111	2123	2127:1887:304	608	8	33	4	137	62	141	166	104	320
1683	1685	1723	2070	2075	2077	2084	2087	2100	2102	2111	2113	2119	2123	2130:3150:237	16	54	20	58	1116	366	66	116	79	91	191	566	79	95
14	1686	1720	2070	2074	2079	2084	2093	2100	2102	2124	2129:5051:1195	33	16	479	16	1141	1170	266	75	170	70	420
388	1674	1684	1985	2072	2083	2087	2099	2102	2109	2113	2117	2122	2130:3182:49	258	29	33	300	375	137	58	87	79	200	1470	95	12
14	1193	1668	1686	1720	2070	2075	2078	2083	2087	2098	2102	2110	2129:2364:533	37	66	8	95	279	104	508	154	83	170	95	87	145
9	1684	1867	2069	2075	2087	2092	2097	2102	2110	2119	2126:4152:162	70	316	1191	45	233	237	608	200	120	925	45
314	1677	1702	2078	2087	2094	2102	2110	2113	2120	2124:3945:29	495	258	1212	216	45	125	129	370	1029	37
14	1223	1681	2069	2075	2079	2084	2087	2095	2099	2102	2109	2116	2117	2128:1806:174	29	175	183	91	25	158	50	20	37	66	20	187	541	50
1689	1702	1985	2069	2074	2078	2087	2097	2102	2111	2113	2120	2122	2130:2873:4	225	87	395	141	658	41	216	70	87	166	675	75	33
10	958	1678	1974	2077	2087	2099	2102	2111	2114	2117	2123	2127:3937:75	95	258	54	1379	129	62	112	104	179	1312	37	141
14	1677	1832	2042	2067	2073	2087	2095	2098	2102	2113	2118	2126:2469:225	170	8	95	341	295	62	8	95	75	229	766	100
13	484	1667	1687	2079	2087	2098	2102	2109	2119	2128:4261:687	341	233	16	416	229	491	258	116	841	633
14	936	2004	2068	2074	2085	2087	2092	2100	2102	2108	2112	2117:2097:175	74	33	375	62	120	50	91	45	45	16	270	741
14	1201	1684	2078	2083	2099	2102	2111	2119	2124	2129:5608:1225	108	62	1866	750	120	166	141	758	8	404
14	483	1675	1685	1867	1995	2077	2087	2093	2097	2109	2119	2126	2129:2977:354	8	220	25	183	120	770	62	91	383	12	454	145	150
14	437	1676	1684	1698	1987	2067	2072	2079	2085	2087	2099	2102	2129:3265:616	50	220	8	208	104	712	304	141	395	104	104	70	229
13	670	1669	2051	2068	2073	2087	2098	2102	2119	2123	2127:4152:404	95	41	195	1233	595	125	262	120	741	150	191
532	1677	2043	2087	2102	2111	2113	2118:2901:158	725	604	137	166	229	716	166
13	213	1675	1686	1858	2070	2084	2087	2092	2100	2102	2109	2114	2117	2128:1949:158	66	158	4	70	158	154	54	79	24	50	33	16	825	100
10	2009	2072	2084	2087	2092	2097	2102	2111	2114	2117	2129:5099:79	154	387	566	195	366	575	170	133	8	2116	350
15	1676	1684	2069	2074	2079	2085	2087	2100	2102	2126	2130:3590:1004	412	33	916	270	150	420	95	58	112	25	95
836	1676	1684	2087	2102	2111	2122	2130:1743:116	670	104	87	150	204	400	12
14	697	1668	1685	2070	2075	2077	2086	2087	2095	2102	2111	2119	2130:2039:270	4	70	16	179	58	625	91	83	4	66	41	495	37
9	1131	1676	1685	1696	2070	2075	2087	2102	2113	2120	2123	2128:3592:174	91	437	20	241	445	145	175	108	595	666	187	308
13	1680	1684	1959	2068	2073	2079	2085	2087	2093	2097	2102	2112	2120	2124:1728:154	125	4	8	345	191	1	129	37	79	174	41	191	241	8
14	964	1675	1685	2015	2069	2074	2093	2098	2109	2113	2118	2123	2128:3806:637	70	337	29	212	791	129	208	154	79	270	616	137	137
404	1668	1817	2069	2074	2078	2085	2087	2102	2109	2116	2119	2130:2303:100	95	8	383	108	154	262	74	100	33	95	833	58
1682	1702	2012	2069	2074	2079	2087	2092	2102	2111	2113	2120	2122	2131:2468:191	237	195	229	99	279	70	116	54	70	237	558	83	50
13	869	1674	1684	2067	2072	2087	2092	2097	2102	2109	2116	2117	2128:2173:179	16	162	4	333	216	50	70	158	54	45	141	675	70
14	878	1680	2070	2075	2085	2087	2100	2102	2110	2112	2121	2122	2128:2747:662	20	300	245	33	266	137	20	112	100	450	120	87	195
13	1674	1686	2009	2067	2072	2078	2083	2087	2099	2102	2119	2129:1979:154	150	4	133	333	258	341	58	50	50	45	333	70
1702	1997	2070	2074	2078	2085	2087	2095	2100	2102	2108	2113	2120	2122	2129:2269:183	95	150	112	241	200	45	16	16	58	29	204	700	75	145
11	1565	1686	1859	2068	2074	2079	2085	2087	2095	2100	2102	2108	2114	2119	2124	2130:1778:116	4	16	45	295	212	45	191	58	45	37	50	12	87	495	33	37
1674	2087	2097	2102	2109	2119	2130:2133:762	170	570	204	145	116	166
771	1676	1728	2070	2075	2077	2085	2087	2102	2110	2114	2120	2123	2130:1985:4	245	20	175	41	558	195	49	50	58	208	262	29	91
1158	1680	2041	2087	2109	2112	2129:3088:145	804	529	174	137	987	312
11	1667	2069	2073	2077	2083	2095	2097	2102:4171:283	120	683	291	2112	75	20	437	150
167	1675	1685	2014	2068	2075	2087	2094	2099	2102	2110	2116	2117:3277:45	325	41	70	737	75	79	49	29	87	37	445	1258
1666	2005	2068	2074	2085	2087	2093	2100	2102	2111	2113	2118	2122	2127:4501:191	166	1220	208	554	150	195	12	112	108	366	870	162	187
12	1675	1685	1853	2069	2074	2083	2087	2093	2098	2102	2109	2114	2117	2128:2007:120	195	4	62	316	70	133	41	45	95	41	29	95	691	70
13	424	1677	2009	2070	2083	2087	2095	2099	2102	2111	2118	2129:2114:195	16	220	141	179	133	62	12	41	50	49	875	141
1678	1686	1857	1953	2068	2073	2084	2087	2095	2100	2102	2110	2116	2117	2122	2127:2763:158	8	200	4	370	383	158	66	12	29	41	66	320	795	70	83
598	1686	2093	2099	2102	2110	2120	2122	2128:1679:37	25	262	108	170	145	254	233	445
1164	1679	1685	1714	2069	2074	2077	2085	2087	2099	2102	2111	2112	2119	2123	2128:1756:16	116	12	33	233	79	337	120	20	50	58	8	175	379	62	58
14	552	1687	1739	2025	2068	2073	2077	2084	2087	2092	2097	2102	2111	2114	2121:2221:233	8	8	4	183	416	183	545	191	45	95	158	66	54	12	20
14	1677	1687	2086	2087	2092	2102	2112	2122	2129:9205:1825	1100	195	270	179	837	233	1404	1633	1529
13	415	1667	2009	2083	2087	2098	2102	2109	2129:7515:1858	745	545	874	1150	174	1149	183	150	687
2079	2087	2093	2102	2112	2118	2128:2801:183	162	283	216	1087	779	91
412	1702	2007	2069	2074	2086	2087	2092	2102	2111	2113	2120	2129:2198:37	195	133	358	141	120	70	83	58	79	154	679	91
13	464	1668	1685	1865	2068	2074	2083	2087	2092	2097	2109	2113	2117	2128:2003:154	33	62	12	112	250	141	112	54	45	125	4	154	670	75
162	1674	1685	1857	2068	2073	2087	2098	2102	2110	2116	2117	2128:2306:112	187	8	108	370	187	45	129	37	33	241	733	116
14	1678	1688	2047	2068	2073	2085	2087	2095	2099	2102	2118	2124:1965:208	208	4	154	316	237	108	50	4	75	75	525	1
14	2036	2070	2087	2094	2099	2102	2110	2122:2880:879	600	266	158	162	4	208	308	295
14	1680	2067	2072	2077	2086	2087	2102	2107	2112	2118	2122	2129:2268:241	154	400	200	450	24	58	45	1	183	375	75	62
14	1685	2068	2073	2083	2087	2093	2097	2102	2109	2112	2120:2053:241	16	383	175	150	70	66	220	75	45	337	275
1704	2068	2074	2083	2087	2093	2102	2109	2112	2118	2122	2127:4054:345	1283	250	62	200	175	120	58	487	758	141	175
12	1669	1685	1840	2043	2067	2072	2077	2084	2087	2092	2098	2102	2110	2117	2127:1917:79	20	16	20	137	245	187	333	116	50	62	66	45	29	508	4
14	1682	1685	1871	2084	2087	2094	2100	2102	2110	2112	2120	2122	2129:1903:287	204	29	116	125	62	87	33	70	37	254	412	62	125
1036	1680	1832	2068	2074	2087	2093	2102	2109	2113	2118	2129:3841:29	325	87	833	133	145	137	112	75	404	1416	145
12	1682	2087	2093	2100	2102	2110	2113	2118	2128:2980:350	291	87	137	75	91	108	250	1383	208
12	1665	1999	2070	2074	2077	2084	2087	2095	2099	2102	2109	2119	2126	2129:1886:158	170	49	162	87	412	125	25	1	54	49	29	433	41	91
14	255	1665	1685	1832	2068	2073	2078	2087	2092	2097	2102	2111	2113	2118	2128:1821:124	12	133	4	4	283	145	108	24	66	170	16	16	158	504	54
14	1669	1685	2077	2085	2087	2102	2118	2123	2128:6193:1108	29	29	2337	929	150	158	1141	108	204
409	1668	1684	2049	2069	2074	2078	2084	2087	2093	2100	2102	2110	2113	2117	2128:2014:24	49	12	141	275	83	137	150	37	70	45	25	58	179	650	79
200	1668	1979	2077	2085	2087	2099	2102	2112	2117	2122	2127:1953:33	66	83	441	145	29	62	29	254	699	58	54
727	1678	1684	2059	2067	2072	2086	2087	2092	2099	2102	2108	2112	2120:2519:8	250	8	287	566	341	116	87	125	104	45	12	391	179
12	1184	1680	2084	2087	2102	2124	2129:2059:504	33	470	575	45	120	75	237
12	1669	1686	2067	2072	2078	2084	2095	2099	2102	2114	2119	2123	2130:2923:283	16	4	445	354	645	329	33	75	79	41	462	62	95
1674	1684	1704	2079	2085	2087	2099	2102	2110	2112	2118	2123	2130:2922:270	37	270	95	441	120	79	87	87	475	762	45	154
13	1679	1685	1977	2087	2102	2109:2538:883	1008	120	29	120	216	162
1678	2005	2067	2072	2077	2085	2087	2099	2102	2112	2117	2122	2127:2844:162	75	391	233	612	158	37	33	45	304	670	95	29
655	1683	1686	1995	2069	2073	2079	2094	2097	2102	2111	2114	2120	2126	2129:3632:29	400	8	150	645	337	170	133	475	154	125	291	420	133	162
13	599	2036	2070	2075	2086	2087	2099	2102	2110	2112	2119	2122	2127:2303:266	54	187	50	54	170	75	62	62	79	333	662	112	137
14	1209	1680	2085	2093	2102	2110	2112	2126:4247:800	125	787	579	299	133	170	954	400
1667	1995	2069	2074	2087	2093	2097	2102	2109	2126	2129:1919:208	141	179	16	112	220	429	158	24	220	212
921	1680	1994	2067	2073	2102	2122:2680:58	575	120	670	862	104	291
1677	2067	2072	2077	2087	2093	2098	2102	2110:5276:608	1075	662	1933	120	279	300	170	129
15	1365	2079	2084	2094	2102	2130:2606:1362	8	191	550	200	141	154
14	433	1861	2015	2070	2078	2084	2087	2100	2102	2114	2117	2123	2128:1899:220	50	83	108	29	191	133	54	20	58	62	779	54	58
14	925	1676	1685	1702	2067	2072	2078	2087	2092	2097	2102	2109	2113	2120	2131:2031:237	12	158	12	95	279	212	262	29	75	162	45	16	125	308	4
400	1678	1685	2077	2083	2087	2093	2098	2102	2110	2113	2118	2124	2129:2200:45	158	16	512	170	50	83	120	66	20	245	537	12	166
13	1679	1686	2067	2072	2087	2093	2099	2102	2121	2122	2129:3168:337	408	8	904	537	104	208	125	125	29	175	208
13	281	1826	2061	2068	2073	2087	2097	2102	2107	2119	2122	2128:2136:145	87	16	150	441	229	50	175	66	12	570	75	120
13	1686	1745	2070	2075	2087	2093	2098	2102	2110	2116	2120	2128:5158:1112	54	91	762	120	204	291	641	291	179	1	729	683
12	1687	2015	2067	2072	2079	2087	2094	2098	2102	2115	2118	2123	2128:2625:258	8	125	270	237	337	62	54	112	75	4	829	75	179
188	1857	2070	2087	2093	2097	2102	2116	2117	2123	2130:3087:100	212	237	91	150	283	108	487	1241	66	112
13	366	1687	2027	2077	2083	2087	2094	2097	2102	2118	2126	2128:3720:266	100	12	300	841	429	79	112	362	120	787	129	183
406	1674	1684	1848	2085	2087	2094	2102	2112	2117	2122	2127:4404:295	354	29	308	608	145	108	104	454	1612	133	254
1728	1977	2069	2074	2079	2085	2087	2094	2102	2114	2120:6078:770	145	1170	458	762	1279	225	554	191	458	66
13	253	1682	1831	2069	2074	2087	2098	2102	2110	2122	2129:9048:1020	1724	1333	541	899	291	175	850	179	208	933	895
732	1680	2067	2072	2077	2083	2092	2098	2102	2124:10270:420	1599	1837	1891	2500	441	620	637	175	150
14	666	1677	2068	2073	2085	2087	2095	2102	2107	2112	2120	2122	2128:1946:287	4	158	354	158	116	50	20	83	1	254	291	37	133
1669	2067	2073	2083	2087	2092	2100	2102	2110	2113	2117	2123	2128:2481:4	458	191	166	70	87	54	41	50	170	900	70	220
14	377	1684	2032	2069	2074	2078	2087	2102	2109	2119	2126:2283:295	20	12	170	437	120	441	66	70	37	520	95
14	962	1677	1720	2068	2073	2078	2087	2092	2098	2102	2110	2129:2538:354	54	262	62	612	208	425	87	112	154	75	79	54
1665	2067	2073	2084	2087	2093	2102	2108	2123	2128:4620:579	1137	741	800	116	416	162	4	270	395
14	1677	1688	1973	2067	2072	2085	2087	2099	2102	2113	2118	2124	2128:2178:233	183	12	33	383	174	175	54	50	62	229	491	33	66
220	1669	1704	2067	2072	2077	2084	2087	2093	2099	2102	2111	2112	2118	2123	2128:1968:25	8	79	233	270	337	166	29	45	70	37	25	250	316	33	45
14	363	1674	1684	1865	2004	2067	2072	2078	2084	2087	2093	2098	2109	2113	2117	2124:1913:137	20	116	12	66	54	283	137	262	54	25	58	49	25	100	495	20
15	1679	1685	2006	2087	2095	2102	2109	2124	2128:2496:1245	304	87	162	100	12	75	104	74	333
492	1667	1985	2069	2087	2094	2102	2111	2122:1722:112	200	33	504	104	183	166	166	254
13	782	1675	2067	2074	2084	2087	2095	2100	2102	2108	2113	2117:3755:341	45	412	762	91	358	83	24	20	83	12	220	1304
12	1257	1679	1684	1693	2049	2070	2078	2086	2087	2093	2100	2102	2111	2113	2118	2128:1881:170	16	104	4	137	170	29	316	75	29	50	58	50	29	112	487	45
282	1667	1685	1704	2068	2074	2083	2087	2092	2099	2102	2109	2112	2118	2124	2130:2448:54	112	16	104	450	141	254	87	100	91	62	29	254	637	12	45
927	1668	1684	2014	2069	2075	2085	2087	2094	2100	2102	2110	2116	2119:2545:62	33	33	108	525	62	312	100	87	41	104	62	137	879
9	1253	1860	2068	2073	2077	2083	2087	2092	2098	2102	2108	2112	2119	2123	2128:1786:4	16	58	316	187	316	33	29	75	83	25	12	162	350	41	79
9	1675	2068	2073	2079	2087	2098	2102	2109	2119	2123	2129:2036:20	233	437	291	154	50	95	62	58	470	54	112
1850	2069	2074	2078	2085	2087	2102	2107	2112	2120	2130:2503:4	445	166	454	283	125	91	45	383	470	37
312	2047	2069	2084	2087	2094	2099	2102	2112	2117	2127:3929:358	233	487	325	104	62	83	104	433	1695	45
1146	1675	1728	1985	2079	2084	2087	2095	2099	2102	2109	2114	2120	2122	2130:2172:16	291	12	137	279	270	79	25	75	37	87	237	466	95	66
914	1679	1686	2058	2068	2073	2083	2087	2093	2098	2102	2122	2130:3048:70	404	4	416	1058	320	129	166	137	79	87	112	66
10	295	1676	1686	2068	2073	2087	2094	2097	2124:3213:58	83	512	20	704	700	91	212	729	104
15	1398	1667	1684	2086	2087	2095	2099	2102	2111	2119	2126:4649:1804	154	275	91	512	216	70	133	158	145	1004	87
13	1681	1740	2000	2079	2087	2093	2102	2110	2118	2126	2129:2471:258	270	25	133	129	87	108	75	100	908	120	258
1667	1684	2086	2087	2102	2108	2123	2127:595:95	74	87	70	70	8	83	108
917	1832	2067	2073	2084	2087	2094	2099	2102	2109	2113	2118	2123	2128:2028:4	54	329	187	133	45	50	66	54	29	183	691	83	120
1008	1682	1685	1702	2078	2084	2087	2095	2097	2113	2120	2130:3752:79	350	8	400	1208	283	87	1	325	295	637	79
15	1674	1739	2079	2085	2087	2094	2100	2102	2110	2126:3420:1104	491	16	658	566	158	87	58	108	112	62
12	1674	1863	2068	2073	2079	2087	2095	2097	2102	2107	2118	2126	2128:2014:154	166	62	349	250	33	37	16	133	41	33	666	41	33
9	1677	1684	1863	2009	2069	2075	2087	2098	2102	2110	2118	2129:3581:33	316	45	145	91	554	33	116	200	120	79	1604	245
168	1666	1687	2070	2084	2087	2093	2113	2117	2122	2127:7458:575	662	8	54	1504	166	654	379	2337	524	595
774	1678	2084	2102	2108	2128:1743:129	529	674	137	41	233
731	1682	1685	1728	2036	2067	2072	2085	2087	2093	2099	2102	2107	2114	2120	2122	2127:2689:50	225	12	8	208	483	358	279	83	70	37	62	4	191	416	91	112
14	1667	1704	2069	2074	2085	2087	2093	2102	2109	2112	2118:2134:325	95	125	300	79	125	58	66	70	50	258	583
1677	1970	2067	2072	2086	2087	2092	2099	2102	2112	2121:4603:445	45	1216	608	275	179	237	137	104	924	433
1039	1674	2067	2072	2077	2085	2087	2093	2099	2102	2108	2113	2119	2123	2130:1883:37	150	291	224	295	158	33	62	66	45	12	120	333	12	45
12	1677	1687	1730	2067	2072	2078	2085	2087	2094	2100	2102	2111	2116	2118	2128:1806:116	183	1	8	270	245	145	104	58	41	58	41	29	33	433	41
522	1683	1841	2067	2072	2078	2084	2087	2094	2099	2102	2114	2121	2126	2130:1887:24	166	20	466	245	162	183	45	70	29	62	104	279	16	16
1681	2009	2069	2073	2087	2097	2102	2111	2129:3138:583	270	629	254	191	562	104	145	400
15	1163	2069	2074	2079	2087	2097	2102	2111	2113	2120:5599:1670	154	1454	187	279	149	487	191	179	429	420
1676	2028	2067	2072	2078	2084	2087	2092	2099	2102	2124	2131:7444:750	370	1816	991	987	1416	204	358	70	225	112	145
11	1500	1676	1725	2069	2074	2077	2086	2087	2095	2100	2102	2110	2113	2121	2124	2130:1747:100	25	154	33	291	133	370	62	29	16	70	50	20	162	150	37	45
966	1679	1844	2068	2074	2087	2092	2100	2102	2108	2117	2123	2128:2964:58	245	95	462	104	91	104	20	66	33	1412	66	208
828	1678	1817	1985	2067	2073	2084	2087	2102	2109	2116	2119	2122	2130:2761:95	266	4	66	550	300	254	120	70	12	104	775	116	29
15	2070	2087	2109	2114	2118:2214:1179	79	166	162	312	316
13	887	1674	1687	2043	2068	2073	2083	2087	2094	2098	2102:9031:1270	441	1429	29	841	1775	554	1391	170	241	599	291
1674	2087	2099	2102	2111	2113	2118	2123	2127:2538:608	162	75	154	220	687	295	187	150
613	1666	1685	1811	2070	2075	2087	2102	2111	2112	2123	2128:6428:516	1012	287	291	666	24	200	308	337	1812	225	750
12	2077	2083	2087	2098	2102	2111	2119	2126	2130:2501:225	916	70	75	183	125	104	708	12	83
14	1680	1684	1862	2067	2072	2086	2087	2092	2100	2102	2111	2112	2122:2934:412	295	58	120	587	441	175	62	120	12	58	37	470	87
1745	2036	2083	2087	2102	2110	2122	2127:2970:449	612	595	166	208	266	433	241
14	661	1678	1871	2069	2075	2079	2085	2087	2095	2102	2111	2112	2120:1847:266	1	179	137	179	79	8	187	54	20	75	33	254	375
15	1345	1665	2068	2074	2085	2087	2095	2098	2102	2111	2112	2120	2124:2053:300	20	150	337	158	175	54	8	91	45	45	333	308	29
397	1679	2062	2079	2083	2087	2098	2102	2113	2118	2130:4916:470	458	641	575	95	254	304	162	683	1162	112
545	1674	1878	2065	2068	2073	2079	2084	2087	2092	2099	2110	2112	2119	2124	2129:2050:37	170	183	1	295	124	162	141	37	95	41	45	191	412	12	104
13	368	1683	2043	2083	2087	2094	2100	2102	2111	2118	2127:2290:241	195	200	212	208	87	25	99	91	87	820	25
14	721	1674	2015	2069	2074	2079	2083	2087	2094	2099	2102	2118	2123	2128:1767:258	1	154	87	283	58	108	50	45	50	24	50	487	50	62
827	1680	1684	2083	2087	2102	2110	2123	2131:1700:49	454	54	520	108	120	150	229	16
13	841	1683	2069	2074	2085	2087	2094	2100	2102	2109	2128:8623:1112	695	1029	1195	820	1925	166	525	133	270	158	595
14	697	1678	1704	2069	2073	2077	2083	2087	2093	2099	2102	2109	2112	2118	2122	2128:1727:129	1	66	50	241	95	329	108	33	50	70	37	29	124	245	50	70
1674	2000	2079	2084	2087	2094	2100	2102	2111	2118	2126	2129:3286:470	112	150	562	120	112	41	108	70	1062	154	325
12	1681	2068	2073	2084	2087	2093	2099	2102	2109	2113	2117	2126	2127:1775:120	158	320	145	95	37	62	75	33	41	116	462	74	37
793	1683	1687	2007	2069	2074	2078	2084	2087	2097	2102	2111	2113	2118	2129:2209:41	166	12	66	312	108	195	150	50	145	37	66	262	470	129
705	1685	1728	2077	2087	2094	2102	2114	2120	2123	2131:8985:179	804	899	3445	204	741	274	520	249	1200	470
355	1665	1702	2068	2072	2079	2085	2087	2093	2102	2109	2113	2120	2123	2128:1944:24	141	70	325	225	16	166	33	87	54	58	129	479	50	87
9	1175	1667	2077	2087	2102	2111	2113	2119	2123	2128:5290:366	145	224	2179	212	212	229	475	645	174	429
1118	1676	1685	2068	2073	2078	2085	2087	2092	2099	2102	2111	2113	2118	2124	2129:1768:33	187	4	316	200	129	87	29	75	70	45	16	170	337	8	62
13	286	1665	1726	2009	2067	2072	2077	2087	2095	2102	2109	2119	2129:2669:216	33	124	25	137	479	345	550	58	16	87	45	454	100
10	741	2067	2072	2085	2087	2097	2102	2108	2112	2121	2124	2129:2598:87	8	658	387	145	79	195	79	12	441	354	16	137
1260	1681	2067	2072	2078	2087	2100	2102	2111	2113	2118	2124	2128:1847:12	183	266	258	320	41	8	41	29	249	329	20	91
13	810	1677	1687	1848	1959	2069	2083	2087	2094	2099	2112	2117:2558:195	45	208	8	54	1	416	250	70	83	70	225	933
14	863	1675	1685	1711	2058	2078	2085	2095	2114	2119	2122	2130:4529:754	4	416	25	66	450	700	591	8	229	925	170	191
1677	2058	2078	2086	2094	2110	2114	2122	2130:2549:412	762	462	149	79	124	187	195	179
919	1974	2068	2073	2087	2098	2102	2113	2118	2123	2127:4154:191	29	1091	333	175	287	175	658	949	79	187
302	1687	2015	2070	2087	2099	2102	2108	2114	2123	2128:6025:1904	37	1454	254	183	375	270	62	708	170	608
268	1675	2036	2068	2073	2087	2092	2098	2102	2116	2119	2122	2127:3279:295	270	154	725	200	100	175	204	62	116	695	83	200
848	1680	2068	2073	2077	2085	2087	2093	2100	2102	2108	2112	2120	2123	2130:1967:12	162	320	254	425	83	33	75	45	37	1	187	254	50	29
12	1102	1675	1861	2042	2070	2085	2087	2093	2098	2102	2109	2114	2117	2126	2127:1797:116	37	162	45	100	58	200	45	70	45	37	58	66	699	58	1
14	294	1676	1685	2068	2073	2079	2083	2087	2094	2102	2109	2118	2122	2128:1878:295	24	141	8	295	162	41	62	37	41	62	29	545	45	91
12	1668	2000	2067	2072	2083	2087	2097	2102	2109	2115	2121	2126	2129:2226:195	70	41	570	395	183	95	154	83	75	4	87	108	166
10	799	1665	1720	1973	2067	2073	2083	2087	2099	2102	2110	2124	2128:4143:245	41	379	16	4	1441	754	416	195	150	162	129	41	170
1679	1708	2067	2072	2077	2084	2087	2092	2098	2102	2108	2113	2119	2123	2130:1855:150	66	237	208	333	129	29	50	79	25	8	108	350	29	54
12	1683	1858	2039	2068	2072	2077	2083	2087	2095	2098	2102	2108	2114	2117	2123	2127:1757:91	145	41	75	183	162	358	91	33	4	62	29	8	75	362	37	1
940	1676	1829	2085	2087	2094	2100	2102	2111	2112	2121	2123	2128:5548:283	800	4	1145	195	250	37	287	166	1420	191	229	541
12	1675	1684	2009	2068	2073	2077	2083	2087	2094	2099	2102	2109	2116	2119	2129:1866:125	162	29	70	229	170	379	104	25	8	45	33	12	1	420	54
14	987	1666	1848	2047	2070	2078	2084	2087	2093	2098	2109	2112	2117	2124:1977:195	33	100	62	158	37	300	145	50	87	54	16	166	562	12
943	1665	1684	2067	2072	2086	2087	2093	2099	2102	2108	2114	2117	2123	2128:2509:8	158	20	241	287	91	62	108	45	54	41	70	1075	54	195
406	1678	1684	1702	2019	2078	2087	2094	2102	2109	2113	2120	2130:3287:33	312	33	291	300	579	108	145	95	25	379	954	33
786	1681	1684	2069	2085	2087	2094	2102	2109	2123	2130:2677:20	529	62	891	408	91	220	125	91	120	120
473	1669	1685	1994	2087	2102	2110	2119	2122:1194:220	16	20	95	120	154	170	112	287
10	2067	2072	2084	2087	2092	2100	2102	2120	2122	2129:2234:54	550	300	216	62	87	58	91	612	75	129
12	1299	1678	2049	2067	2072	2078	2084	2087	2092	2097	2102	2114	2117	2128:1834:120	12	191	116	187	233	174	116	37	62	50	25	79	370	62
535	1967	2068	2073	2086	2087	2095	2097	2102	2113	2118	2126	2128:2477:50	20	416	187	170	104	16	262	58	337	645	104	108
1071	1686	2067	2072	2077	2084	2095	2099	2112	2120	2123	2130:4457:33	12	816	516	1191	579	49	108	500	333	150	170
13	895	1679	1688	1849	2068	2073	2084	2087	2094	2099	2102	2109	2112	2118	2128:1813:91	41	154	4	54	291	191	120	33	16	62	37	29	166	445	79
11	1684	1739	2070	2074	2078	2087	2095	2098	2111	2126	2131:2358:258	12	4	233	112	1187	125	37	112	104	137	37
1681	1684	2067	2073	2084	2087	2092	2102	2122:4336:620	91	1266	800	587	120	349	141	362
13	717	1667	1851	2069	2074	2083	2087	2093	2097	2102	2113	2117	2128:1839:129	8	58	62	295	91	41	37	79	158	33	116	620	112
642	1676	1685	1847	1970	2069	2074	2087	2095	2099	2102	2109	2112	2120:6444:133	1075	595	416	50	1250	66	187	191	170	279	683	1299	50
216	1684	2087	2094	2099	2102	2109	2122:647:33	29	58	62	83	112	104	166
2068	2074	2084	2087	2100	2102	2111	2116	2119	2122	2127:3613:970	225	462	129	50	154	75	187	825	195	341
14	1681	1871	2068	2073	2078	2086	2087	2092	2099	2102	2112	2120	2123	2130:1752:137	158	108	287	170	170	33	29	41	58	41	200	254	41	25
321	1676	1702	1989	2069	2074	2077	2083	2087	2092	2098	2102	2111	2113	2120	2123	2129:1820:24	100	50	33	158	112	375	79	16	50	112	50	16	154	383	29	79
1666	2030	2068	2073	2078	2085	2087	2094	2102	2120:2839:187	225	608	229	500	304	66	100	79	541
890	1674	2067	2072	2077	2086	2087	2092	2100	2102	2112	2119	2123	2128:2048:16	154	212	141	425	116	33	45	62	79	229	379	70	87
13	1668	1685	2087	2102	2109	2126	2128:1150:404	87	16	70	87	87	229	170
13	283	1688	2068	2074	2084	2087	2095	2102	2109	2118:2558:387	29	8	566	183	341	112	37	104	50	741
1021	1963	2069	2074	2077	2086	2087	2093	2102	2109	2114	2120	2123:2579:20	29	600	112	995	150	58	150	83	45	158	125	54
12	1683	1686	1980	2087	2094	2102	2111	2118	2123	2129:3641:779	466	4	70	225	183	125	166	1220	74	329
838	1665	2028	2068	2074	2084	2087	2092	2102	2111	2113	2117	2124	2131:2756:41	183	166	479	129	266	58	95	75	66	154	1016	20	8
1682	2049	2077	2087	2093	2102	2108	2114	2117	2128:3250:366	283	666	79	104	112	8	166	1316	150
1678	2070	2078	2085	2087	2093	2102	2110:4167:758	66	1849	708	158	254	208	166
14	1104	1674	1705	2077	2085	2087	2100	2102:6011:1220	141	595	349	2424	858	162	75	187
1668	2078	2084	2087	2099	2109	2126:1384:95	441	487	70	25	58	208
443	1667	1684	1833	1994	2067	2072	2084	2092	2099	2102	2120	2122:4925:225	170	29	133	116	1579	1054	704	250	137	137	187	204
1681	2014	2067	2072	2079	2085	2087	2093	2099	2102	2108	2119:2815:287	116	562	358	170	275	87	141	79	91	37	612
13	492	1677	1686	2009	2070	2076	2083	2087	2093	2097	2102	2109	2113	2117	2129:2164:162	45	216	4	100	54	12	154	58	83	170	70	45	129	779	83
1685	2067	2072	2087	2093	2098	2102	2109	2122:2270:41	883	487	100	170	195	145	66	183
10	640	2013	2086	2087	2100	2102	2109	2114	2117	2126	2127:3278:129	133	145	270	195	83	166	54	83	1750	150	120
10	365	2079	2086	2087	2102	2111	2113	2122	2131:3584:587	108	1154	50	237	266	179	641	350	12
290	1675	1685	1973	2070	2075	2086	2087	2094	2102	2108	2120	2124	2128:3910:312	495	8	166	325	91	433	241	233	270	12	958	4	362
470	1675	1685	1702	1995	2079	2085	2087	2094	2100	2102	2109	2113	2120	2126	2129:2482:8	170	20	262	16	141	275	62	79	79	75	58	229	754	125	129
1669	1708	2079	2085	2087	2093	2100	2102	2109	2113	2119	2130:2920:29	183	308	445	137	137	50	108	66	433	929	95
12	1863	2006	2068	2073	2083	2087	2093	2100	2102	2111	2118	2124	2128:2177:162	95	54	345	158	133	54	75	74	58	58	708	58	145
13	606	1858	2051	2078	2084	2087	2094	2099	2102	2110	2114	2117	2123	2127:2136:216	4	62	154	304	195	54	50	66	50	54	70	687	29	141
14	568	1974	2087	2094	2099	2102	2118	2123	2127:2632:645	66	12	158	87	83	112	1241	83	145
576	1674	1684	1863	1984	2068	2073	2087	2094	2097	2102	2111	2118	2129:3080:66	275	20	245	54	433	200	70	91	300	66	70	1020	170
952	1675	1687	1866	2087	2102	2111	2112	2120	2123	2128:5642:175	1304	4	1000	195	254	133	1291	149	408	729
13	421	1678	1687	1858	2069	2083	2087	2094	2100	2102	2107	2114	2117:3768:304	66	400	24	129	479	400	91	79	4	75	1	37	1679
12	1076	1674	2061	2067	2072	2077	2084	2087	2092	2098	2102	2113	2118	2122	2128:1710:70	4	37	187	233	162	233	41	16	45	87	25	79	425	25	41
1666	1687	2077	2086	2087	2097	2110	2112	2120	2124:5076:391	8	2458	529	158	400	183	750	158	41
12	1666	1743	2068	2073	2078	2087	2093	2098	2102	2109	2116	2118	2128:1960:183	112	12	295	158	212	37	50	83	58	45	145	487	83
14	967	1684	1977	2087	2099	2102	2108	2119:1859:875	116	50	95	133	100	166	58	266
13	259	1687	2067	2072	2078	2087	2092	2097	2102	2108	2114	2121:2639:195	112	12	662	445	329	75	137	337	87	20	112	116
12	1675	1701	2043	2067	2072	2087	2092	2098	2102	2111	2115	2118:2108:170	191	129	116	354	225	54	79	116	41	50	4	579
12	1668	1867	2067	2072	2079	2087	2098	2102	2110	2119	2123	2128:2148:220	66	112	475	270	87	62	75	62	62	512	87	58
14	1683	1686	1875	1973	2069	2074	2077	2087	2094	2102	2112	2118	2124	2128:1829:137	120	12	91	24	241	58	237	37	12	41	183	554	41	41
15	1665	1874	2009	2079	2087	2099	2102	2110	2114	2119	2129:2286:487	208	120	95	125	70	87	66	41	129	733	125
11	1665	1685	1860	2069	2075	2087	2094	2100	2102	2110	2112	2119	2124	2130:2356:120	212	20	91	312	116	75	25	83	83	83	333	720	50	33
14	1678	2019	2085	2087	2095	2097	2102	2108	2112	2120:2923:566	375	162	366	116	8	316	62	20	587	345
14	1678	1720	2001	2087	2095	2102	2111	2122	2129:3327:1050	825	50	229	137	45	104	158	325	404
15	1669	1684	1838	1977	2067	2072	2078	2083	2087	2092	2099	2102	2109:4244:704	12	45	20	79	812	562	1062	387	83	191	87	150	50
10	336	1676	1684	2054	2067	2072	2086	2087	2093	2112	2121	2122:3052:108	58	325	8	408	545	416	241	95	83	437	316	12
334	1667	1687	2085	2087	2102	2109	2124:1663:191	320	4	691	112	129	133	83
916	1665	1848	2042	2067	2073	2083	2087	2092	2097	2102	2111	2112	2117	2126	2127:2021:29	137	33	16	300	254	104	41	74	100	25	37	162	650	58	1
1681	1684	2069	2074	2077	2085	2087	2093	2100	2102	2108	2116	2119	2126	2129:2283:150	12	279	179	500	150	41	79	20	75	12	29	520	112	125
735	1675	1713	2052	2099	2102	2109	2122	2130:1770:33	683	8	470	45	145	191	179	16
192	1665	2067	2073	2085	2087	2099	2102	2109	2128:6081:595	370	1833	891	1370	195	70	137	58	562
14	320	1681	1984	2069	2075	2079	2087	2093	2102	2110	2112	2119	2129:2031:254	87	137	41	170	104	170	62	83	45	58	300	400	120
13	875	1685	2070	2084	2087	2102	2122	2129:2800:699	104	29	91	908	170	166	183	450
823	1679	1687	1702	1969	2077	2085	2087	2109	2113	2120	2122	2130:3044:25	220	4	383	25	966	270	79	41	254	641	91	45
1067	1666	2070	2075	2078	2085	2087	2098	2102	2110	2112	2119	2123	2130:2073:12	104	137	70	395	216	50	125	66	62	233	525	58	20
778	1665	2009	2068	2073	2087	2095	2102	2109	2129:3203:262	445	279	924	608	100	49	162	145	229
12	1669	1740	2070	2074	2077	2086	2087	2100	2102	2111	2115	2118	2128:1919:216	16	4	150	29	600	91	45	4	45	49	16	575	79
1047	1666	2068	2073	2078	2085	2087	2093	2100	2102	2113	2119	2123	2130:1898:41	75	387	179	270	137	37	50	37	66	154	366	70	29
1010	1685	2000	2069	2083	2087	2092	2097	2102	2126	2129:2302:20	20	191	379	283	87	245	245	145	304	383
15	1367	1739	2070	2075	2078	2084	2087	2093	2100	2102	2108	2126:2568:787	37	20	229	62	566	370	137	154	87	79	20	20
10	1681	2072	2084	2087	2094	2097	2102	2113	2117:5687:70	666	958	883	166	54	633	158	179	1920
297	1680	1974	2085	2087	2100	2102	2111	2116	2117	2123	2127:2203:116	191	29	179	58	29	45	62	270	1050	79	95
15	1713	2009	2083	2087	2098	2102	2111	2129:2701:1104	233	258	162	112	237	112	200	283
882	1676	1686	1722	2067	2072	2077	2083	2087	2094	2097	2102	2113	2120	2123	2130:1896:8	170	4	37	300	191	387	62	24	87	95	33	116	279	37	66
12	1065	1666	1685	2084	2087	2095	2100	2102	2113	2117	2128:2394:141	20	175	12	266	62	4	83	66	170	1258	137
11	2078	2098	2102	2109	2120	2124	2130:2076:350	483	212	200	158	533	95	45
12	1684	2006	2070	2085	2087	2095	2102	2119	2124	2128:2740:354	25	95	162	529	120	45	116	1008	91	195
872	1713	2019	2069	2074	2078	2083	2087	2100	2102	2130:7557:499	1287	929	725	300	1470	1249	237	112	291	458
11	1696	2067	2072	2077	2085	2087	2092	2099	2102	2110	2113	2120	2124	2130:1848:79	145	129	150	395	116	41	91	50	66	33	233	275	29	16
13	204	1686	1740	2036	2086	2087	2094	2100	2102	2111	2118	2122	2127:2935:325	70	24	4	370	183	99	133	104	104	62	1187	91	179
10	308	1669	1830	2009	2067	2072	2086	2087	2100	2102	2109	2116	2117	2129:2138:41	112	25	16	45	241	187	116	62	79	45	20	175	866	108
14	1675	1685	2067	2072	2087	2093	2098	2102	2109	2122	2129:7251:1349	770	50	1945	1341	158	233	212	187	95	395	516
1676	1686	2069	2074	2079	2086	2087	2093	2102	2115	2121	2123	2130:2727:425	16	491	112	479	295	154	162	120	58	95	112	208
800	1668	1702	1985	2067	2072	2078	2087	2092	2098	2102	2113	2120	2122	2130:1956:29	58	133	37	266	229	275	29	66	83	70	170	470	37	4
13	706	1675	2036	2067	2073	2086	2087	2095	2099	2102	2122	2127:2278:258	16	237	125	666	383	204	83	12	70	62	79	83
11	1685	1728	2069	2074	2078	2085	2087	2095	2102	2114	2120	2122	2130:2078:154	8	29	387	133	279	233	79	20	87	162	387	95	25
264	1679	2072	2084	2087	2102	2113	2117	2122:5199:337	516	637	820	162	229	366	1945	187
14	1675	1848	2068	2074	2083	2087	2093	2099	2102	2109	2112	2117	2122	2128:1888:112	129	83	270	95	50	29	37	74	24	33	195	620	75	62
1665	1685	1826	2067	2073	2087	2095	2097	2102	2111	2119	2122	2128:3316:333	12	75	608	591	75	12	416	112	95	683	104	200
13	761	1678	2031	2084	2087	2094	2097	2111	2118	2127:4095:512	41	520	270	800	158	133	295	133	1179	54
13	794	1666	1687	2043	2083	2087	2094	2098	2102	2111	2118	2127:3416:512	87	225	8	283	270	204	66	208	108	204	1237	4
12	1103	1848	2047	2067	2072	2078	2083	2087	2092	2098	2102	2108	2112	2117	2127:1739:91	29	29	116	141	187	75	116	12	54	54	41	8	187	579	20
159	1677	1857	1890	2070	2099	2116	2117	2123	2130:7856:450	787	975	912	804	150	1325	2245	183	25
11	1682	2078	2086	2087	2102	2109	2120	2124	2130:3067:245	308	637	287	112	91	79	1154	50	104
11	1675	1728	2010	2070	2075	2077	2085	2087	2094	2100	2102	2109	2114	2120:1790:49	200	41	125	179	70	441	104	25	45	37	25	29	100	320
1686	1990	2078	2087	2095	2102	2110	2113	2118	2122	2128:5037:37	245	1329	183	4	254	187	1216	816	358	408
13	597	1674	2051	2087	2095	2102	2110	2112	2119	2123	2127:5199:808	29	762	895	145	29	258	208	829	750	191	295
367	1681	1686	2079	2087	2102	2111	2112	2123	2130:2736:70	545	25	341	141	212	166	962	208	66
1029	1682	1684	1711	2078	2085	2087	2094	2102	2114	2119	2124	2130:3206:41	287	49	166	666	479	91	195	133	141	850	29	79
12	1106	1676	1848	2042	2070	2085	2087	2098	2111	2112	2117	2126:2186:112	45	187	50	137	112	204	79	91	45	225	791	108
10	1678	1686	2054	2068	2074	2086	2087	2093	2102	2110	2112	2120	2122:3624:83	362	45	366	800	204	250	124	175	129	104	525	391	66
13	246	1675	1985	2072	2087	2093	2098	2102	2109	2118	2122	2130:2927:358	129	254	79	16	154	120	220	112	62	1229	124	70
1698	2069	2074	2079	2087	2094	2097	2111	2126	2130:2884:375	700	266	458	100	187	408	120	54	216
14	372	2069	2074	2078	2085	2087	2093	2099	2102	2108	2119:1905:245	49	341	112	191	245	58	83	49	54	16	462
14	1679	1731	1973	2079	2087	2094	2098	2102	2109	2114	2118	2124	2128:2654:454	291	1	33	208	104	83	158	95	33	20	1033	50	91
12	1083	1667	1714	2067	2072	2078	2084	2087	2092	2099	2102	2107	2112	2119	2123	2128:1712:83	29	29	75	245	162	291	108	29	58	58	33	1	112	304	62	33
989	1702	1984	2079	2083	2087	2098	2102	2113	2120	2129:3296:83	325	70	166	537	129	241	79	379	1058	229
1679	1686	1734	2070	2077	2083	2087	2094	2099	2102	2109	2112	2120	2123	2130:2371:233	4	4	20	654	262	29	75	79	50	37	250	504	66	104
14	717	1667	1711	1973	2083	2087	2099	2102	2114	2119	2124	2128:2660:320	12	75	91	66	441	158	104	112	70	1016	29	166
249	1675	1685	2056	2069	2074	2085	2087	2099	2102	2112	2120	2126:2784:125	275	29	345	658	83	250	154	79	58	337	304	87
835	1711	2000	2079	2083	2087	2098	2102	2111	2114	2119	2126	2129:2540:25	170	175	66	333	95	120	75	79	112	887	162	241
15	1675	1687	2060	2069	2074	2085	2094	2102	2111	2124	2129:3711:645	337	4	404	883	83	625	245	87	145	8	245
10	748	1666	1720	2078	2083	2087	2095	2097	2102	2109	2126:5269:304	33	354	570	2175	491	216	4	795	166	91	70
904	1720	2078	2083	2087	2093	2098	2102	2115	2126	2130:5041:229	275	1870	637	216	479	616	295	79	83	262
798	1704	2067	2072	2077	2087	2097	2102	2109	2112	2118	2123	2128:2662:37	95	416	329	575	25	158	79	75	279	420	58	116
1005	1675	1687	2058	2067	2073	2083	2087	2094	2100	2102	2109	2116	2119	2122:2177:41	229	4	179	454	225	137	45	66	33	49	45	79	516	75
14	1682	1684	1794	2015	2067	2072	2077	2087	2094	2098	2102	2109	2114	2117	2123	2128:1704:100	104	4	1	58	270	208	241	25	54	62	25	33	83	366	25	45
275	1677	1688	2019	2070	2075	2077	2083	2087	2095	2099	2102	2111:5861:200	612	1	395	620	75	2562	720	191	20	112	191	162
1678	1684	1973	2087	2102	2110	2113	2118	2124	2128:2375:695	54	20	116	145	129	825	254	25	112
10	161	1685	1830	1973	2068	2074	2083	2087	2092	2100	2102	2111	2116	2117	2124	2128:1739:16	1	4	4	29	320	154	20	75	70	70	45	29	91	720	12	79
13	743	1677	1686	2068	2073	2087	2094	2100	2102	2109	2112	2121	2130:2266:166	37	191	1	479	204	95	100	79	62	41	404	391	16
419	1682	1684	1826	2069	2074	2079	2087	2094	2098	2102	2108	2119	2123	2130:2921:129	329	25	20	520	170	66	137	108	237	116	16	866	91	91
814	1665	1685	1832	2072	2084	2087	2094	2098	2111	2113	2118	2124	2130:4642:137	345	41	87	66	812	195	145	233	91	516	1850	45	79
15	1678	1684	2041	2077	2084	2087	2100	2102	2111	2119	2129:2748:475	258	24	137	866	195	66	45	75	62	412	133
1684	2068	2073	2077	2085	2100	2111	2113	2118	2122	2128:6315:24	1374	454	1520	937	95	108	554	650	154	445
1681	1684	1871	1902	2087	2098	2102	2109	2112	2126:3012:754	70	441	316	91	329	145	108	750	8
12	1859	2078	2087	2099	2102	2110	2114	2119	2123	2128:2805:337	41	708	129	100	112	91	79	825	129	254
912	1676	2087	2093	2102	2123	2130:1197:79	462	108	166	158	166	58
12	1681	2069	2074	2077	2084	2087	2093	2099	2102	2109	2118	2128:2061:129	183	158	70	500	175	29	62	87	33	24	541	70
12	1191	1684	1704	1983	2069	2074	2077	2087	2102	2109	2112	2118	2122	2128:1932:183	8	20	54	33	179	54	412	50	29	33	266	445	87	79
11	1850	2070	2077	2086	2087	2094	2102	2110	2112	2120	2124:1949:204	37	25	612	125	70	120	54	50	312	320	20
11	1679	2070	2074	2077	2083	2087	2098	2102	2109:5420:675	495	687	79	2520	370	187	183	154	70
1680	1695	2067	2072	2078	2083	2087	2092	2097	2102	2109	2112	2119	2123	2130:2111:170	87	329	229	212	150	25	91	145	29	29	183	362	16	54
413	1675	1684	2067	2072	2078	2084	2087	2095	2097	2102	2111	2112	2121	2123	2131:2084:25	187	8	395	216	204	158	37	4	170	70	45	250	245	54	16
14	1273	1675	1685	2087	2093	2102	2109	2112	2120	2122	2128:6277:1695	45	820	62	166	275	362	183	1579	199	391	500
14	1675	1685	1987	2067	2072	2079	2087	2093	2097	2129:3790:416	320	29	120	1399	637	112	150	129	287	191
542	1668	1684	2067	2072	2085	2097	2110	2112	2121:7176:79	150	29	1654	1383	1320	1029	204	1187	141
1680	1685	2079	2087	2102	2110	2112	2130:3146:866	50	466	116	229	266	1054	99
226	1680	2068	2073	2083	2087	2092	2102	2111	2122:3625:337	833	1212	104	241	137	270	125	158	208
1685	2028	2069	2084	2087	2092	2102	2124	2131:1974:45	483	312	520	158	187	124	95	50
13	1680	1686	1865	2069	2075	2084	2087	2092	2102	2109	2113	2117	2122	2129:2140:175	166	12	125	291	62	133	50	100	49	37	129	633	62	116
715	1667	2015	2067	2072	2083	2087	2098	2102	2109	2120	2123	2128:3304:41	212	212	670	404	233	154	200	112	75	758	79	154
12	1667	1685	2065	2068	2074	2084	2087	2093	2099	2102	2109	2113	2117	2124	2129:2016:137	66	12	8	370	133	99	41	87	66	54	41	112	683	20	87
14	1665	1685	1699	1973	2069	2074	2079	2087	2102	2111	2114	2118	2124	2128:2648:387	229	16	154	33	275	112	33	133	66	95	150	841	20	104
1075	1665	1685	1702	1947	2068	2072	2077	2085	2087	2093	2102	2113	2120	2122	2129:1838:12	104	4	87	24	279	208	262	104	24	45	41	120	395	50	79
228	1686	1857	2067	2073	2083	2087	2098	2102	2109	2116	2117	2128:2431:108	8	141	404	145	104	45	133	45	41	254	858	145
10	209	1683	1688	1985	2067	2072	2079	2086	2087	2093	2100	2102	2112	2119	2122	2130:1717:37	37	116	8	95	245	200	87	62	25	66	37	45	204	395	54	4
12	1667	1741	1983	2071	2077	2085	2087	2092	2100	2102	2111	2113	2118	2122	2128:1764:100	41	4	45	4	329	158	49	66	66	41	50	183	495	54	79
14	1680	1711	2067	2072	2078	2084	2087	2098	2102	2114	2119	2125:1816:187	104	54	287	212	158	154	41	83	58	133	341	4
896	1677	1865	2009	2069	2083	2087	2092	2097	2102	2109	2113	2117	2129:2447:12	158	95	45	287	41	58	87	216	45	83	225	1008	87
12	1686	2077	2085	2087	2100	2102	2116	2119	2126	2128:2941:437	12	900	258	83	12	95	54	666	162	262
815	1675	1686	2014	2067	2074	2085	2087	2093	2099	2102	2109	2113	2118:2835:16	249	8	112	475	145	237	91	116	24	58	50	229	1025
14	1195	1667	1864	2068	2073	2078	2084	2087	2098	2102	2109	2114	2117	2126	2127:1752:116	29	75	41	249	183	141	108	25	62	41	20	29	529	54	50
194	1677	1863	2042	2070	2075	2079	2085	2087	2099	2102	2109	2118	2126	2127:2256:70	233	54	79	50	54	20	170	66	24	100	12	1187	75	62
12	1679	1686	2038	2067	2073	2087	2093	2098	2102	2107	2119	2122	2130:2890:208	245	8	154	620	429	83	112	95	100	33	604	141	58
12	1082	1684	2083	2098	2102	2111	2113	2117	2128:6000:908	49	75	808	479	241	179	483	2308	470
14	1683	1693	2067	2072	2078	2087	2093	2099	2110	2113	2118	2122	2128:2319:183	137	166	362	291	245	58	100	75	50	112	458	37	45
13	494	1677	1740	2053	2069	2074	2087	2094	2099	2102	2109	2118	2129:1973:170	41	187	8	170	283	129	79	50	58	62	20	604	112
11	1669	1685	1728	2068	2073	2078	2083	2087	2094	2098	2102	2109	2114	2120	2124	2129:1732:62	29	8	50	329	166	150	20	50	112	125	54	25	200	249	12	91
11	1666	1728	2068	2073	2078	2087	2095	2097	2102	2110	2114	2120	2130:2303:75	87	54	383	329	500	62	16	258	62	58	87	287	45
202	1668	1684	1711	2068	2073	2078	2085	2087	2095	2099	2102	2108	2114	2119	2129:1891:45	41	12	29	291	216	220	145	37	12	49	45	8	125	487	129
10	427	1681	1684	2087	2098	2102	2109	2124:1370:45	37	570	29	125	320	116	91	37
13	239	1727	2043	2085	2087	2099	2102	2109:7695:1041	2033	1120	1645	1154	170	137	287	108
264	1677	2009	2069	2074	2078	2087	2093	2097	2102	2108	2116	2119	2129:2298:124	141	129	312	170	366	33	83	195	54	25	33	525	108
1258	1677	1687	2057	2078	2085	2087	2100	2102	2110	2112	2120	2122	2130:2290:24	287	8	233	545	154	83	54	87	70	375	200	95	75
1665	2014	2085	2087	2098	2102	2111:2385:708	154	829	129	270	150	145
542	1686	1713	2014	2069	2074	2078	2087	2102:2995:191	8	212	662	541	408	674	141	158
630	1665	2067	2072	2078	2085	2087	2100	2102	2114	2118	2123	2128:2210:20	99	400	254	358	191	49	50	70	45	475	58	141
718	1676	1684	1705	2067	2072	2079	2085	2087	2095	2102	2124	2130:5073:100	454	37	408	1395	1070	216	920	175	70	125	95	8
12	1200	1668	2050	2069	2074	2078	2083	2087	2092	2098	2102	2113	2117	2124	2127:1736:112	4	29	137	250	112	170	104	41	33	87	50	104	479	4	20
875	2079	2087	2102	2113	2118	2129:1243:204	8	116	133	316	104	362
180	1667	1686	2072	2087	2092	2102	2117	2124:2671:308	149	62	125	83	320	158	1412	54
13	301	1674	1686	1826	2070	2084	2087	2100	2109	2119	2123	2128:3736:504	245	383	37	62	395	537	137	58	87	708	158	425
12	1668	1685	2067	2072	2079	2086	2087	2102	2111	2118	2123	2128:2708:341	79	4	333	383	12	187	100	104	100	795	158	112
339	1667	1684	1863	1890	2072	2087	2102	2118	2123	2130:7527:862	266	79	1645	1550	145	133	241	2316	166	124
11	1676	1686	1728	2068	2073	2078	2083	2087	2094	2099	2102	2109	2114	2120	2124	2129:1735:45	141	1	29	300	204	225	137	41	50	70	41	16	70	287	12	66
517	1683	1685	2069	2075	2086	2087	2095	2097	2111	2112	2121	2126	2130:3413:8	512	25	600	54	379	166	16	583	104	533	304	4	125
12	1675	1685	1859	2069	2074	2087	2094	2097	2102	2109	2114	2119	2128:2632:254	291	16	158	429	195	104	29	258	91	37	87	525	158
12	1169	2067	2072	2078	2087	2092	2097	2102	2115	2121	2130:2250:204	25	645	287	337	104	70	245	75	1	195	62
801	1702	2069	2074	2077	2087	2093	2098	2102	2108	2113	2120	2123	2131:2476:41	212	195	54	712	45	83	141	70	29	191	575	66	62
14	1676	1685	2043	2083	2087	2095	2098	2110	2118:5087:1450	766	20	383	616	237	45	200	162	1208
12	1668	1701	1974	2069	2074	2087	2095	2097	2102	2118	2123	2127:2998:337	108	162	45	516	225	120	25	166	95	1091	83	25
341	1680	1848	1985	2068	2075	2084	2087	2093	2102	2109	2112	2117	2122	2130:2377:50	216	16	54	412	66	179	75	45	66	50	212	866	62	8
13	1666	2077	2092	2097	2102:2897:591	191	1308	241	466	100
12	1226	1745	2078	2083	2087	2097	2102	2111	2120:6971:1258	154	537	1604	1033	216	554	200	470	945
12	1219	1681	1684	1733	2067	2072	2078	2094	2097	2102	2110	2114	2120	2123	2130:3368:387	33	270	8	1	683	383	670	25	316	91	104	70	170	70	87
609	1678	2000	2067	2072	2087	2093	2098	2102	2126	2129:4170:20	708	191	1070	604	104	229	333	149	329	433
13	777	1678	1727	2043	2067	2072	2084	2087	2093	2098	2102	2109	2120:2419:216	33	200	12	204	566	287	162	83	70	100	62	49	375
766	1680	1728	1985	2068	2073	2078	2083	2087	2100	2102	2110	2114	2120	2122	2130:2228:29	237	16	70	379	220	220	216	95	79	70	66	162	291	66	12
468	1686	1702	2062	2069	2074	2077	2084	2087	2099	2111	2113	2120	2124	2130:2089:16	8	133	162	300	116	491	166	41	33	33	108	433	16	33
13	906	1682	1833	1960	2067	2072	2085	2087	2093	2100	2102	2109	2120	2122	2129:2399:283	54	166	12	8	529	354	225	54	79	8	83	25	287	87	145
1677	1687	1728	2019	2077	2084	2094	2098	2108	2114	2130:4492:591	4	4	416	1575	683	325	379	37	333	145
12	1685	2049	2067	2072	2077	2087	2093	2097	2102	2117	2128:2938:125	16	154	533	300	566	66	62	175	75	725	141
10	330	1683	1685	2051	2067	2072	2077	2087	2093	2098	2102	2108	2114	2117	2123	2127:1721:33	29	137	8	70	262	145	166	16	41	112	29	12	45	558	33	25
12	1683	1685	1863	2006	2069	2075	2087	2094	2097	2102	2118	2124	2128:4119:437	437	20	141	162	616	75	112	154	183	104	1387	62	229
996	1674	2077	2087	2097	2102	2111	2119	2126	2129:6504:387	925	2245	179	970	275	116	679	362	366
420	1682	1685	1977	2078	2085	2087	2098	2102	2111	2120:3670:220	591	29	70	679	1112	150	191	225	266	137
945	1674	1686	1858	2069	2083	2087	2095	2102	2109	2114	2117	2124	2130:3547:41	370	12	129	445	416	83	16	95	75	8	1779	8	70
1017	1678	2077	2086	2087	2100	2102	2109	2119	2126	2129:4278:141	454	1804	291	125	37	120	129	812	220	145
789	1674	1684	2078	2087	2097	2102	2109	2124	2130:3321:133	766	70	1129	208	458	179	266	100	12
14	1667	1684	1720	2068	2073	2078	2086	2087	2094	2100	2102	2109	2126:3015:695	91	33	83	741	254	604	183	62	37	62	87	58	25