380	1255	1258	1264	1270	1273	1281	1300:2713:416	1099	158	429	79	95	12	425
14	1239	1244	1249	1254	1258	1264	1269	1273	1285	1288	1294	1298:2017:308	145	129	466	54	24	124	33	12	66	545	62	49
15	926	938	1187	1240	1258	1264	1273	1281	1285	1292	1293	1300:3341:1575	354	33	104	183	150	262	66	37	74	12	225	266
13	329	915	938	1044	1110	1250	1258	1265	1271	1273	1278	1290	1297:6918:1575	1366	583	49	595	291	300	170	670	66	150	95	533	475
14	407	929	937	1239	1244	1249	1256	1258	1265	1273	1280	1290	1295	1300:1865:291	66	79	4	154	99	387	175	50	58	25	4	312	41	120
14	929	938	1248	1258	1266	1273	1280	1283	1289	1293	1300:3511:616	166	12	1387	49	79	41	25	429	454	112	141
12	938	1078	1093	1239	1244	1249	1256	1258	1266	1269	1273	1289	1294	1299:2151:216	16	237	62	166	225	187	237	58	1	20	24	537	70	95
156	913	1079	1099	1238	1245	1255	1258	1273	1285	1288	1294	1301:2375:150	133	295	112	262	1	350	54	49	45	733	75	116
161	926	936	1056	1258	1273	1280	1283	1293:1834:204	425	8	316	79	45	16	475	266
133	914	935	948	1248	1254	1258	1264	1269	1281	1284	1291	1294	1302:3644:254	187	12	579	999	187	83	237	50	33	291	629	45	58
14	302	923	1224	1248	1254	1258	1264	1269	1273	1284	1288	1295	1298:1835:191	200	129	116	295	125	45	87	20	8	125	458	12	24
926	935	1238	1244	1258	1266	1268	1273	1290:3837:558	16	962	954	145	8	158	116	920
12	1078	1199	1238	1243	1250	1264	1269	1273	1280	1289	1294	1299:3975:529	400	141	441	504	83	241	54	58	4	1250	162	108
14	438	924	934	1081	1250	1255	1258	1270	1273	1290:2728:529	108	270	8	479	16	495	83	70	62	608
12	915	1049	1184	1240	1250	1258	1267	1273	1284	1289	1295	1298:2702:445	99	79	58	141	320	66	4	54	291	1050	79	16
223	938	948	1093	1240	1258	1263	1268	1273	1280	1284	1291	1294	1299:3348:1112	37	12	25	154	83	258	237	70	16	295	983	4	62
14	931	1076	1171	1240	1244	1248	1254	1258	1266	1269	1273	1278	1285	1288	1294	1298:1679:254	145	129	8	45	58	375	120	24	8	12	16	8	62	337	62	16
14	237	931	936	1192	1249	1256	1258	1266	1270	1273	1289	1299:2595:395	341	200	1	95	450	299	62	20	25	83	483	141
258	927	1194	1238	1243	1249	1254	1258	1269	1273	1291	1300:2622:466	216	120	249	270	304	212	79	20	20	475	191
15	913	1240	1246	1256	1266	1273	1280	1285	1291	1297:5797:2383	620	308	8	1095	150	150	50	500	529	4
916	934	1049	1219	1239	1244	1256	1258	1266	1269	1273	1284	1289	1295	1298:1923:24	4	1	95	175	191	233	54	24	33	20	216	725	20	108
13	351	929	958	1238	1243	1249	1256	1266	1271	1273	1280	1295	1302:4441:691	445	483	66	274	500	949	766	37	24	62	45	12	87
12	916	938	1069	1194	1240	1244	1248	1256	1258	1273	1290	1300:2551:300	45	4	104	66	70	141	770	283	41	24	487	216
8	917	936	1248	1257	1258	1271	1273	1283	1288	1293	1298:2390:41	12	4	745	137	37	8	41	245	879	62	179
11	927	937	1240	1244	1248	1255	1258	1264	1270	1273	1278	1284	1291	1295	1301:2234:195	141	4	100	41	758	150	37	95	29	24	4	141	345	75	95
257	931	936	1239	1244	1256	1258	1263	1273	1283	1291	1297:3172:579	275	4	383	154	491	87	279	37	350	500	33
14	1204	1258	1269	1273	1280	1283:3821:1833	337	145	66	87	33	1320
14	413	916	1064	1178	1249	1257	1258	1264	1273	1300:4954:1358	491	116	141	29	891	800	208	300	133	487
400	928	1226	1270	1273	1293	1301:1305:183	349	366	37	45	225	100
14	930	1250	1256	1258	1273	1282	1289	1300:7654:1854	1383	1350	1270	170	166	20	1016	425
9	916	1240	1250	1258	1266	1273	1280	1283	1291	1295	1301:2762:404	108	108	208	116	50	79	12	608	670	208	191
12	936	1073	1181	1249	1258	1266	1273	1282	1287	1288	1297	1298:3883:662	16	383	41	737	66	1	87	4	258	1504	8	116
10	930	936	1255	1258	1273	1280	1301:1913:225	579	16	683	162	41	37	170
228	928	1078	1099	1258	1265	1273	1278	1289	1294	1301:5104:1054	383	1354	133	104	237	83	20	1291	208	237
10	87	937	1038	1254	1258	1265	1269	1273	1283	1290	1294	1298:5307:595	133	1	612	241	195	516	50	187	1066	712	533	466
925	1256	1258	1266	1268	1273	1278	1283	1288	1301:3952:370	508	66	120	191	70	12	545	1904	166
14	937	1084	1227	1240	1245	1257	1258	1265	1273	1283	1291	1295	1300:2068:295	8	200	183	95	16	170	75	116	62	266	387	12	183
10	146	942	1256	1258	1273	1301:3751:54	1066	1320	708	183	95	325
13	428	915	1194	1240	1245	1253	1265	1270	1273	1287	1289	1300:2986:449	91	137	91	233	50	50	216	16	50	258	1062	283
12	935	1080	1219	1248	1256	1258	1266	1269	1273	1284	1288	1295	1298:2386:262	4	154	145	454	295	58	4	33	54	183	662	8	70
14	216	929	935	1227	1239	1253	1258	1264	1268	1273	1285	1289	1295	1300:1836:204	204	100	4	100	100	41	54	133	95	16	58	587	16	124
13	931	1239	1254	1258	1263	1270	1273	1284	1288	1293	1300:2246:283	208	154	108	54	200	16	20	200	804	79	120
14	416	927	937	949	1213	1258	1265	1271	1273	1283	1289	1293	1298:2578:437	112	266	12	116	250	79	116	4	37	416	645	87	1
344	917	934	1077	1258	1271	1273	1278	1283	1293	1301:2470:566	16	4	804	158	66	79	16	470	229	62
14	922	935	958	1249	1256	1258	1266	1271	1273	1280	1302:6695:2108	712	12	37	1354	1812	208	33	141	133	20	125
185	917	1078	1219	1239	1244	1256	1258	1265	1269	1273	1289	1298:2035:216	20	166	108	91	162	329	62	141	12	29	658	41
15	915	1048	1187	1258	1264	1269	1273	1293	1300:3427:1458	316	16	95	154	495	45	62	420	366
14	285	913	1079	1225	1240	1249	1253	1258	1266	1269	1273	1278	1285	1288	1294	1298:1532:216	187	83	125	79	29	204	4	25	12	8	12	12	54	437	33	12
913	937	1219	1258	1273	1282:1064:579	12	224	104	29	116
1198	1239	1255	1258	1264	1273	1281	1284	1288:5222:183	954	1016	158	550	120	37	475	1729
11	929	1249	1256	1258	1264	1271	1273	1280	1285	1291	1294	1300:2375:237	237	425	275	58	150	33	29	4	187	383	95	262
922	937	1099	1238	1243	1248	1256	1258	1264	1270	1273	1278	1283	1290	1294	1301:1858:124	24	33	162	149	312	208	33	70	12	20	12	204	333	75	87
9	927	935	1194	1238	1243	1249	1255	1258	1265	1270	1273	1280	1291	1300:1887:83	175	4	83	133	254	304	183	33	108	8	25	16	345	133
9	923	1044	1239	1244	1250	1255	1258	1269	1273	1290	1297	1299:2138:104	191	25	233	204	200	300	50	91	37	479	79	145
14	207	914	937	964	1248	1258	1266	1268	1273	1282	1297	1302:4569:833	570	225	29	174	1995	137	104	100	87	29	145	141
424	918	1066	1186	1240	1255	1258	1267	1273	1283	1288	1297	1300:2886:154	12	166	49	141	458	62	16	58	300	1191	54	225
401	927	1221	1239	1244	1258	1265	1269	1273	1280	1287	1290	1295	1298:3082:325	245	225	383	470	54	129	112	58	4	83	916	20	58
12	931	936	1241	1249	1256	1258	1266	1270	1273	1278	1284	1291	1301:2270:429	229	1	8	354	433	70	24	45	24	4	154	366	129
474	925	935	1227	1248	1256	1258	1266	1273	1280	1290	1295	1300:4281:104	366	4	333	1974	375	66	37	45	8	595	12	362
12	935	1239	1244	1248	1258	1268	1273	1280	1289	1299:2990:470	4	216	258	1170	75	145	37	4	562	49
10	923	936	1099	1239	1244	1255	1258	1263	1270	1273	1278	1294	1301:5197:566	483	8	220	587	666	1095	154	487	125	120	95	233	358
13	923	935	1194	1249	1257	1258	1273	1280	1290	1300:2645:412	266	16	74	483	283	87	70	1	695	258
117	917	937	1257	1258	1273	1290	1294	1299:1855:66	54	8	491	158	104	154	387	433
9	925	953	1182	1250	1256	1265	1273	1282	1284	1290	1293	1301:4378:233	495	162	141	208	800	258	54	20	608	895	175	329
144	922	935	1213	1256	1258	1266	1271	1273	1281	1291	1293	1298:5810:845	979	4	1275	1087	212	141	91	145	37	691	233	70
414	922	1254	1258	1266	1270	1273	1278	1289	1294	1299:2660:166	395	479	87	8	45	91	20	999	195	175
913	948	1240	1245	1255	1258	1263	1269	1273	1281	1284	1291:5262:412	675	487	112	1062	208	429	45	120	50	558	1104
14	914	934	1079	1239	1244	1248	1256	1258	1266	1270	1273	1285	1288	1297	1298:1830:225	79	4	104	124	120	329	212	41	16	20	8	25	437	37	49
13	320	922	938	1099	1256	1258	1273	1278	1294	1301:4065:633	699	962	66	87	945	108	37	58	229	241
13	410	915	1211	1257	1258	1264	1273	1282	1293	1301:3045:491	362	345	433	375	150	333	91	4	337	124
327	922	935	973	1194	1256	1258	1265	1273	1280	1285	1291	1300:3582:750	370	8	33	212	645	125	179	87	12	179	687	295
927	1072	1099	1239	1244	1249	1254	1264	1273	1285	1290	1294	1301:2783:208	258	41	245	275	558	300	133	37	29	479	104	116
15	1240	1245	1249	1256	1258	1273	1281	1290	1300:2471:450	187	49	570	379	62	41	25	504	204
174	916	936	948	1199	1258	1265	1273	1281	1284	1291	1294	1299:5995:1320	150	8	1083	933	233	279	108	54	541	1166	112	8
927	937	1257	1258	1271	1273	1283	1290	1295	1299:3754:862	29	833	174	87	137	883	454	187	108
14	927	949	1240	1245	1250	1258	1265	1271	1273	1281	1283	1289	1297	1300:2159:387	191	4	120	33	258	66	62	12	12	12	308	470	120	104
86	913	958	1240	1258	1271	1273	1294:2176:741	425	516	162	141	29	33	129
236	923	948	1198	1250	1257	1258	1265	1270	1273	1284	1291:2684:408	250	358	116	279	150	79	154	4	37	237	612
318	916	1239	1244	1255	1258	1263	1269	1273	1285	1291	1294	1298:3053:354	58	458	379	650	99	329	33	45	183	337	95	33
111	916	1099	1268	1273	1282	1294	1301:776:229	79	145	112	54	16	83	58
927	938	1240	1250	1253	1258	1265	1269	1273	1290	1295	1301:3720:504	25	512	362	358	141	258	50	141	1041	124	204
176	1239	1254	1258	1264	1269	1273	1294	1299:2068:537	133	258	133	375	83	79	204	266
9	916	1248	1258	1266	1273	1281	1284	1289	1293	1300:4196:133	79	2033	95	50	66	33	462	858	200	187
13	90	917	948	1256	1258	1266	1269	1281	1284	1291:5055:862	200	16	1591	562	154	25	104	33	429	1079
11	925	935	1072	1249	1258	1263	1278	1285	1290	1295	1301:4834:883	529	1	458	950	137	391	66	58	958	195	208
12	927	936	1078	1238	1243	1249	1258	1266	1268	1273	1289	1299:4052:633	270	4	391	445	500	404	91	12	91	50	1066	95
14	915	936	1080	1199	1240	1245	1248	1254	1258	1265	1270	1273	1284	1288	1294	1299:1745:183	66	4	116	29	37	8	295	108	45	70	4	20	191	445	70	54
13	470	936	1239	1243	1249	1255	1258	1264	1270	1273	1285	1289	1299:1907:250	37	8	170	216	304	250	41	100	8	8	58	391	66
922	1249	1254	1258	1269	1273	1281:3064:708	1441	620	120	95	79	1
215	916	936	1256	1258	1268	1273	1283	1297:4084:1404	229	16	866	166	329	108	862	104
244	929	1238	1243	1255	1258	1270	1273	1295	1301:6662:1983	525	812	1120	1249	220	258	145	25	325
61	925	935	1074	1239	1254	1258	1269	1273	1285	1288:5425:341	470	8	850	954	566	162	75	133	54	1812
14	914	1086	1238	1243	1249	1257	1258	1265	1268	1273	1278	1283	1289	1299:1630:200	79	166	58	83	141	116	41	62	54	20	16	170	354	70
98	927	948	1170	1258	1263	1273	1280	1284	1291:4212:270	425	1270	62	129	395	95	54	454	1058
14	925	1213	1240	1249	1254	1258	1263	1269	1273	1280	1285	1288	1293	1298:1577:254	154	79	12	283	41	54	112	12	16	4	33	420	66	37
8	935	1239	1244	1248	1256	1258	1273	1283	1288	1293	1298:1861:8	4	37	145	466	187	33	20	158	579	108	116
11	924	937	1240	1248	1254	1258	1265	1269	1273	1282	1285	1291	1295	1302:2347:337	154	4	8	762	187	29	95	74	25	4	145	312	70	141
14	312	924	1240	1245	1256	1258	1264	1280	1290	1293	1300:2982:495	329	266	54	45	554	116	166	4	604	170	179
168	915	937	1082	1222	1239	1244	1248	1257	1266	1273	1278	1283	1293:6465:220	212	12	537	183	304	612	3533	79	87	79	33	566	8
14	927	1249	1258	1265	1273	1278	1285	1290	1302:2779:633	266	704	83	133	62	8	20	850	20
925	937	1177	1239	1254	1258	1265	1273	1289	1293	1301:4190:654	20	62	791	412	191	225	145	941	366	383
432	936	1203	1240	1244	1253	1258	1266	1269	1273	1280	1284	1289	1294	1298:3025:170	16	304	254	241	104	104	8	91	45	41	495	987	120	45
13	276	1240	1249	1258	1263	1269	1273	1282	1289	1299:2666:379	416	141	416	54	208	37	33	20	812	150
928	936	1187	1257	1258	1265	1280	1291	1293	1300:3137:858	29	279	699	204	187	54	166	291	370
922	938	948	1176	1238	1243	1250	1256	1258	1263	1270	1281	1284	1291	1300:2211:129	4	175	16	225	212	29	291	62	158	20	37	175	558	120
13	303	924	937	1257	1258	1264	1280	1293	1302:3783:854	883	729	41	475	149	320	41	212	79
13	324	926	935	1044	1221	1239	1244	1254	1258	1263	1270	1273	1278	1290	1295	1298:2086:304	191	175	1	16	108	137	258	137	70	162	29	16	4	433	16	29
13	264	914	1074	1225	1249	1255	1258	1273	1280	1285	1288	1294	1298:2169:183	208	62	145	112	229	250	58	16	8	41	662	108	87
287	923	937	1049	1240	1254	1258	1263	1270	1273	1284	1289	1294	1299:2118:366	150	8	41	70	83	66	124	4	41	195	750	104	116
468	1099	1240	1271	1273	1278	1294	1301:1067:137	70	283	58	83	41	183	212
14	922	1183	1257	1258	1265	1270	1273	1280	1285	1289	1297	1300:3567:720	329	41	483	70	195	12	70	20	108	1204	20	295
914	938	1219	1249	1258	1266	1270	1273	1285	1289	1298:6105:437	29	425	1787	183	104	62	137	504	2404	33
12	930	937	1175	1240	1248	1258	1266	1268	1273	1290	1297	1301:3394:491	375	4	29	237	1141	66	33	20	83	570	62	283
10	173	917	1239	1245	1257	1258	1273	1285	1289	1295	1300:3182:304	220	12	304	58	233	66	49	116	1383	112	325
13	927	1239	1255	1258	1265	1271	1281	1284	1288	1295	1302:2386:325	199	125	320	58	195	29	8	200	925	1	1
12	913	1073	1197	1238	1243	1248	1254	1258	1265	1269	1273	1287	1288	1297	1298:1782:195	91	116	33	87	70	462	66	20	45	25	4	95	395	29	49
83	949	1239	1256	1258	1263	1273	1280	1283	1289	1295	1300:2040:175	204	162	320	62	208	25	8	274	495	12	95
14	930	933	1240	1254	1258	1264	1268	1273	1283	1289	1301:1981:333	187	8	95	145	49	162	133	12	233	504	120
14	934	1189	1241	1250	1263	1269	1273	1280	1287	1288	1298:6158:1704	4	54	133	354	995	91	179	62	516	2033	33
14	913	936	1189	1249	1255	1258	1269	1273	1284	1288	1298:2471:387	150	1	83	595	295	62	25	20	150	670	33
12	927	937	1238	1244	1255	1258	1266	1271	1273	1289	1294	1299:2744:387	220	8	279	241	325	41	95	20	58	825	129	116
252	936	1258	1273	1284	1289	1295	1299:3026:1404	8	179	133	650	491	95	66
12	914	1240	1245	1249	1255	1258	1266	1273	1281	1283	1290	1293	1300:2331:379	112	54	4	295	337	54	16	33	12	308	445	145	137
280	915	935	1100	1238	1244	1258	1269	1273	1293	1299:3887:1333	237	8	254	670	737	133	108	91	104	212
8	924	1240	1248	1256	1258	1264	1283	1288	1293	1298:1959:29	129	25	508	108	29	120	316	500	83	112
12	923	937	1219	1249	1269	1273	1281	1288	1298:6480:1487	920	33	479	1450	50	129	20	1862	50
15	936	1194	1240	1245	1256	1258	1266	1273	1285	1300:3782:1558	12	133	316	45	966	120	37	79	204	312
14	924	934	1239	1244	1255	1258	1264	1270	1273	1278	1283	1289	1294	1298:2195:341	170	4	149	241	304	66	70	20	16	8	241	487	66	12
402	916	948	1240	1249	1254	1258	1265	1269	1273	1284	1291	1301:2090:137	41	150	129	245	54	70	141	87	16	200	733	87
12	925	937	1224	1249	1255	1258	1266	1273	1280	1284	1288	1298:2937:337	250	8	266	545	312	58	4	58	16	204	850	29
391	929	1170	1257	1258	1265	1270	1273	1280	1283	1290:8183:1237	1241	533	1116	150	712	174	175	100	1791	954
922	1048	1239	1254	1258	1263	1270	1273	1278	1295	1299:2825:670	387	283	362	124	537	1	29	83	141	208
253	927	1066	1238	1244	1255	1258	1264	1273	1280	1283	1288	1294	1299:2273:266	204	116	212	91	204	45	100	8	8	212	641	62	104
128	1218	1255	1258	1265	1268	1273	1278	1284	1289	1297	1298:3711:233	166	745	120	229	166	100	8	333	1345	87	179
12	930	938	1078	1233	1239	1244	1250	1256	1258	1266	1273	1289	1293	1299:2102:229	124	1	145	158	141	216	162	200	25	20	33	491	87	70
12	916	1220	1239	1244	1250	1255	1258	1264	1270	1273	1281	1290	1295	1300:2244:275	37	150	199	250	191	245	54	175	12	37	8	420	41	150
10	186	915	935	1256	1258	1267	1268	1273	1283	1291	1300:3047:237	300	137	4	600	104	37	200	66	479	600	283
14	925	932	1241	1254	1258	1269	1273	1283	1289	1295	1299:4727:1454	641	1	179	358	150	54	137	683	875	116	79
14	926	1240	1258	1293	1302:3400:1491	808	341	174	366	220
926	948	1239	1244	1254	1258	1263	1273	1284	1291	1294	1299:2088:187	4	116	158	220	62	145	45	220	720	112	99
13	403	927	1230	1250	1257	1258	1270	1273	1280	1283	1290	1293	1301:2227:254	95	245	204	25	212	62	12	45	4	295	537	112	125
14	924	1080	1221	1240	1245	1248	1256	1258	1263	1271	1273	1278	1284	1288	1295	1298:1669:175	100	54	100	62	12	362	183	33	91	12	12	8	137	304	16	8
268	925	1223	1239	1249	1254	1258	1266	1269	1273	1284	1288	1299:1919:225	137	154	74	233	108	45	41	16	33	150	670	33
13	426	930	937	1194	1238	1243	1253	1258	1266	1273	1282	1283	1290	1300:1818:220	54	179	4	70	175	233	4	37	37	41	12	224	383	145
936	1108	1254	1258	1268	1273	1278	1285	1289:2461:16	66	454	112	295	58	66	49	1345
221	916	936	1230	1258	1264	1271	1273	1280	1291	1293	1301:3977:1191	124	16	595	183	366	37	116	37	862	150	300
14	1227	1239	1243	1249	1258	1273	1280	1291	1300:4112:587	512	445	575	633	87	74	41	858	300
227	927	1099	1240	1248	1258	1271	1273	1280	1284	1291	1294	1301:2041:266	154	8	137	537	74	41	29	4	254	308	54	175
137	935	1250	1255	1258	1265	1268	1273	1284	1289	1299:4965:1199	4	58	1033	137	408	537	112	591	770	116
14	286	932	1239	1244	1249	1253	1258	1265	1268	1273	1301:2059:333	370	1	179	287	354	41	54	100	162	24	154
14	938	1079	1190	1239	1244	1254	1258	1266	1271	1273	1281	1285	1288	1293	1298:2164:329	12	204	58	108	258	116	45	20	20	8	12	37	679	104	154
169	916	949	1256	1258	1264	1271	1273	1280	1283	1289	1294	1298:2479:275	41	200	370	66	204	16	25	33	450	658	54	87
11	937	1048	1215	1239	1244	1264	1271	1273	1280	1293	1301:2895:225	4	83	491	650	412	470	62	116	8	345	29
417	929	1065	1241	1256	1258	1264	1268	1273	1283	1291	1301:2483:129	287	116	4	325	58	212	79	37	508	466	262
11	923	934	1058	1255	1258	1271	1273:2455:275	704	8	420	754	112	95	87
10	918	938	1177	1248	1255	1265	1269	1283	1293	1301:9790:254	204	58	541	3541	1241	487	249	1712	541	962
436	922	937	1199	1239	1244	1256	1258	1263	1273	1281	1285	1291	1294	1299:3457:100	354	8	200	291	187	679	95	345	75	37	250	641	179	16
12	929	1047	1223	1249	1255	1265	1273	1287	1288	1299:4387:541	333	95	220	475	629	245	66	279	1350	154
923	936	951	1170	1238	1248	1265	1268	1280:2772:525	8	183	1	220	1466	191	162	16
375	915	934	1211	1238	1243	1250	1255	1258	1265	1273	1285	1291	1293	1301:2044:158	62	1	179	212	237	245	266	70	116	25	87	220	79	87
916	938	1256	1258	1273	1300:921:95	4	462	70	70	220
11	928	1240	1250	1257	1258	1266	1273	1278	1285	1291	1293	1300:2973:450	341	66	458	287	95	79	29	4	191	508	199	266
14	313	1165	1239	1244	1248	1256	1258	1263	1271	1273	1283	1288	1293	1298:1590:116	129	4	37	70	325	79	20	29	1	12	124	529	49	66
13	478	938	1224	1258	1265	1273	1280	1283	1290	1295	1298:6927:1604	825	16	1083	187	554	174	41	1549	816	70	8
14	916	1239	1243	1248	1255	1258	1265	1273	1281	1283	1291	1293	1302:2082:375	45	129	229	420	204	33	50	12	8	200	245	116	16
11	917	936	1249	1256	1258	1265	1270	1273	1280	1285	1292	1301:3979:654	4	4	1375	912	170	283	87	83	33	66	4	304
14	381	1208	1240	1245	1249	1258	1264	1270	1273	1278	1285	1289	1298:1968:337	99	108	83	16	295	33	145	4	41	4	87	691	25
14	1219	1248	1256	1258	1273	1284	1288	1298:3271:733	237	641	375	91	45	195	850	104
9	925	935	1238	1244	1254	1258	1263	1273	1287	1289	1294	1299:2194:166	170	4	216	291	166	41	150	33	204	616	87	50
20	935	1073	1163	1243	1269	1281	1287	1288:10774:2808	12	1724	1116	1550	345	95	895	2229
14	415	926	1099	1240	1258	1273	1280	1283	1291	1294	1301:2211:487	137	225	33	141	58	33	12	433	370	116	166
10	930	1065	1095	1255	1258	1266	1268	1273	1283	1291:4608:345	462	325	262	1158	137	95	358	129	800	537
12	1044	1254	1258	1268	1273	1290	1297	1299:1831:604	4	358	100	250	83	154	8	270
14	328	913	1078	1199	1249	1256	1258	1265	1273	1280	1289	1294	1299:2770:362	258	162	216	75	262	287	50	129	37	4	716	100	112
12	923	933	1223	1238	1243	1263	1268	1273	1280	1288	1299:2660:300	245	1	250	291	287	166	87	33	1	954	45
9	1092	1240	1245	1248	1254	1258	1270	1273	1284	1289	1293	1299:2377:95	62	83	58	891	191	41	16	33	241	429	125	112
14	925	1186	1250	1257	1258	1266	1273	1289	1297	1300:2276:554	233	112	58	233	62	33	29	675	104	183
14	396	913	1240	1245	1248	1256	1258	1265	1273	1280	1285	1301:1881:325	79	137	150	16	545	262	49	120	25	16	37	120
10	926	1061	1177	1238	1243	1254	1258	1266	1273	1278	1285	1293	1301:1705:216	220	170	4	258	295	29	58	45	45	12	116	125	112
13	914	938	1066	1240	1256	1258	1264	1273	1282	1283	1288	1299:2129:308	62	12	254	29	233	54	154	33	12	208	695	75
12	925	1223	1238	1243	1248	1254	1258	1269	1273	1289	1299:1994:212	125	124	166	170	529	16	29	12	8	541	62
240	925	935	948	1249	1255	1265	1273	1284	1291	1293	1302:3852:420	320	8	195	450	595	208	75	316	1016	116	133
12	936	1212	1238	1243	1257	1258	1269	1273	1281	1284	1289	1295	1299:2378:312	4	141	191	304	262	58	25	20	12	275	608	54	112
15	923	1170	1240	1249	1256	1258	1265	1270	1273	1280	1291:3298:1004	320	62	141	375	395	83	166	20	41	25	666
12	938	1078	1238	1244	1258	1263	1268	1273	1289	1299:4036:679	16	437	483	516	79	220	8	41	1366	191
938	1239	1244	1254	1258	1263	1268	1273	1278	1294	1301:2165:70	500	408	66	170	420	220	75	37	95	104
924	1099	1238	1243	1249	1256	1258	1265	1273	1278	1285	1290	1294	1301:1962:162	54	124	241	216	283	45	116	41	12	83	416	49	120
926	936	948	1239	1244	1249	1254	1258	1263	1268	1273	1284	1291	1300:1710:104	4	74	133	154	270	83	41	133	54	20	162	387	91
11	950	1240	1248	1255	1258	1264	1270	1273	1280	1285	1291	1295	1301:2363:158	4	87	958	212	49	141	8	37	20	91	395	83	120
14	202	915	1106	1238	1243	1249	1254	1258	1263	1269	1273	1283	1290	1295	1300:1613:200	112	29	12	133	104	174	83	49	87	29	8	170	316	16	91
14	370	924	1224	1240	1245	1249	1255	1258	1263	1271	1273	1284	1288	1295:1535:125	41	95	108	33	16	304	158	41	104	8	16	120	354	12
931	935	1079	1167	1238	1243	1249	1254	1266	1269	1273	1285	1288	1294	1298:2587:129	8	287	4	233	216	500	187	8	29	16	25	691	150	104
12	913	1073	1240	1248	1254	1258	1265	1270	1273	1287	1288	1297	1298:1771:141	33	120	116	499	37	29	87	12	16	108	470	45	58
14	928	938	1166	1239	1244	1248	1254	1258	1264	1268	1273	1284	1288	1295	1299:1909:254	145	8	8	95	112	366	99	33	95	79	12	129	408	29	37
212	913	1047	1112	1255	1258	1265	1271	1273	1287	1288	1294	1298:2746:387	150	91	16	391	79	150	4	29	233	933	100	183
8	929	937	1165	1238	1243	1248	1256	1258	1273	1283	1288	1293	1298:1928:37	100	4	8	120	191	333	95	37	4	200	625	58	116
133	926	948	1248	1254	1258	1266	1269	1273	1284	1291	1294	1302:2745:233	191	229	691	274	50	54	29	49	225	554	83	83
913	938	1099	1238	1243	1249	1255	1258	1266	1269	1273	1278	1285	1290	1294	1301:1880:129	8	66	133	187	283	208	54	29	45	33	41	41	441	66	116
14	246	922	1077	1230	1258	1273	1280	1283	1293	1301:4695:900	758	491	758	337	166	99	25	770	312	79
15	917	937	1238	1244	1256	1258	1265	1273	1285	1292	1293	1301:2867:716	41	8	304	541	520	58	195	49	45	41	187	162
14	201	928	1240	1258	1266	1273	1283	1291	1295	1302:2587:766	241	274	108	66	37	58	508	520	1	8
12	926	1194	1240	1245	1249	1256	1258	1267	1273	1280	1291	1300:2739:541	262	120	225	45	350	362	91	20	45	8	504	166
418	928	938	1187	1238	1243	1250	1255	1258	1263	1271	1273	1285	1291	1293	1300:2005:108	179	8	87	216	195	45	266	33	141	25	29	125	320	58	170
14	922	1049	1178	1258	1265	1269	1273	1284	1289	1300:4199:1225	429	99	16	108	170	50	62	354	1391	295
11	915	1249	1254	1258	1266	1270	1273	1290	1295	1301:4749:979	187	1533	349	166	95	75	137	775	145	308
390	929	937	1256	1258	1270	1273	1294	1298:1696:225	433	12	541	66	87	54	212	66
916	948	1248	1255	1258	1263	1269	1273	1284	1291	1294	1301:2744:45	145	783	375	74	229	12	25	270	558	87	141
14	118	926	1176	1240	1245	1249	1257	1258	1263	1273	1283	1289	1296	1300:1800:287	20	149	16	91	33	270	129	29	141	4	183	370	8	70
189	913	946	1218	1258	1265	1269	1287	1288	1297:5379:1558	245	766	429	112	129	54	279	1691	116
14	936	1216	1239	1243	1248	1253	1258	1265	1268	1278	1285	1288	1294	1298:1781:175	4	112	133	191	387	4	41	79	70	12	74	420	25	54
12	928	1218	1238	1243	1248	1258	1264	1268	1287	1288	1297	1298:2224:229	133	62	162	212	533	41	104	54	125	520	33	16
233	913	935	958	1198	1238	1243	1249	1255	1258	1265	1270	1273:4216:908	279	4	283	116	325	537	575	695	166	233	41	54
12	928	938	1073	1248	1254	1258	1269	1273	1287	1288	1298:3810:483	274	12	279	1154	70	66	37	45	208	1045	137
305	931	1066	1223	1250	1255	1258	1265	1273	1281	1283	1288	1299:2502:287	208	112	133	29	312	58	120	45	8	245	850	95
14	398	929	1066	1255	1258	1264	1273	1280	1283	1288	1293	1298:2182:304	58	162	120	254	49	145	16	12	200	633	79	150
292	922	1177	1238	1244	1256	1258	1273	1281	1290	1293	1301:3566:491	304	4	558	408	545	75	50	16	812	174	129
12	916	1240	1245	1249	1256	1258	1264	1271	1273	1284	1289	1293	1300:2172:316	41	62	16	312	258	62	166	12	20	300	441	79	87
15	923	936	1238	1243	1249	1255	1258	1263	1270	1273	1280	1285	1297:3275:883	275	4	279	375	487	562	83	179	37	37	12	33	29
14	176	926	1193	1253	1258	1265	1273	1289	1294	1298:2762:583	283	220	112	29	154	291	49	862	125	54
12	930	938	1257	1258	1264	1271	1273	1281	1289	1301:5207:1279	900	49	762	245	433	66	133	37	895	408
12	925	1194	1239	1244	1248	1256	1258	1273	1290	1300:2546:220	158	112	208	262	675	229	54	33	454	141
11	914	933	1239	1244	1248	1255	1266	1270	1280	1285	1291	1294	1301:5103:387	245	1	250	341	2666	516	20	41	12	225	137	79	183
14	294	924	1187	1239	1243	1248	1258	1263	1269	1273	1283	1289	1293	1300:1615:179	116	120	54	58	137	266	16	100	29	12	108	295	50	75
11	918	1250	1258	1264	1271	1278	1283	1290	1295	1301:6961:991	83	904	216	750	266	74	1420	670	437	1150
927	1163	1239	1244	1256	1258	1269	1273	1280	1284	1289:4854:504	16	750	291	1104	175	245	120	54	712	883
15	931	936	1256	1258	1273	1280	1295	1300:3071:1262	587	16	475	91	95	29	62	454
68	922	958	1240	1256	1258	1271	1273	1280	1287	1294	1301:6110:762	766	1095	512	1770	308	95	237	41	12	4	508
284	1239	1244	1248	1254	1258	1263	1270	1273	1278	1285	1291	1294	1302:2061:187	120	241	583	137	41	166	12	33	1	87	337	87	29
10	219	930	937	1239	1244	1258	1264	1268	1273	1280	1286	1293	1301:2613:208	429	237	4	304	437	95	320	170	70	49	41	95	154
13	438	913	934	949	1219	1238	1243	1254	1258	1263	1269	1273	1283	1289	1298:1755:225	16	104	4	54	120	116	133	154	49	95	75	16	187	395	12
12	938	1224	1249	1256	1258	1273	1281	1284	1288	1295	1298:4532:837	4	275	875	729	95	41	41	229	1366	16	24
12	916	1233	1239	1244	1249	1258	1263	1268	1273	1284	1288	1293	1299:1745:187	29	137	108	150	266	29	79	58	8	116	429	91	58
929	938	1256	1269	1273	1280	1283:2939:758	45	1012	25	116	58	925
14	198	929	935	1066	1199	1239	1244	1248	1256	1258	1263	1273	1283	1288	1294	1299:1582:150	33	54	4	87	54	83	79	258	170	37	54	4	104	300	66	45
14	182	1073	1224	1238	1244	1250	1255	1258	1265	1273	1287	1288	1295:1555:166	75	16	91	116	158	154	145	45	70	12	87	400	20
14	1240	1248	1258	1264	1273	1278	1283	1290	1294	1299:2228:383	24	675	24	141	33	4	254	474	116	100
82	926	956	1218	1238	1244	1255	1258	1264	1269	1273	1280	1285	1290	1297	1298:2089:74	195	99	145	179	241	283	62	145	45	20	8	79	420	70	24
12	923	937	1186	1238	1243	1249	1268	1273	1287	1289	1297	1300:2694:270	183	16	104	258	279	570	62	41	170	554	83	104
14	926	936	1099	1249	1257	1258	1265	1270	1273	1283	1291	1294	1301:2823:529	200	8	49	404	320	70	137	8	54	320	425	141	158
14	405	930	1239	1244	1254	1258	1264	1268	1273	1283	1289	1295	1299:1748:258	108	150	158	170	33	45	129	29	16	174	408	4	66
11	914	938	1238	1244	1249	1258	1265	1268	1273	1280	1292	1295	1301:3657:762	225	33	516	641	512	108	241	79	87	29	112	162	150
13	290	915	937	1074	1106	1239	1254	1258	1273	1280	1285	1288	1295	1300:3936:504	416	133	12	554	75	379	91	87	33	8	41	1245	83	275
160	917	1257	1258	1273	1291	1295	1299:1734:575	108	499	129	133	116	45	129
15	928	936	1209	1241	1249	1256	1258	1264	1273	1280	1302:7725:2208	995	8	370	50	1554	1354	225	595	129	8	229
913	935	1239	1244	1256	1258	1263	1273	1285	1291	1293	1300:2304:241	4	233	245	350	49	283	50	200	350	141	158
12	926	937	1059	1167	1249	1256	1258	1264	1270	1273	1281	1288	1294	1298:3322:304	354	8	154	4	320	420	66	145	8	66	12	1191	129	141
937	1239	1244	1248	1258	1263	1273	1287	1288	1297	1298:3279:25	266	337	883	49	241	58	279	950	62	129
368	930	937	1238	1244	1253	1258	1265	1268	1273	1285	1289	1294	1299:2497:166	241	8	275	216	50	74	166	108	16	91	866	100	120
15	925	1206	1239	1244	1249	1255	1258	1265	1271	1273	1295	1302:5135:1250	408	266	445	545	679	795	129	295	66	70	108	79
332	927	936	1238	1244	1258	1265	1271	1285	1289	1295:8099:991	1304	4	941	812	199	616	304	266	2279	383
12	922	936	1053	1238	1243	1248	1258	1268	1273	1280	1287	1290	1301:1920:225	129	8	4	195	154	525	45	33	4	8	133	337	120
936	1233	1240	1244	1257	1258	1264	1273	1284	1289	1293	1299:3778:8	658	183	333	562	58	287	70	495	841	208	75
10	270	929	958	1177	1240	1246	1256	1258	1266	1273	1293	1301:7865:525	1912	733	379	529	616	183	1545	241	120	158	195	729
14	935	1238	1243	1256	1258	1264	1270	1273	1281	1300:7262:1541	8	1183	1583	1541	287	404	45	158	25	487
131	922	1194	1256	1258	1263	1273	1280	1284	1289	1300:4250:345	366	58	729	141	337	79	4	404	1412	375
14	365	926	938	1248	1256	1258	1265	1273	1291	1302:2029:487	154	175	25	637	291	58	120	33	29	20
14	310	940	1199	1248	1258	1273	1280	1284	1289	1294:4781:620	420	387	204	1725	99	70	66	195	908	87
14	149	936	1255	1258	1266	1273	1283	1289	1293	1301:2275:483	120	8	404	74	8	50	291	583	100	154
425	925	938	1083	1238	1243	1249	1258	1265	1268	1273	1281	1301:4682:670	375	24	837	458	658	741	150	312	62	87	4	304
282	927	936	1258	1263	1273	1293	1302:1789:570	587	8	70	300	29	150	75
239	929	1108	1248	1256	1258	1270	1273:7634:1687	687	37	3450	1275	220	145	133
14	307	915	1238	1243	1249	1255	1258	1265	1268	1273	1283	1291	1302:1729:183	200	50	137	179	179	162	41	112	58	12	150	258	8
472	1077	1120	1258	1270	1273	1283	1295:2606:150	1275	49	141	75	58	629	229
13	275	928	1067	1238	1257	1258	1269	1273	1283	1289	1299:1953:266	245	137	183	120	1	58	20	29	233	516	145
13	249	937	956	1238	1243	1250	1254	1258	1271	1273	1285	1290	1293	1300:1654:212	233	12	29	79	187	20	149	58	12	16	120	391	74	62
12	926	1074	1218	1254	1258	1265	1269	1273	1285	1288	1297	1298:3032:412	250	191	183	270	62	154	95	25	116	1158	37	79
311	927	1186	1239	1244	1254	1258	1263	1268	1273	1283	1291	1297	1300:2030:241	216	37	150	237	229	49	170	20	29	224	283	33	112
12	938	940	1167	1238	1243	1258	1265	1269	1284	1289	1294:3631:975	37	8	12	287	516	137	237	66	245	970	141
14	352	936	1081	1241	1255	1258	1269	1273	1285	1290	1297:2521:579	275	4	333	58	570	62	62	54	33	462	29
193	927	938	1099	1254	1258	1263	1271	1273	1280	1294	1301:3191:816	729	41	279	316	129	425	62	58	12	154	170
15	915	1240	1255	1265	1269	1280	1290:3426:1370	362	375	733	79	108	37	362
13	383	938	1238	1243	1255	1258	1265	1269	1273	1285	1288	1299:2010:304	137	12	120	187	212	62	112	70	8	95	650	41
202	1227	1249	1258	1264	1273	1281	1284	1289	1300:4769:1045	412	904	183	312	91	70	541	870	341
8	925	934	1239	1243	1248	1257	1258	1273	1283	1288	1293	1298:1869:16	133	4	141	154	337	137	41	8	200	495	66	137
230	928	938	1186	1238	1244	1254	1258	1265	1268	1273	1285	1289	1297	1300:2102:329	191	4	66	187	212	91	54	100	33	16	108	566	54	91
952	1238	1243	1249	1255	1264	1270	1273	1280:1977:79	204	233	333	700	229	54	66	79
14	917	937	1238	1243	1249	1266	1268	1280	1291	1302:5983:1512	12	54	629	804	1820	95	154	54	754	95
933	1074	1199	1239	1244	1250	1254	1258	1266	1273	1285	1288	1294	1299:2013:4	200	112	166	195	1	183	58	16	25	54	841	108	50
44	924	937	958	1258	1270	1273	1294:705:49	366	8	87	29	8	79	79
408	936	1049	1239	1257	1258	1264	1273	1280	1284	1289	1293	1301:3069:116	20	75	404	362	66	237	49	8	275	1262	129	66
14	1250	1255	1269	1273	1290	1299:4275:1445	900	1099	74	141	216	400
1239	1254	1258	1265	1273	1293:997:325	141	91	116	49	275
12	922	1070	1219	1238	1243	1248	1255	1258	1264	1269	1285	1288	1298:2469:262	95	225	112	125	208	487	187	37	79	12	70	529	41
924	937	1099	1239	1244	1248	1256	1258	1265	1273	1283	1291	1294	1301:1886:129	4	41	108	154	433	175	24	108	29	158	324	79	120
8	925	1238	1243	1248	1256	1266	1271	1273	1280	1283	1288	1293	1298:2142:54	129	129	204	370	258	8	4	12	4	208	550	79	133
936	1189	1240	1256	1258	1270	1273	1282	1283	1288	1298:4534:4	75	233	458	87	4	66	4	658	2812	133
11	927	1239	1244	1249	1258	1264	1268	1273	1285	1291	1302:3076:445	395	270	220	450	104	170	45	74	204	654	45
14	171	936	1081	1238	1243	1253	1258	1264	1270	1273	1281	1285	1290	1293	1300:1560:258	87	4	179	83	187	12	54	108	20	29	8	20	366	58	87
453	928	1255	1258	1273	1284	1288	1299:2918:104	279	625	58	58	212	1370	212
15	924	1206	1248	1258	1266	1273	1280	1290	1295	1302:4053:1016	270	258	1025	62	49	54	45	954	137	183
922	936	973	1240	1258	1265	1268	1273	1285:1704:537	16	4	266	154	249	233	58	187
12	931	934	1038	1194	1258	1264	1273	1283	1290	1300:4174:1241	562	1	12	220	120	341	141	570	612	354
75	922	948	1218	1239	1244	1255	1258	1263	1268	1273	1281	1284	1291	1297	1298:2170:99	108	270	154	162	162	270	58	137	108	20	4	120	445	45	8
14	916	1227	1256	1258	1271	1273	1300:4171:1379	191	437	1266	120	79	108	591
927	1256	1258	1273	1281	1283	1288	1295	1299:3280:308	479	54	62	41	420	1775	62	79
467	931	1048	1239	1244	1250	1256	1258	1265	1273	1281	1294	1302:6966:504	800	783	883	687	216	1837	208	300	124	4	391	229
170	1072	1239	1244	1249	1256	1258	1265	1270	1273	1278	1285	1290	1295	1301:1960:158	175	95	233	220	204	45	100	8	12	20	24	525	66	75
122	926	935	1073	1239	1254	1258	1266	1271	1273	1287	1288	1294	1299:2280:137	158	8	195	212	191	66	12	25	20	162	766	120	208
130	927	937	958	1238	1244	1258	1269	1273	1295	1301:3513:812	483	25	62	554	1041	183	175	83	8	87
421	915	938	1238	1243	1248	1254	1269	1273	1284	1290	1294	1301:3341:108	58	12	229	304	1108	204	141	29	308	491	116	233
13	262	930	1194	1240	1254	1258	1265	1269	1273	1281	1300:6962:1533	1525	837	116	500	1041	245	366	104	154	33	508
14	928	936	1238	1248	1258	1273	1282	1283	1289	1294	1299:2266:329	195	12	91	604	29	24	4	270	450	125	133
12	922	1055	1218	1239	1244	1248	1263	1268	1287	1288	1297	1298:3039:300	174	116	158	154	137	762	133	91	183	766	49	16
146	1074	1249	1254	1258	1266	1269	1273	1278	1285	1288	1295	1299:2098:154	175	350	141	49	12	12	45	12	16	929	74	129
14	379	928	951	1230	1241	1254	1258	1266	1273	1281	1293	1301:7068:1724	591	708	1166	1324	137	229	258	41	145	129	191	425
409	922	1248	1258	1264	1271	1273	1282	1285	1289	1294	1298:2448:79	216	675	45	170	4	70	12	120	870	108	79
14	172	926	1081	1240	1254	1258	1269	1273	1278	1285	1290	1299:1802:329	141	200	195	16	162	66	37	29	20	50	437	120
388	928	1239	1245	1250	1255	1258	1266	1273	1281	1285	1289	1294	1301:2015:137	216	187	29	4	283	58	16	37	8	112	654	108	166
14	363	964	1204	1248	1258	1264	1268	1273	1286:5709:937	504	275	437	2662	170	375	287	54	8
13	124	949	1239	1243	1257	1258	1266	1269	1273	1280	1283	1289	1299:1665:216	129	70	158	212	108	62	29	12	29	16	158	404	62
922	938	948	1249	1258	1265	1273	1281	1284	1291	1294	1300:3298:404	20	170	720	99	95	50	29	354	987	141	229
13	917	1240	1245	1258	1268	1273	1280	1289	1293	1300:3237:912	33	491	12	191	112	79	8	1004	83	312
14	342	925	1178	1240	1245	1249	1258	1266	1268	1273	1281	1287	1290	1300:2151:316	208	187	33	91	12	470	58	20	141	29	16	20	400	150
922	932	1213	1240	1255	1258	1266	1269	1273	1284	1289	1293	1298:2967:333	1	241	95	675	87	37	16	75	362	833	158	54
13	430	925	1100	1240	1258	1264	1271	1273	1293	1299:3433:1158	379	629	100	166	145	341	74	62	175	204
14	931	936	1044	1256	1258	1264	1269	1273	1290	1299:3706:1129	320	12	254	616	70	295	16	79	716	199
14	923	937	1192	1250	1256	1258	1273	1283	1290	1299:2199:454	191	8	91	58	383	58	37	345	466	108
13	917	1258	1273	1280	1289	1293	1301:2330:733	33	150	158	70	608	220	358
411	916	1182	1238	1244	1254	1258	1265	1273	1278	1293	1301:2679:304	125	4	520	787	437	104	108	37	12	212	29
916	938	1240	1258	1271	1273	1290:913:170	25	199	162	45	83	229
1047	1177	1238	1255	1258	1265	1287	1288	1293	1301:5252:254	1	966	916	154	195	379	1825	287	275
448	938	1067	1258	1268	1273	1283	1289:2566:254	49	95	149	537	166	879	437
343	917	938	1196	1254	1258	1264	1273	1282	1285	1292	1293	1302:3046:779	54	8	325	662	154	408	95	8	79	154	154	166
14	491	964	1222	1258	1273	1280:1763:666	12	70	850	70	79	16
484	927	935	1238	1244	1256	1273	1281	1294	1302:3589:133	516	1	795	675	1058	66	4	329	12
197	913	937	1254	1258	1270	1273	1280	1293	1299:2575:1150	333	58	437	87	20	83	54	41	312
13	226	935	1076	1238	1244	1255	1258	1264	1273	1285	1288	1293	1300:1882:216	216	4	104	129	104	258	54	91	16	83	429	66	112
289	923	1078	1199	1238	1243	1249	1254	1258	1263	1273	1289	1294	1299:2073:216	150	150	58	174	204	195	120	54	129	33	487	49	54
178	931	1073	1255	1258	1265	1273	1287	1288	1294	1299:3317:250	233	333	375	62	166	45	337	1204	129	183
13	330	925	1187	1240	1248	1255	1258	1265	1270	1283	1290	1293	1300:1767:162	87	120	49	37	420	133	45	62	12	154	308	87	91
14	914	1224	1257	1258	1264	1273	1281	1289:5047:1620	200	691	1033	179	404	104	29	787
13	309	926	1100	1238	1243	1248	1257	1258	1264	1273	1283	1290	1293	1299:1678:116	129	141	49	91	124	250	87	37	95	20	137	295	62	45
12	922	938	947	1194	1258	1263	1268	1273	1282	1286	1289	1300:6625:1129	1237	54	479	475	208	587	216	175	33	366	887	779
13	298	922	1049	1239	1256	1258	1265	1273	1284	1289	1293	1300:1644:233	154	112	20	70	179	54	91	16	162	433	62	58
15	935	1250	1257	1258	1264	1273	1281	1290:5884:2629	29	329	866	187	558	170	37	1079
10	914	938	1238	1243	1256	1258	1269	1273	1278	1286	1290	1293	1301:2244:200	162	12	187	387	366	45	16	62	8	29	525	137	108
930	973	1230	1239	1244	1249	1255	1258	1265	1271	1273	1280	1285	1291	1293	1301:1891:133	41	254	108	50	275	258	45	70	1	16	4	120	329	62	125
929	932	1218	1258	1265	1269	1273	1281	1285	1298:1844:674	12	262	170	270	91	108	25	41	191
331	927	937	1016	1238	1258	1271	1273	1280	1285	1289	1294	1299:5602:920	429	16	120	549	141	37	100	4	170	2300	241	575
160	928	1258	1268	1273	1281	1284	1289	1300:3792:995	633	162	462	175	133	508	354	370
917	938	1183	1254	1258	1266	1269	1273	1280	1300:2100:33	50	75	616	195	108	129	91	41	762
14	234	916	935	1239	1244	1248	1254	1258	1264	1269	1273	1278	1301:2026:333	300	45	8	225	166	495	158	45	145	8	16	16	66
9	916	935	1238	1244	1254	1258	1263	1270	1273	1290:4149:425	62	4	795	958	329	141	487	66	95	787
14	102	923	1079	1213	1239	1244	1249	1255	1258	1263	1270	1273	1285	1288	1293	1298:1510:175	25	112	100	54	91	116	133	137	45	75	8	16	50	316	41	16
12	931	937	1073	1181	1249	1256	1258	1266	1273	1278	1287	1288	1298:2392:216	162	12	187	37	283	250	49	16	49	16	187	841	87
13	119	915	935	1238	1244	1256	1258	1265	1270	1273	1290:3239:562	45	145	8	429	454	541	87	166	37	70	695
83	925	948	1240	1255	1258	1266	1269	1273	1284	1291	1294	1299:2595:175	208	279	49	433	66	79	141	41	237	725	83	79
453	930	935	962	1238	1243	1248	1254	1258	1266	1268	1273	1301:1946:8	241	12	1	245	241	808	58	54	8	112	25	133
914	938	1249	1258	1273	1281	1290	1300:1543:254	16	533	112	75	37	258	258
13	94	923	958	1240	1244	1249	1255	1258	1270	1273	1280:5139:733	258	429	695	416	291	1141	829	162	95	66	24
13	355	1239	1244	1254	1258	1264	1268	1273	1280	1283	1291	1299:2190:337	241	229	191	83	62	195	70	16	1	370	300	95
15	917	1206	1239	1244	1250	1258	1269	1273	1280	1290	1295	1302:2986:862	29	179	320	354	41	100	112	83	8	662	116	120
12	1238	1243	1250	1258	1266	1268	1273	1281	1288	1299:4386:1258	366	770	8	141	50	41	91	25	1520	116
15	930	1202	1240	1255	1266	1273	1280	1285	1293	1300:4806:1625	537	229	304	1154	112	62	4	125	250	404
14	347	916	937	1199	1240	1253	1258	1265	1269	1273	1291	1294	1299:2455:695	408	95	16	225	137	79	95	170	49	62	275	83	66
915	935	1238	1243	1250	1255	1258	1265	1270	1273	1285	1290:6181:220	4	950	858	1095	1145	133	329	70	112	20	1245
389	913	1223	1258	1273	1283	1299:4009:808	691	841	154	112	1162	241
488	948	1192	1257	1258	1263	1273	1284	1291	1299:6154:212	750	758	816	233	633	137	958	1212	445
13	273	913	937	1077	1240	1258	1271	1273	1280	1283	1299:6690:1058	1533	308	12	1770	445	154	62	87	25	745	491
13	164	949	1239	1244	1254	1258	1273	1283	1289	1299:1981:283	254	129	154	183	125	58	12	254	475	54
494	916	1084	1240	1245	1255	1258	1265	1268	1282	1283	1291:5902:449	162	450	591	112	1520	220	254	354	62	1262	466
218	929	1249	1256	1258	1264	1270	1273	1284	1289	1293	1299:3779:633	250	383	587	124	195	54	58	425	762	179	129
14	938	1239	1244	1249	1258	1273	1286	1294	1301:4891:1487	37	737	616	1387	145	79	37	75	291
11	923	936	1249	1254	1265	1269	1285	1294	1302:5582:800	1191	16	2474	220	212	95	87	304	183
10	326	924	1044	1240	1257	1258	1264	1273	1290	1293	1300:2562:258	395	229	8	95	254	87	220	62	550	154	250
926	948	1235	1240	1244	1248	1255	1258	1263	1273	1284	1291	1295	1301:2344:150	49	183	37	54	600	245	29	125	33	208	441	41	149
14	195	917	938	948	1249	1256	1258	1264	1273	1284	1291	1300:2098:295	204	37	8	204	287	187	62	95	29	162	412	116
429	915	1049	1192	1239	1244	1254	1258	1265	1268	1273	1280	1284	1289	1299:2289:133	104	20	50	233	162	99	54	120	8	45	4	308	787	162
15	930	1204	1258	1265	1268	1273	1280	1290:4614:2183	925	375	200	279	391	125	20	116
29	938	946	1218	1238	1258	1264	1268	1273	1282	1287	1288	1297	1298:3302:533	12	237	283	104	62	170	175	45	58	241	1212	83	87
927	946	1248	1254	1258	1265	1269	1273	1278	1287	1288	1297	1298:1915:141	124	600	8	29	79	16	25	12	170	566	91	54
11	1088	1240	1248	1257	1258	1266	1273	1285	1291	1295	1301:2498:291	204	95	829	216	54	41	45	108	433	74	108
11	917	935	1069	1240	1244	1250	1258	1264	1269	1273	1290	1295	1301:3920:483	16	1	391	300	287	516	87	308	170	54	883	245	179
14	164	935	1258	1266	1270	1273	1278	1289	1294	1298:3897:1412	770	1	154	66	75	95	25	950	87	262
121	925	935	1067	1256	1269	1273	1280	1283	1289	1301:3792:216	391	12	320	904	50	100	25	458	1008	308
922	1238	1244	1254	1258	1264	1268	1273	1285	1289	1295	1301:3065:233	258	366	95	70	216	125	58	179	1204	116	145
359	915	938	1258	1265	1271	1282	1293	1300:2100:483	270	116	183	204	8	45	233	558
14	915	1190	1238	1243	1248	1256	1258	1264	1270	1273	1283	1288	1293	1298:1726:179	29	20	104	83	416	141	37	41	4	16	124	383	54	95
14	55	916	948	1178	1240	1245	1250	1257	1258	1266	1273	1281	1284	1291	1300:1602:225	4	25	170	16	41	29	154	158	49	20	20	1	145	408	137
386	962	1249	1258	1265	1273	1281	1297:3992:375	45	2300	229	537	124	112	270
271	1065	1099	1238	1243	1249	1256	1258	1266	1271	1273	1283	1291	1294	1301:1631:150	124	66	170	154	166	158	25	25	8	29	141	266	74	75
10	930	1240	1254	1258	1264	1270	1273	1283	1290	1295	1301:1945:150	233	79	212	58	175	8	20	291	545	91	83
14	915	935	1073	1166	1254	1258	1264	1273	1287	1288	1295	1299:2115:266	62	4	229	4	250	83	145	33	179	720	70	70
9	923	936	1248	1258	1273	1284	1289	1294	1299:4796:162	333	8	2708	112	54	441	750	133	95
12	914	1194	1239	1245	1258	1264	1268	1273	1280	1286	1289	1300:5245:1350	400	379	783	37	216	383	166	91	54	79	920	387
14	926	936	940	1249	1258	1273	1284	1289:7056:2229	1000	29	95	1904	237	229	429	904
153	917	934	1073	1112	1240	1258	1265	1270	1273	1278	1287	1288	1294	1298:2777:295	8	4	400	4	220	58	129	25	49	70	258	1091	87	79
922	935	1258	1273	1280	1284	1289	1299:2024:754	8	83	124	49	591	274	141
13	226	913	1074	1255	1258	1269	1273	1280	1285	1288	1301:4149:562	650	250	387	599	74	29	41	29	37	1350	141
196	930	1230	1238	1244	1254	1258	1266	1270	1273	1284	1289	1293	1301:2232:391	191	175	175	245	66	41	50	16	29	250	429	37	137
10	465	923	936	1239	1255	1258	1264	1273	1280	1284	1288	1301:2519:150	58	183	4	262	295	66	162	41	4	166	1012	116
13	364	915	936	1240	1254	1258	1264	1268	1273	1290	1299:2295:458	233	112	8	250	70	54	245	112	25	566	162
44	923	937	943	1240	1258	1263	1273	1287	1288	1297	1298:2476:195	245	20	162	120	70	150	49	291	1012	108	54
9	913	938	1239	1244	1249	1254	1258	1264	1270	1273	1281	1283	1290	1294	1299:1884:54	95	8	133	216	162	200	37	120	16	41	20	200	416	83	83
125	930	1238	1243	1254	1258	1269	1273	1300:4255:116	858	770	845	529	179	475	75	408
9	926	1241	1246	1249	1254	1267	1270	1273	1280	1284	1289	1293	1300:2531:195	208	25	1	354	216	1	1	70	12	429	662	112	245
926	1191	1248	1256	1258	1271	1273	1281	1284	1289	1295	1299:5483:354	233	2754	525	79	8	66	29	400	820	99	116
15	938	1240	1256	1258	1265	1270	1280	1290:4801:2004	29	350	1024	129	287	58	4	916
210	918	1106	1238	1243	1258	1265	1269	1273	1280	1287	1290	1295	1300:2553:470	4	75	304	404	54	183	50	45	8	70	620	58	208
392	916	1078	1206	1239	1258	1270	1273	1280	1289	1295	1302:3899:479	137	441	175	575	108	62	79	20	1562	170	91
305	928	936	1223	1249	1255	1258	1266	1273	1281	1287	1288	1299:2630:354	175	4	204	266	300	58	45	37	12	200	950	25
929	1258	1263	1273	1284	1289	1297:2838:645	195	587	116	525	383	387
14	134	1240	1244	1249	1255	1258	1265	1271	1273	1286	1290	1299:1965:408	41	91	141	241	312	62	79	8	37	20	375	150
11	916	936	1239	1244	1248	1256	1258	1264	1270	1273	1280	1285	1297	1302:2401:208	79	12	270	283	645	458	49	191	41	50	4	16	37	58
14	913	1199	1238	1243	1255	1258	1263	1273	1281	1285	1289	1294	1299:1876:295	95	74	170	158	208	41	104	24	4	150	429	75	49
12	915	1248	1258	1273	1284	1289	1294	1299:4803:729	95	1954	99	120	366	945	258	237
913	1084	1218	1239	1244	1256	1258	1265	1273	1280	1283	1291	1297	1298:2222:133	308	125	225	254	283	50	104	33	4	262	354	58	29
929	1091	1258	1270	1273	1283:1780:745	183	162	4	91	595
14	929	938	1177	1239	1244	1254	1258	1264	1273	1280	1286	1290	1293	1301:2477:466	237	4	20	266	91	250	54	200	54	20	12	525	133	145
13	268	915	935	1206	1238	1243	1248	1258	1263	1268	1273	1278	1285	1292	1295	1302:2008:283	212	66	12	87	154	195	470	74	141	70	12	4	58	70	50	50
507	914	936	1099	1240	1257	1258	1263	1273	1280	1294	1301:2281:70	445	24	70	179	633	83	345	58	4	179	191
13	378	924	937	1194	1238	1243	1255	1258	1266	1268	1273	1283	1291	1300:1946:233	124	116	4	37	158	283	174	50	16	20	24	233	320	154
14	194	1239	1245	1254	1258	1273	1282	1283	1289	1293	1302:2325:404	250	154	54	12	66	37	20	325	833	66	104
14	922	964	1215	1239	1244	1250	1253	1258	1264	1270	1273	1280	1286	1293	1301:2018:354	108	33	187	216	225	362	50	70	175	12	16	20	33	62	95
314	923	1052	1099	1249	1256	1258	1266	1273	1280	1291	1294	1301:3457:495	245	270	62	654	575	87	16	100	16	500	179	258
138	938	1078	1256	1258	1270	1273	1278	1289:7309:775	20	1958	1704	195	287	175	75	2120
14	269	923	935	1238	1244	1254	1258	1264	1271	1273	1284	1288	1294	1299:1789:254	166	145	12	141	12	187	54	79	12	12	116	466	54	79
14	452	937	1241	1256	1258	1264	1270	1273	1281	1286	1299:4302:1570	299	33	45	1091	275	587	54	129	87	124	8
14	927	964	1210	1239	1244	1248	1255	1258	1263	1273	1280	1286	1297	1302:1606:241	129	25	112	108	116	420	216	29	104	25	4	16	20	41
14	259	926	1062	1240	1255	1258	1263	1273	1286	1288	1299:1993:249	279	162	120	20	162	87	158	12	24	633	87
169	916	948	1195	1239	1244	1249	1266	1268	1273	1281	1284	1291:4432:429	104	387	125	441	537	874	49	200	54	8	220	1004
12	925	937	1223	1241	1248	1255	1258	1269	1273	1285	1289	1299:3078:345	170	16	275	16	954	375	62	29	33	62	725	16
11	926	934	1240	1245	1249	1258	1264	1273	1285	1291	1294	1300:3088:420	254	1	187	158	687	41	191	29	225	475	112	308
146	938	1206	1249	1258	1273	1280	1295:1551:166	25	349	704	125	87	16	79
13	937	1197	1256	1258	1265	1273	1281	1289	1297:2905:758	8	179	429	66	225	75	20	1083	62
917	964	1186	1255	1258	1264	1273	1297	1300:3480:50	200	262	1233	220	666	120	304	425
13	510	1099	1238	1243	1249	1258	1263	1268	1273	1278	1285	1292	1294	1301:2410:437	66	62	441	383	262	83	183	100	37	45	58	54	58	141
14	928	938	1028	1238	1244	1268	1273	1278	1290	1294	1299:4107:933	387	33	20	587	650	91	66	91	762	258	229
14	141	934	964	1230	1241	1256	1258	1266	1273	1280	1286	1293	1301:2791:716	233	4	33	425	20	754	125	37	54	16	29	150	195
929	932	1043	1219	1245	1249	1256	1258	1263	1269	1273	1281	1284	1288	1298:2022:150	1	20	166	1	437	250	58	137	37	20	1	166	537	41
14	913	1255	1258	1266	1270	1273	1286	1290	1294	1298:3182:983	333	445	74	75	20	83	37	812	204	116
14	923	953	1240	1245	1250	1258	1264	1273	1284	1290	1294	1299:2316:516	275	33	112	25	33	66	237	29	166	629	108	87
13	357	925	1194	1240	1258	1265	1268	1273	1280	1286	1289	1300:2782:504	333	225	87	37	75	116	216	41	20	8	925	195
13	95	930	937	1218	1240	1245	1258	1268	1273	1289	1297:2953:441	29	291	25	287	250	279	91	195	74	891	100
12	917	938	1238	1244	1258	1263	1268	1273	1280	1285	1291	1299:4370:1129	62	16	741	783	183	379	66	112	12	254	504	129
47	931	937	958	1218	1256	1258	1273	1281	1297:2258:4	545	29	479	300	479	87	45	45	245
948	1248	1258	1265	1273	1280	1284	1291	1295	1300:5016:129	2916	150	108	70	12	391	879	41	320
13	94	914	938	1194	1240	1254	1258	1265	1273	1283	1288	1300:2447:291	20	125	8	54	108	95	66	162	45	241	1024	208
14	338	925	938	1177	1253	1258	1273	1281	1291	1293	1301:1928:395	295	191	12	62	54	54	54	4	608	95	104
364	928	1207	1248	1257	1258	1264	1271	1273	1281	1285	1291	1302:3685:262	304	366	1304	212	74	245	16	79	24	200	470	129
14	373	938	1213	1248	1257	1258	1263	1270	1273	1280	1285	1289	1293	1298:2034:291	79	4	108	491	91	41	116	20	12	16	91	579	91	4
933	1078	1198	1255	1258	1273	1281	1289:3779:16	400	149	1179	145	133	37	1720
129	956	1239	1244	1248	1256	1258	1270	1273	1285	1290	1295	1301:1988:95	145	183	191	408	233	45	4	20	95	387	66	116
914	1066	1218	1239	1245	1256	1258	1263	1270	1273	1283	1288	1298:1853:100	75	141	108	24	295	37	104	12	16	208	704	29
205	929	1057	1194	1239	1254	1258	1265	1268	1282	1284	1288	1300:3132:462	245	37	62	224	66	54	154	179	4	270	1150	225
916	1090	1240	1244	1248	1254	1263	1269	1287	1288	1297	1298:2428:41	304	91	129	587	45	170	12	162	600	137	150
15	923	1198	1238	1243	1248	1258	1267	1273:8139:1654	600	208	829	983	3533	208	20	104
339	915	937	1258	1265	1273	1283	1300:3305:658	525	12	154	150	99	1116	591
922	936	1209	1249	1265	1268	1273	1302:1742:479	8	329	391	145	266	62	62
13	402	930	1218	1240	1256	1258	1265	1269	1273	1280	1290	1297	1298:2152:320	108	212	154	104	337	66	145	25	29	16	575	41	20
340	923	936	1256	1258	1268	1273	1283	1291	1297	1302:4516:733	445	4	1062	200	350	133	716	620	112	141
14	208	917	1079	1223	1239	1244	1249	1253	1258	1263	1268	1273	1280	1285	1288	1299:1577:179	112	24	54	79	125	129	137	12	50	100	37	16	4	16	441	62
13	412	928	938	1239	1245	1256	1258	1266	1273	1290:4037:875	191	554	12	354	37	883	95	87	116	833
11	938	1238	1243	1250	1254	1258	1266	1269	1273	1282	1285	1292	1295	1300:3060:575	20	525	612	204	137	99	62	187	112	8	54	20	75	370
14	295	926	938	1085	1248	1258	1273	1285	1290	1294	1299:2171:204	179	133	8	254	545	33	37	125	400	120	133
70	1239	1254	1258	1264	1268	1273	1280	1284	1288:7366:308	1050	891	187	550	683	174	220	808	2495
206	928	1222	1257	1258	1273	1283:4275:458	1145	916	579	145	158	874
13	369	924	935	1210	1248	1255	1258	1266	1268	1273	1297	1302:7132:1170	583	595	4	579	2179	1120	183	66	308	100	108	137
10	222	928	938	1238	1244	1256	1258	1270	1273	1284	1289	1295	1301:2081:116	258	170	16	183	237	237	58	37	25	233	433	29	49
10	315	938	1210	1240	1256	1271	1273	1283	1291	1297	1302:3161:308	441	20	191	183	575	16	95	587	616	29	100
440	913	1052	1239	1244	1249	1254	1258	1263	1269	1273	1291	1295	1301:2492:74	162	116	479	379	491	45	74	200	24	41	170	100	137
14	935	1067	1238	1243	1258	1265	1268	1273	1283	1289	1295	1299:2193:291	4	212	266	225	58	158	120	20	237	437	91	74
13	402	925	934	1239	1245	1250	1258	1265	1268	1273	1290:5524:1133	800	816	12	704	166	50	200	416	266	149	812
399	931	934	1238	1256	1269	1273	1283	1293:2992:329	637	4	145	779	79	45	766	208
12	1238	1243	1249	1258	1263	1273	1278	1287	1290	1301:3479:437	412	487	587	33	316	54	8	225	737	183
12	915	1044	1185	1239	1244	1248	1254	1258	1269	1273	1290	1297	1300:2431:308	79	16	41	104	229	816	133	54	20	20	412	12	187
104	936	1214	1240	1245	1248	1254	1258	1270	1273	1281	1284	1289	1293	1299:2071:20	4	137	91	62	608	95	58	16	45	25	191	520	91	108
924	1071	1238	1243	1249	1258	1268	1273	1280	1287	1288	1297	1298:3212:179	116	325	475	354	83	141	66	20	233	1004	79	137
12	925	934	1074	1094	1248	1255	1258	1269	1273	1285	1288	1298:3008:429	208	4	316	75	674	304	33	37	16	54	804	54
12	1049	1239	1244	1249	1256	1258	1265	1270	1273	1278	1284	1289	1295	1298:1701:212	83	133	179	200	170	58	49	4	16	12	99	429	33	24
10	209	930	1217	1241	1256	1258	1265	1273	1283	1291	1300:1878:99	195	175	195	16	204	70	150	33	300	308	133
14	916	1213	1240	1245	1248	1254	1258	1264	1269	1273	1278	1285	1289	1293	1298:1998:354	54	108	62	4	470	137	41	91	8	12	4	70	450	108	25
916	1049	1213	1239	1244	1248	1255	1258	1265	1273	1284	1289	1293	1298:1715:29	54	50	58	141	383	100	37	95	12	191	483	58	24
12	915	1199	1238	1250	1256	1258	1273	1278	1283	1289	1294	1299:2478:341	83	116	229	275	283	70	37	4	300	537	120	83
13	913	1219	1239	1244	1249	1256	1258	1263	1269	1273	1285	1289	1298:1689:112	91	129	74	116	195	204	41	87	16	8	100	454	62
479	915	1256	1258	1268	1273	1281	1283:2809:200	320	725	158	283	91	37	995
14	926	948	1230	1249	1255	1258	1263	1271	1273	1280	1284	1291	1293	1301:2061:266	154	62	162	341	204	24	108	8	12	1	150	395	54	120
12	938	1044	1250	1257	1258	1264	1273	1281	1290	1294	1301:7309:1483	933	570	249	1174	279	887	141	170	466	320	637
12	922	937	1050	1194	1239	1244	1248	1256	1258	1273	1281	1290	1300:2562:345	195	4	29	95	124	170	750	208	29	25	1	408	179
14	200	923	936	1224	1239	1244	1255	1258	1266	1269	1273	1289	1295:1772:291	200	141	8	145	66	62	216	54	12	45	33	495	4
12	1074	1254	1258	1263	1273	1285	1288	1297	1298:3934:979	400	62	100	462	95	74	1529	79	154
929	938	1195	1239	1244	1248	1256	1258	1264	1270	1273	1285	1291	1295:2110:150	4	79	162	191	579	287	49	120	8	29	141	295	16
924	1257	1258	1268	1273	1283:3301:808	716	199	479	133	966
278	938	1177	1256	1258	1273	1281	1293	1301:2117:654	37	12	862	91	54	37	212	158
917	1249	1254	1258	1268	1273	1281:1587:24	887	270	70	275	41	20
154	1049	1218	1257	1258	1266	1269	1284	1289	1297	1298:3079:150	45	179	437	100	116	133	325	1345	62	187
354	915	1238	1243	1254	1258	1263	1270	1273	1278	1284	1291	1294	1299:2973:341	141	375	525	83	66	262	33	33	24	233	495	112	250
22	1152	1238	1244	1255	1258	1265	1273	1280	1284	1288	1293	1298:2899:12	4	279	354	479	66	137	70	12	229	925	120	212
93	922	934	1218	1240	1255	1258	1269	1273	1285	1289	1297	1298:4558:4	720	12	175	395	1279	200	29	191	287	929	33	304
14	395	929	938	1258	1265	1270	1273	1278	1289	1294	1301:4092:1408	237	354	54	158	270	16	108	33	954	150	350
12	926	936	1194	1241	1249	1254	1258	1269	1273	1289	1300:5285:1487	512	1	220	129	1045	404	154	58	75	825	375
15	958	1239	1244	1249	1258	1269	1273:5316:1683	54	795	770	1666	145	95	108
12	1062	1219	1248	1255	1258	1265	1269	1273	1278	1288	1295	1298:2123:208	120	162	495	216	54	70	25	25	12	691	16	29
14	442	922	1067	1099	1250	1254	1258	1263	1269	1273	1280	1283	1289	1294	1301:1680:241	54	145	95	41	20	54	54	133	41	33	8	220	400	75	66
11	914	938	1248	1254	1258	1269	1273	1278	1285	1291	1295	1301:2848:312	95	12	1287	116	79	8	25	25	204	420	124	141
243	914	938	948	1173	1249	1254	1258	1265	1268	1273	1280	1284	1291	1294	1300:1740:233	62	16	75	20	270	16	54	108	8	29	12	179	525	50	83
14	914	1200	1239	1257	1258	1265	1273	1280	1283	1289	1301:2007:329	108	191	141	162	45	100	41	12	258	525	95
14	924	934	1240	1258	1266	1273	1282	1283	1291	1300:3083:775	275	8	237	87	74	91	24	575	558	379
14	1189	1240	1245	1255	1258	1266	1270	1273	1280	1290	1298:2786:729	49	229	4	595	83	70	33	62	16	883	33
15	927	935	1044	1238	1243	1248	1255	1258	1273	1290	1300:1961:229	150	4	8	129	195	595	145	20	12	358	116
13	232	1240	1250	1253	1258	1266	1268	1273	1283	1289	1299:2074:312	391	83	141	83	70	83	125	8	204	504	70
527	922	1074	1239	1245	1254	1268	1285	1288	1294	1299:8595:125	891	1112	666	83	920	395	391	2533	725	754
1065	1194	1240	1245	1255	1258	1266	1268	1273	1283	1291	1300:4505:145	104	645	174	1045	179	66	112	129	920	520	466
13	423	1073	1240	1253	1265	1269	1287	1288	1294	1298:3721:583	174	462	175	79	225	25	304	1374	145	175
13	322	927	938	1208	1255	1258	1266	1270	1273	1286	1289	1298:1906:287	195	154	8	116	304	54	33	49	37	20	629	20
13	254	916	936	1187	1258	1264	1273	1281	1293	1300:2624:462	866	83	25	141	108	291	50	54	195	349
913	1224	1257	1258	1268	1281	1283:3055:483	566	637	141	170	58	1000
12	1240	1246	1258	1266	1270	1273	1280	1289	1294	1299:6682:1212	787	50	249	287	508	170	75	2020	1037	287
930	1188	1254	1258	1270	1273	1282	1294:1286:529	108	358	83	1	41	4	162
52	926	936	1073	1239	1244	1254	1265	1268	1273	1287	1288	1297	1298:2297:66	133	12	175	212	174	62	141	74	16	204	845	75	108
192	924	1073	1197	1248	1254	1258	1268	1278	1287	1288	1297	1298:3743:341	291	154	24	1162	87	79	191	20	183	1041	41	129
13	341	925	935	1254	1258	1269	1273	1284	1288:5390:1033	712	445	16	887	133	45	87	320	1712
13	406	925	932	1074	1249	1254	1264	1269	1273	1280	1285	1288	1297	1298:3743:491	183	291	4	362	429	212	187	100	45	20	62	1133	54	170
14	191	937	1066	1183	1240	1256	1258	1264	1271	1273	1283	1288	1297	1300:1888:316	162	8	16	37	83	216	41	133	16	29	137	570	4	120
13	163	913	972	1239	1244	1249	1258	1264	1268	1282	1291:5090:729	820	408	141	308	441	975	141	304	187	20	616
13	420	937	1257	1258	1265	1273	1280	1295	1301:2602:875	233	20	549	149	312	116	49	141	158
914	1240	1258	1263	1271	1273	1287	1289	1294	1299:6708:858	633	166	866	54	162	920	2079	595	375
201	1073	1248	1254	1258	1264	1268	1273	1287	1288	1297	1298:2915:333	195	708	58	75	220	129	37	187	704	49	220
13	319	915	936	1248	1254	1258	1269	1273	1278	1289	1299:2645:400	200	66	4	800	204	70	116	41	8	662	74
928	1186	1238	1243	1256	1258	1264	1269	1273	1285	1291	1297	1300:1953:166	108	104	145	300	45	175	33	29	204	420	104	120
435	916	1222	1240	1245	1256	1258	1266	1273	1283	1291:5620:616	170	995	483	104	1304	195	150	112	1087	404
384	915	1073	1240	1253	1258	1266	1273	1287	1288	1294	1299:2907:304	99	287	212	1	58	1	37	304	1279	150	175
927	1049	1193	1248	1258	1273	1282	1284	1289	1294	1298:4754:350	95	41	2025	70	79	8	308	1258	237	283
12	938	1086	1223	1239	1245	1250	1255	1258	1265	1270	1273	1283	1289	1299:2108:225	4	200	125	79	29	183	325	58	87	12	16	220	516	29
915	936	948	1248	1255	1258	1265	1269	1273	1284	1291	1297	1300:2092:50	8	100	600	266	33	104	58	33	216	454	58	112
499	927	1170	1238	1243	1250	1254	1258	1265	1268	1273	1291:3344:45	391	16	504	587	137	120	129	220	229	91	875
14	461	927	1227	1240	1245	1250	1257	1258	1265	1271	1273	1280	1285	1300:1713:308	12	208	220	154	112	33	191	49	166	4	49	37	29	141
915	1068	1273	1282	1283	1291:993:170	287	37	12	479	8
929	938	1163	1239	1245	1256	1258	1266	1269	1280	1283	1291:6190:1112	45	174	575	512	1458	241	175	83	62	1320	433
13	358	917	935	1240	1250	1258	1265	1269	1273	1290	1302:2257:395	341	45	4	216	66	75	250	58	66	687	54
14	293	930	1081	1238	1243	1255	1258	1265	1268	1273	1290	1299:1694:229	145	149	166	145	120	225	29	58	83	8	254	83
925	935	1258	1270	1273	1294	1298:776:437	4	62	4	70	166	33
13	152	915	935	1048	1258	1264	1273	1299:2398:591	24	212	1	237	225	479	104	525
930	1240	1244	1248	1255	1258	1266	1273	1280	1285	1291	1293	1301:2237:195	116	87	499	362	54	66	49	20	166	420	108	95
14	928	937	1213	1258	1263	1270	1273	1281	1283	1290	1293	1298:4052:1166	445	12	270	116	400	20	75	16	591	729	154	58
105	931	951	1222	1239	1258	1280:2792:416	379	949	612	275	112	49
1249	1255	1258	1273	1297:1097:416	499	87	62	33
12	924	938	941	1219	1248	1254	1258	1266	1269	1273	1288:3228:325	225	33	204	225	966	162	66	45	12	49	916
930	953	1256	1258	1264	1269	1273	1282	1284	1290:4475:870	629	1087	120	375	112	129	54	595	504
13	471	922	1256	1258	1270	1273	1289	1302:3771:1025	54	412	1154	141	62	66	791	66
239	1194	1257	1258	1270	1273	1282	1284	1288	1300:6504:2408	87	954	187	58	133	37	341	1866	433
925	1238	1243	1258	1263	1268	1273	1278	1301:2351:475	345	500	100	391	229	79	45	187
14	19	913	937	1240	1244	1248	1258	1265	1268	1273	1282	1283	1290	1294	1299:2181:254	20	112	12	54	62	533	29	129	58	12	4	291	391	91	129
13	450	926	1194	1240	1250	1257	1258	1266	1269	1273	1285	1292	1300:1864:291	33	220	129	204	20	341	54	79	8	37	58	174	216
9	1239	1244	1248	1258	1264	1269	1273	1285	1290	1294	1299:2136:125	133	245	641	33	120	37	41	166	429	75	91
12	928	938	1194	1238	1243	1256	1258	1264	1271	1273	1280	1284	1290	1300:2278:237	179	4	62	279	225	350	49	145	33	20	4	133	425	133
13	235	926	1078	1238	1244	1253	1258	1266	1269	1273	1282	1289	1293	1300:1900:195	229	145	145	187	154	8	66	24	45	20	8	495	100	79
914	934	1238	1243	1248	1255	1258	1263	1270	1273	1280	1291	1295	1300:3623:225	1	304	454	1179	300	74	229	1	100	16	524	4	212
916	948	1194	1239	1244	1250	1256	1258	1265	1270	1273	1284	1291	1300:1918:54	154	79	141	220	16	291	45	87	4	24	200	512	91
336	928	948	1239	1244	1248	1254	1258	1265	1269	1273	1284	1291	1295	1300:1714:129	141	33	62	112	370	104	45	83	41	16	137	300	8	133
76	917	948	1249	1256	1258	1265	1270	1273	1281	1284	1291	1295	1302:2626:12	24	408	445	379	87	170	29	45	16	245	720	1	45
14	922	1241	1256	1258	1269	1273	1290	1299:5199:1804	537	83	1183	166	70	120	941	295
332	923	937	1206	1240	1248	1254	1258	1266	1269	1273	1280	1285	1291	1295	1302:1902:150	174	8	137	12	600	158	58	49	12	29	12	125	283	58	37
9	926	1238	1243	1249	1257	1258	1273	1285	1289	1294	1299:2011:162	162	187	183	312	250	54	37	49	454	66	95
1068	1238	1243	1255	1258	1265	1269	1273	1280	1283	1291:6625:329	887	1579	1408	216	454	125	99	33	1083	412
58	926	938	1074	1243	1255	1258	1273	1288	1293	1302:5813:25	379	20	1254	900	816	133	104	1687	383	112
306	913	1067	1240	1254	1258	1266	1269	1273	1278	1283	1289	1295	1301:2185:350	166	237	125	162	49	41	62	16	4	187	600	91	95
12	913	937	1240	1248	1254	1258	1270	1273	1287	1290	1300:2079:304	129	8	75	687	191	50	16	20	29	429	141
9	913	1064	1194	1239	1244	1250	1255	1258	1266	1273	1281	1287	1292	1300:1868:145	175	120	79	195	270	54	354	83	8	49	8	12	41	275
14	1049	1189	1250	1258	1263	1270	1273	1284	1289	1298:2624:525	12	99	354	54	200	16	70	308	941	45
12	935	1191	1239	1244	1249	1253	1258	1265	1273	1282	1289	1295	1299:2373:358	16	112	175	166	383	16	70	133	58	8	641	87	150
14	361	933	1249	1254	1258	1268	1273	1280	1290:4625:1412	595	1	791	616	141	283	83	16	687
183	915	1238	1243	1258	1265	1268	1273	1278	1287	1290	1295	1301:2524:341	133	300	458	54	100	195	58	24	66	637	83	75
923	1084	1206	1249	1256	1258	1269	1280	1283	1291	1295	1302:4306:370	325	195	745	937	104	16	20	620	700	183	91
10	297	924	937	1213	1249	1256	1258	1266	1273	1281	1285	1288	1293	1298:1818:87	183	133	4	87	295	216	54	8	12	8	66	570	29	66
480	929	1249	1257	1273	1280	1290	1295	1301:2395:195	595	658	108	158	16	308	241	116
10	914	956	1250	1255	1258	1269	1273	1280	1285	1290:5017:708	512	700	54	1187	158	329	108	33	212	1016
245	937	1238	1243	1254	1258	1264	1270	1273	1285	1295	1299:6827:2470	37	937	1558	420	191	533	120	187	125	25	224
301	938	1230	1254	1258	1271	1273	1282	1293	1301:1992:695	4	525	83	83	75	45	33	262	187
13	460	922	1256	1258	1273	1299:3139:833	245	733	908	112	100	208
12	930	938	1240	1248	1255	1258	1270	1273	1290	1300:3563:541	254	12	129	1454	379	58	16	33	454	233
445	928	935	948	1239	1244	1249	1255	1263	1268	1273	1284	1291	1296	1300:1932:95	129	4	75	124	95	233	241	100	54	4	191	458	4	125
15	923	936	1238	1243	1249	1255	1258	1263	1270	1273	1278	1285:4106:783	287	4	466	441	941	666	108	245	12	37	16	100
915	938	948	1248	1257	1258	1273	1280	1284	1291	1300:6711:195	29	170	3316	654	174	145	66	504	1004	454
915	1222	1239	1244	1255	1258	1264	1283	1291:4437:250	470	708	345	816	158	433	545	712
13	435	930	1239	1245	1257	1258	1265	1270	1273	1280	1283	1291:3007:575	70	345	333	24	333	104	229	12	54	12	454	462
439	1192	1248	1256	1258	1266	1271	1273	1290	1299:3963:141	108	1933	504	133	12	4	74	804	250
937	948	1169	1248	1256	1258	1265	1273	1284	1291	1300:2794:16	145	41	999	333	62	87	58	262	587	204
11	917	934	1198	1238	1243	1249	1255	1258	1263	1269	1273	1280	1284	1291:2553:183	4	4	116	254	383	229	412	74	208	83	25	20	150	408
13	279	1219	1238	1243	1254	1258	1265	1269	1273	1287	1289	1298:2114:266	291	116	233	258	33	45	120	8	16	12	641	75
247	937	1085	1099	1238	1243	1250	1254	1258	1265	1268	1273	1285	1290	1294	1301:1757:224	4	245	58	166	195	16	45	41	75	104	16	91	362	20	95
14	923	1178	1238	1244	1258	1266	1273	1278	1285	1289	1300:2409:425	212	4	275	154	62	74	54	8	154	812	175
97	915	938	1186	1254	1258	1268	1273	1281	1284	1288	1297	1300:5021:295	250	8	33	850	150	487	162	4	383	1829	83	487
11	924	1240	1248	1256	1258	1266	1273	1281	1284	1291	1295	1301:2558:329	212	12	904	200	45	25	33	4	200	333	120	141
9	1249	1258	1263	1273	1283	1289	1294	1299:5629:183	2304	124	441	129	1012	845	250	341
13	414	929	1044	1214	1257	1258	1266	1273	1290	1293	1299:4815:1100	474	445	20	241	783	150	41	112	750	358	341
9	916	1257	1258	1271	1273	1283	1291	1295	1302:5044:983	129	1129	220	95	145	1345	370	370	258
10	926	932	1238	1243	1254	1258	1263	1269	1273	1281	1283	1291	1294	1299:1895:154	166	4	237	270	45	37	175	8	37	1	250	295	112	104
936	1211	1238	1243	1258	1265	1270	1273	1280	1293	1301:2104:8	300	429	666	91	170	54	58	25	208	95
12	915	935	1239	1255	1258	1264	1273	1280	1289	1294	1300:3016:600	129	8	208	479	49	225	50	8	945	95	220
14	446	918	1080	1221	1240	1248	1256	1258	1265	1271	1273	1278	1284	1288	1295	1298:1531:166	20	1	100	104	16	262	137	37	54	24	8	20	108	433	8	33
63	915	935	948	1255	1258	1265	1268	1273	1281	1284	1291	1297:3836:320	133	8	754	583	154	212	212	100	20	287	949	104
915	938	1263	1268	1273	1280	1285	1294	1301:1304:237	37	358	183	45	29	16	158	241
13	925	1205	1255	1258	1265	1273	1280	1289	1297:2683:383	258	237	637	91	158	79	20	725	95
421	913	1099	1238	1243	1248	1256	1258	1263	1273	1284	1290	1294	1301:1666:50	112	4	49	112	525	116	24	75	29	154	283	54	79
401	915	938	1221	1239	1244	1256	1258	1265	1273	1281	1287	1290	1295	1298:2070:237	95	4	141	237	154	316	66	100	33	1	83	575	20	8
928	938	948	1217	1238	1243	1248	1253	1258	1268	1282	1284	1291	1295	1300:2333:162	8	145	195	195	208	495	20	41	104	8	170	445	4	133
145	928	937	958	1187	1264	1271	1273	1293	1300:2678:808	416	70	266	179	358	87	66	91	337
14	495	922	935	1248	1257	1258	1280	1283	1288	1293	1298:3252:483	16	179	8	812	20	49	4	383	991	116	191
159	925	934	1248	1258	1264	1268	1273	1280:3246:345	570	8	1408	116	400	291	104	4
923	948	1227	1249	1256	1258	1264	1284	1291	1295	1300:2984:266	175	254	533	433	75	183	216	654	8	187
204	927	937	1198	1238	1243	1256	1258	1266	1273	1287	1290:2825:516	254	4	58	304	487	358	62	12	33	100	637
15	925	1200	1249	1255	1258	1273	1281	1301:5723:1850	583	304	1125	1283	175	137	204	62
15	913	1060	1200	1249	1256	1264	1273	1285	1291	1301:3927:1016	229	74	170	1212	404	266	66	191	166	133
13	916	936	1074	1240	1245	1249	1258	1263	1269	1273	1285	1288	1295	1299:1535:166	49	4	120	83	16	200	33	129	37	29	24	525	45	75
15	925	938	1045	1241	1249	1257	1258	1266	1273	1280	1285:5623:1937	625	16	29	295	1308	933	166	50	124	20	120
14	157	923	1224	1239	1244	1254	1258	1264	1269	1273	1281	1290	1295	1298:2252:379	95	208	166	270	200	158	54	200	20	29	16	395	4	58
915	938	1215	1239	1258	1270	1273	1278	1290	1293	1301:2237:329	12	450	279	112	8	170	79	145	333	320
300	925	1223	1249	1256	1258	1273	1281	1284	1288	1299:3582:341	320	270	325	558	95	58	16	258	1233	108
211	913	937	948	1258	1264	1281	1284	1291	1293	1299:6253:1399	708	45	320	225	504	83	812	1479	137	541
935	1239	1244	1258	1268	1273	1278	1300:777:4	212	70	54	79	79	54	225
12	937	1192	1250	1257	1258	1265	1271	1273	1280	1291	1299:2910:633	8	95	95	412	120	212	29	41	37	949	279
177	916	1239	1254	1258	1264	1273	1284	1288	1293	1301:2638:158	49	183	204	66	204	54	175	1308	129	108
13	147	934	1255	1258	1271	1273	1289	1293	1300:2896:583	166	8	600	112	8	70	883	158	308
203	914	935	1239	1244	1249	1253	1266	1268	1273	1280	1285	1291	1295	1302:3096:720	204	8	245	312	495	16	50	262	62	16	225	420	12	49
14	188	926	935	1178	1248	1256	1258	1267	1271	1273	1282	1291	1300:2143:362	162	137	8	8	579	266	62	4	4	20	16	345	170
456	917	948	1217	1239	1244	1248	1255	1258	1263	1280	1284	1291	1300:2064:33	12	116	162	120	216	379	204	45	125	8	120	416	108
260	1198	1240	1254	1258	1264	1268	1273	1280	1283	1291:3357:941	162	241	366	125	341	241	70	41	454	375
190	923	938	1073	1238	1245	1254	1258	1273	1287	1288	1297	1300:1773:162	104	8	95	187	45	150	58	8	154	620	41	141
12	927	937	1074	1094	1240	1245	1248	1254	1258	1263	1273	1280	1285	1288	1298:2248:283	174	4	200	83	108	29	454	91	50	112	12	12	37	587	12
11	938	1250	1257	1258	1267	1271	1273	1280	1283	1290	1295	1301:4831:1266	33	166	895	149	33	12	137	29	841	787	208	275
956	1226	1240	1245	1249	1258	1264	1270	1273	1282	1285	1290	1293	1301:2454:70	366	216	20	366	62	183	45	70	8	120	645	125	158
14	371	923	1052	1230	1239	1244	1254	1258	1264	1270	1273	1291	1293	1301:1688:250	150	87	4	145	149	162	83	37	116	41	45	216	112	91
14	427	917	1038	1258	1264	1269	1273	1280	1283	1290	1295	1299:3855:1341	141	12	12	124	333	66	95	12	479	916	108	216
14	91	914	938	1238	1243	1258	1268	1273	1283	1289	1295:3186:695	33	120	25	379	512	120	112	37	408	725	20
913	1083	1255	1258	1273	1293:3650:687	1024	1199	179	116	445
366	928	938	948	1228	1239	1256	1258	1264	1280	1284	1291:4140:249	350	16	420	479	262	491	108	254	37	420	1054
367	924	937	1238	1243	1257	1258	1273	1282	1284	1289	1295	1299:3041:220	237	16	450	412	279	87	50	25	400	754	62	49
21	928	933	1074	1163	1239	1254	1258	1265	1273	1288:6407:1125	312	8	1545	287	375	316	145	170	137	1987
114	929	938	1062	1218	1240	1254	1258	1263	1269	1273	1281	1288	1297	1298:1822:20	191	12	29	112	145	29	45	154	79	20	8	900	8	70
11	923	938	1198	1250	1256	1258	1267	1273	1290:5719:1366	920	12	250	349	1808	191	20	133	670
13	483	914	937	1230	1257	1258	1273	1293	1301:3025:812	149	379	41	600	333	183	116	233	179
238	928	938	1218	1239	1254	1258	1264	1268	1273	1284	1288	1297	1298:2259:375	187	4	112	95	133	70	141	112	12	208	770	20	20
14	321	926	936	948	1249	1256	1258	1265	1270	1273	1281	1284	1291	1302:1864:254	141	137	4	91	208	162	50	116	4	12	8	162	491	24
14	1248	1257	1258	1265	1273	1281	1283	1288	1293	1298:2254:270	458	204	33	133	29	8	250	683	70	116
9	928	1044	1240	1249	1258	1269	1281	1290:2864:133	704	112	325	816	187	137	1	449
10	916	1182	1255	1258	1273	1282	1291	1293	1301:4537:900	150	95	1520	216	145	8	908	229	366
14	916	937	1233	1240	1245	1250	1258	1266	1269	1273	1289	1293	1299:2921:616	74	12	395	266	25	70	112	45	162	66	850	187	41
255	1239	1244	1258	1264	1273	1278	1285	1291	1293	1299:4403:1729	495	629	162	325	95	16	229	429	45	249
13	136	917	1238	1243	1249	1256	1258	1265	1270	1273	1291:2636:312	145	4	300	333	633	316	79	141	45	45	283
914	938	1257	1258	1269	1273	1281	1283:1989:375	29	541	120	50	79	29	766
936	1248	1258	1273	1280	1290	1294	1301:3945:24	2433	137	141	58	620	166	366
13	519	930	935	1258	1271	1273	1283	1290	1299:5029:1591	1	658	8	195	37	170	1095	929	345
15	916	1256	1258	1265	1273	1294	1300:2854:1129	145	841	108	87	49	162	333
14	916	1049	1238	1244	1248	1258	1266	1273	1284	1289	1293	1299:2048:287	8	66	133	187	454	33	8	20	187	487	91	87
14	929	1067	1238	1243	1257	1258	1267	1270	1273	1278	1283	1289	1294	1298:1703:233	108	137	179	170	179	45	8	12	4	4	162	350	54	58
926	936	948	1231	1248	1257	1258	1265	1269	1273	1278	1284	1291	1295	1301:3845:325	12	108	329	1429	220	79	166	41	33	4	300	608	58	133
914	936	1239	1245	1256	1258	1264	1271	1273	1281	1284	1289	1293	1298:6022:366	20	720	366	1074	266	575	33	162	54	895	729	229	533
377	922	1238	1245	1254	1258	1267	1268	1273	1284	1288	1295	1301:2942:270	220	258	20	345	70	25	141	49	191	1204	70	79
12	936	1257	1258	1271	1273	1281	1283	1290	1294:3604:704	16	570	187	112	125	58	1158	208	466
945	1240	1248	1255	1258	1263	1271	1273	1280:4868:779	166	2233	754	100	504	91	87	154
15	914	1249	1255	1258	1269	1273	1282	1285	1300:7329:2462	637	1549	1150	199	41	129	37	325	800
926	1239	1244	1258	1264	1269	1273	1294	1300:1943:429	275	129	79	245	187	66	258	275
14	929	937	1067	1258	1273	1283	1289	1295	1299:4038:1099	533	12	404	108	104	512	958	158	150
13	299	916	1241	1254	1258	1263	1268	1273	1278	1285	1289:4142:637	870	112	16	108	124	329	174	91	16	170	1495
927	936	1250	1258	1263	1269	1273	1281	1301:1420:333	20	229	99	345	187	41	29	137
193	916	1099	1258	1264	1278	1294	1301:1604:695	25	208	70	224	66	179	137
13	50	931	949	1239	1245	1256	1258	1266	1270	1273	1280	1283	1289:2379:358	1	220	229	166	54	262	45	66	4	24	1	308	641
15	927	1200	1240	1245	1248	1258	1264	1268	1273	1278	1285	1292	1301:2695:629	191	158	108	91	879	75	220	74	29	12	75	54	100
917	936	1206	1249	1256	1258	1264	1271	1273	1281	1295	1302:2857:20	20	362	650	862	166	441	58	95	66	116	1
13	929	1241	1246	1250	1255	1258	1266	1273	1280	1286	1289	1295	1299:2349:387	266	8	1	154	383	70	50	49	16	16	829	91	29
277	915	1044	1196	1240	1245	1258	1266	1271	1273	1290	1293	1302:5235:1629	620	62	116	941	83	162	200	70	166	875	266	45
107	916	1066	1238	1245	1254	1258	1264	1268	1273	1278	1283	1288	1295	1301:2425:74	66	250	224	91	116	49	137	158	25	12	220	858	58	87
454	931	948	1182	1238	1243	1253	1258	1264	1270	1273	1284	1291	1293	1301:1956:62	179	95	41	154	333	33	45	141	29	29	225	462	66	62
14	274	915	1041	1189	1239	1256	1258	1267	1270	1273	1283	1288	1298:2068:212	262	75	4	41	162	245	50	25	8	20	220	699	45
14	251	927	938	1254	1258	1263	1271	1273	1282	1293	1302:4244:1225	1012	479	70	350	187	370	16	66	45	150	274
14	374	922	1239	1244	1255	1258	1263	1273	1281	1286	1293	1301:1811:241	141	183	283	225	245	66	150	25	16	66	79	91
96	936	1073	1108	1239	1253	1258	1265	1269	1273	1282	1287	1288	1297:4670:225	25	654	337	445	54	120	258	16	120	1	470	1891	54
11	915	1195	1248	1258	1264	1273	1282	1285	1295:6567:983	129	250	4395	166	429	100	24	37	54
14	139	937	1054	1106	1249	1257	1264	1273	1283	1290	1295	1300:2724:433	8	12	8	33	512	308	137	41	379	533	87	233
13	393	922	1084	1238	1244	1256	1258	1265	1273	1283	1291:2411:362	116	200	241	229	266	183	45	137	41	262	329
14	199	924	937	964	1229	1240	1248	1253	1258	1264	1273	1282	1297:1828:350	158	166	12	49	237	45	512	33	50	150	33	8	25
12	927	1227	1249	1258	1263	1268	1273	1281	1291	1300:2649:354	195	362	366	58	204	133	37	33	741	166
922	937	1182	1258	1265	1285	1293	1301:2034:637	41	170	154	354	200	208	270
14	934	1081	1240	1245	1258	1264	1268	1273	1281	1285	1290	1299:2420:537	4	404	191	54	70	283	37	29	12	54	633	112
12	1186	1240	1249	1255	1258	1265	1273	1287	1289	1297	1300:1928:287	66	100	245	258	37	58	24	204	454	58	137
13	110	916	937	956	1249	1255	1258	1263	1273	1282	1285	1290	1295	1302:1936:245	41	58	29	141	225	300	62	154	41	8	104	441	25	62
12	915	938	1250	1258	1264	1273	1282	1283	1289	1295	1300:6132:1345	466	49	300	183	425	137	33	1062	833	187	1112
323	914	1182	1240	1257	1258	1266	1293	1301:3217:970	495	245	166	525	166	50	275	325
14	266	949	1239	1244	1248	1257	1258	1265	1273	1280	1283	1289	1294	1299:1721:174	166	91	91	95	358	83	37	54	16	8	145	304	33	66
914	1047	1167	1238	1243	1255	1258	1265	1270	1273	1280	1287	1288	1294	1298:2053:95	41	4	154	212	245	41	58	1	29	4	245	729	87	108
12	1217	1241	1250	1258	1268	1273	1290	1300:3747:1258	304	208	129	166	175	95	933	479
162	922	936	1079	1099	1254	1266	1268	1273	1288	1294	1301:8386:1537	508	12	2220	616	470	4	312	133	1854	316	404
14	935	956	1194	1239	1244	1249	1256	1258	1264	1273	1285	1290	1300:1961:333	4	20	91	125	83	258	229	41	129	20	104	420	104
14	926	1049	1218	1239	1244	1258	1264	1273	1284	1289	1297	1298:2102:345	154	29	124	200	166	58	104	33	208	620	45	16
12	931	935	1042	1199	1240	1245	1254	1258	1270	1273	1280	1285	1289	1294	1299:2585:504	300	16	12	104	150	108	16	79	16	49	4	137	862	166	62
350	915	1194	1258	1263	1273	1280	1283	1300:3908:841	404	258	141	604	129	49	1074	408
14	937	1257	1258	1266	1273	1282	1289	1293	1300:4336:1775	8	445	141	116	95	4	1120	295	337
15	1238	1243	1258	1268	1273	1301:3639:1295	766	758	175	129	83	433
14	1223	1239	1245	1249	1258	1263	1273	1280	1285	1289	1299:2783:529	204	175	70	512	75	125	41	12	170	808	62
14	929	1081	1248	1258	1265	1273	1280	1285	1290	1300:4077:570	316	366	1791	79	166	41	24	4	450	270
13	925	1057	1256	1258	1264	1270	1273	1284	1288	1299:1859:325	112	83	291	54	112	12	8	154	629	79
10	925	932	1218	1240	1254	1258	1263	1268	1280	1285	1289	1297	1298:2444:191	250	20	129	100	16	58	279	112	4	70	1141	41	33
261	915	1249	1256	1258	1266	1270	1273	1291	1297:6808:1958	245	1383	1454	245	220	158	245	625	275
12	1055	1186	1238	1244	1264	1273	1287	1288	1297	1300:4188:729	212	91	400	545	279	54	212	1400	16	250
12	925	937	1257	1258	1265	1270	1273	1280	1284	1290	1299:3179:837	358	12	362	79	179	33	62	4	233	829	191
14	348	916	936	949	1239	1244	1257	1258	1265	1273	1280	1283	1289	1295	1299:1843:254	125	16	12	50	99	208	129	50	116	20	4	241	433	41	45
14	296	929	1192	1239	1245	1253	1258	1265	1268	1273	1285	1289	1299:1849:270	287	133	54	116	29	62	54	100	4	16	87	554	83
356	927	1248	1258	1273	1281	1284	1289	1293	1299:5725:325	345	3033	133	95	12	575	833	141	233
9	1238	1248	1255	1258	1266	1270	1273	1283	1289	1294	1299:2357:150	108	758	316	45	12	8	54	237	441	108	120
342	1089	1099	1239	1244	1249	1255	1258	1263	1278	1285	1290	1294	1301:1864:166	279	66	120	100	162	183	37	112	20	95	383	58	83
10	214	923	937	1084	1194	1238	1243	1254	1258	1266	1268	1273	1283	1291	1300:1660:74	170	87	4	108	33	154	200	54	49	33	66	29	187	275	137
12	914	935	1075	1223	1239	1244	1248	1258	1263	1268	1273	1278	1285	1289	1299:2450:237	62	8	145	116	150	112	650	45	145	33	24	16	54	587	66
9	930	936	1194	1238	1243	1249	1256	1258	1264	1273	1285	1290	1300:1959:83	158	8	62	116	150	354	249	45	137	20	87	395	95
916	937	948	1235	1240	1244	1248	1258	1263	1268	1273	1284	1291	1295	1301:3092:66	12	137	320	120	70	945	54	233	112	58	229	541	58	137
137	927	1047	1099	1238	1245	1254	1266	1270	1273	1287	1288	1294	1301:2340:116	200	37	100	233	45	312	8	29	33	191	820	79	137
14	916	1248	1258	1273	1281	1284	1290	1294	1299:3269:629	58	1166	70	33	45	241	720	112	195
12	937	1186	1238	1243	1250	1256	1258	1265	1270	1273	1285	1289	1297	1300:1829:179	8	50	212	270	12	229	54	62	1	29	158	366	33	166
13	433	926	936	1250	1257	1258	1264	1273	1280	1283	1290	1294	1301:2648:395	62	225	16	12	329	66	175	33	12	341	641	150	191
14	441	930	934	1241	1256	1258	1273	1290	1293	1301:6882:1791	558	954	4	412	1312	195	149	770	429	308
11	935	1185	1239	1244	1258	1265	1268	1273	1285	1291	1297	1300:3212:425	1	154	575	454	95	195	45	49	200	720	62	237
12	938	1073	1240	1245	1253	1258	1266	1269	1273	1278	1287	1288	1294	1298:2310:400	12	241	141	20	8	29	49	8	29	33	237	916	133	54
248	923	935	1072	1099	1239	1244	1249	1255	1258	1264	1270	1273	1278	1285	1290	1294	1301:1634:183	95	4	62	24	79	120	241	158	33	75	8	12	1	45	345	58	91
12	1074	1205	1249	1255	1258	1265	1270	1273	1278	1285	1288	1297	1298:2245:270	154	83	375	312	58	125	25	29	8	45	704	20	37
15	913	936	1238	1244	1255	1258	1264	1270	1295	1301:7320:2041	600	20	999	1187	1387	254	383	83	154	212
12	923	1213	1249	1255	1258	1273	1285	1288	1293	1298:1820:183	179	150	341	245	33	16	70	529	58	16
74	930	1218	1240	1245	1256	1258	1269	1273	1282	1290	1297	1298:6659:216	1324	70	733	29	1349	220	1637	250	58	466	170	137
10	925	937	1048	1238	1243	1255	1258	1264	1270	1273	1295	1299:4336:175	454	16	204	895	741	883	125	312	95	58	116	262
459	938	1218	1257	1258	1264	1271	1273	1278	1290	1297:2304:258	8	225	683	166	504	16	120	66	154	104
926	1186	1248	1255	1258	1269	1273	1290	1297	1300:5028:441	104	2308	699	116	62	83	854	91	270
12	924	936	1073	1205	1248	1254	1258	1265	1270	1273	1287	1288	1297	1298:2506:224	204	4	141	104	683	62	50	58	4	20	158	695	54	45
156	922	1218	1240	1245	1255	1258	1263	1268	1273	1280	1285	1289	1297	1298:2271:141	208	112	58	8	300	58	195	112	24	20	133	770	95	37
11	913	1185	1240	1245	1254	1258	1265	1270	1273	1280	1285	1292	1300:2456:537	258	129	287	54	445	70	258	41	58	8	50	45	216
928	938	1037	1239	1244	1248	1254	1258	1270	1273	1287	1290	1300:4090:270	12	16	266	491	1900	50	70	12	58	4	725	216
8	923	1239	1243	1248	1256	1258	1273	1283	1288	1293	1298:1821:33	104	66	200	429	95	29	20	137	550	58	100
13	268	930	1044	1238	1243	1258	1265	1269	1273	1290	1294	1298:3045:395	512	262	112	366	433	58	133	1	29	545	79	120
13	928	1180	1248	1257	1258	1273	1282	1283	1290	1293	1299:3851:366	449	45	966	329	83	79	16	408	670	170	270
11	930	938	1058	1198	1240	1249	1257	1258:2437:16	604	33	174	195	154	633	487	141
14	1081	1177	1256	1258	1264	1273	1285	1290	1293	1301:3020:633	333	50	616	66	245	45	45	650	200	137
13	162	922	1211	1254	1258	1273	1280	1293	1301:2942:641	150	687	362	429	116	33	8	250	266
12	922	935	1044	1101	1240	1250	1255	1258	1264	1271	1273	1280	1290	1295	1301:2267:437	199	4	24	12	108	62	325	74	183	33	41	16	487	133	129
12	917	1191	1248	1256	1258	1270	1273	1282	1284	1289	1295	1299:2981:350	16	87	987	491	83	20	62	8	266	412	79	120
101	915	945	1238	1243	1258	1268	1273	1295	1301:5009:1137	208	1570	400	779	162	433	79	12	229
12	1062	1167	1238	1243	1250	1258	1263	1269	1273	1286	1288	1294	1298:2302:291	145	12	245	237	279	37	116	12	25	8	725	100	70
14	929	938	1084	1210	1240	1258	1264	1270	1273	1280	1283	1291	1297	1302:2166:387	250	4	179	95	125	66	166	20	24	12	279	475	1	83
11	923	935	1241	1249	1256	1258	1266	1273	1285	1292	1295	1301:3088:525	304	1	141	758	616	91	108	50	95	33	175	191
929	937	1240	1244	1248	1256	1263	1273	1280	1283	1288	1293	1298:1754:95	8	45	1	504	166	83	4	4	154	575	45	70
434	937	1240	1245	1249	1257	1258	1265	1273	1284	1289	1300:4124:170	12	108	116	654	687	104	304	74	612	933	350
923	938	1234	1240	1257	1258	1266	1270	1273	1284	1289	1297	1300:2407:258	12	325	229	262	58	37	4	66	341	595	66	154
14	372	922	935	1049	1254	1258	1263	1273	1284	1289	1294	1299:1840:274	108	137	4	37	150	62	137	4	212	545	70	100
15	1239	1244	1249	1254	1258	1265	1271	1273	1301:7792:1912	983	1149	1558	975	254	308	125	191	337
290	922	1236	1258	1264	1269	1273	1287	1290	1293	1300:3671:854	329	370	104	429	12	87	87	820	200	379
14	464	916	938	1084	1100	1258	1265	1273	1278	1283	1291	1293	1299:3265:450	58	66	12	1016	62	91	112	75	16	433	400	237	237
930	1037	1199	1239	1244	1253	1258	1264	1270	1273	1287	1290	1294	1299:2241:308	12	75	295	345	12	58	212	33	25	75	550	133	108
14	913	1178	1240	1254	1258	1264	1268	1273	1282	1284	1288	1300:2279:329	129	29	95	133	62	183	54	8	4	170	929	154
11	915	937	1258	1265	1273	1281	1284	1291	1294	1299:5583:1187	729	37	191	425	229	66	1237	737	429	316
930	938	1238	1243	1250	1255	1258	1273	1287	1290	1295	1301:2207:237	12	379	437	16	387	79	33	8	441	108	70
9	925	939	1239	1244	1248	1257	1258	1273	1280	1283	1289	1294	1299:2136:116	108	100	99	137	616	158	54	16	4	183	370	100	75
916	1268	1273	1295	1301:457:50	208	54	83	62
14	928	1203	1249	1255	1258	1265	1273	1285	1288	1294	1298:2406:320	124	104	445	241	66	116	25	54	683	104	124
10	362	913	1044	1222	1239	1246	1253	1258	1265	1273	1290	1293:7685:691	1741	1037	216	1462	675	4	120	216	433	158	791	141
12	916	937	1078	1192	1240	1258	1265	1269	1273	1289	1299:4399:979	79	8	450	145	450	137	166	41	95	1483	366
489	929	1060	1099	1238	1243	1249	1255	1258	1263	1273	1278	1285	1291	1294	1301:1631:1	129	70	20	158	137	283	199	45	112	37	12	91	179	50	108
12	927	936	949	1180	1241	1249	1254	1258	1265	1273	1280	1283	1289	1293	1299:1830:216	75	8	70	20	8	308	170	58	54	25	16	224	475	66	37
928	1219	1256	1258	1273:1435:591	325	391	87	41
14	926	1177	1255	1258	1271	1273	1280	1293	1301:4207:1704	600	62	1016	170	1	104	50	150	350
915	1239	1244	1249	1257	1258	1263	1273	1285	1291:2549:120	345	391	375	337	70	183	62	187	479
13	922	1074	1197	1239	1244	1249	1254	1258	1270	1273	1278	1285	1288	1297	1298:1757:191	104	154	62	100	104	220	120	29	16	8	4	79	487	29	50
458	918	934	1081	1239	1245	1249	1254	1258	1263	1271	1273	1278	1290	1301:1821:50	8	4	208	150	58	312	158	54	183	12	29	8	408	179
929	938	1064	1240	1244	1249	1258	1266	1268	1282	1301:4428:850	50	308	462	279	1812	141	66	245	20	195
13	67	940	1249	1254	1258	1265	1268	1273	1284	1289	1299:2157:325	95	337	366	120	70	54	50	33	116	500	91
14	917	1191	1257	1258	1266	1269	1273	1285	1289	1295	1299:3452:1145	12	66	54	70	66	100	104	162	1358	99	216
938	1240	1244	1248	1254	1258	1269	1273	1284	1289	1293	1300:2379:12	133	137	833	54	54	4	37	274	583	108	150
12	915	1086	1199	1240	1248	1253	1258	1266	1273	1283	1289	1294	1299:1849:229	37	212	58	8	529	4	33	8	16	145	441	75	54
14	479	1183	1239	1244	1250	1254	1258	1264	1269	1273	1286	1297	1300:1755:370	70	45	158	300	20	220	58	158	58	45	33	62	158
283	923	1197	1255	1258	1270	1273	1278	1284	1288	1297	1298:3515:666	491	83	504	70	54	54	20	158	1362	16	37
12	1238	1244	1250	1255	1258	1264	1271	1273	1284	1288	1293	1299:2287:266	212	204	58	325	66	150	4	33	175	620	116	58
493	928	934	1241	1250	1257	1258	1268	1273	1283	1291	1300:5582:383	1116	16	104	129	958	183	283	141	1470	295	504
155	923	932	1218	1256	1258	1270	1273	1280	1297:2038:254	450	20	275	641	154	4	79	20	141
930	1248	1257	1258	1264	1271	1273	1280	1284	1290	1294	1301:4809:383	2579	249	100	208	20	66	1	179	620	150	254
8	938	1239	1243	1248	1256	1258	1265	1270	1273	1283	1288	1293	1298:1798:24	4	120	179	395	204	33	29	12	20	187	450	41	100
12	924	938	1219	1240	1249	1254	1258	1263	1269	1273	1284	1288:1849:216	179	4	133	54	258	100	41	95	37	16	133	583
262	915	1240	1248	1254	1266	1270	1273	1297:4105:1366	254	383	1329	508	25	16	58	166
14	180	923	936	1189	1238	1243	1258	1266	1269	1273	1278	1286	1289	1298:2590:479	275	266	8	62	208	283	45	12	141	41	8	8	729	25
15	914	936	1240	1245	1256	1258	1265	1273	1290:4790:1833	199	8	462	45	929	99	216	83	916
1240	1244	1248	1256	1258	1265	1273	1283	1288	1293	1298:1791:45	54	475	208	29	66	24	216	487	75	112
8	927	933	1041	1239	1243	1248	1256	1258	1271	1273	1283	1288	1293	1298:2022:41	112	4	4	91	212	570	187	41	8	16	183	404	62	87
13	158	926	936	1045	1239	1244	1248	1254	1258	1269	1273	1278	1285	1302:2245:191	29	204	4	4	245	341	841	54	79	58	25	16	100	54
151	931	1239	1244	1255	1258	1266	1268	1273	1278	1283	1291:3557:249	366	450	325	691	112	104	183	91	20	379	587
14	150	925	934	1238	1243	1248	1256	1258	1265	1273	1283	1288	1293	1298:1648:100	50	124	4	66	75	404	120	20	58	12	162	358	29	66
928	938	1258	1265	1270	1273	1285	1294:1934:783	41	170	350	33	41	300	216
149	925	935	1199	1238	1243	1254	1258	1270	1273	1285	1292	1294	1299:3820:625	416	4	262	575	787	391	154	54	91	45	129	175	112
12	932	1087	1238	1243	1248	1256	1258	1266	1273	1283	1290	1294	1299:1728:162	4	216	116	150	304	129	33	16	8	141	266	104	79
14	922	936	1178	1263	1268	1273	1300:2442:1095	462	8	8	312	183	45	329
217	926	1108	1239	1245	1256	1258	1263	1268	1273	1283	1291	1297:3286:625	295	33	216	4	654	108	266	191	79	441	370	4
13	126	914	1074	1239	1244	1249	1254	1258	1273	1280	1285	1288	1295	1299:1757:212	41	54	179	75	116	183	66	62	4	16	33	554	54	108
437	913	937	1186	1257	1258	1271	1280	1297	1300:1429:279	287	33	20	437	70	29	37	33	204
916	935	1241	1255	1258	1264	1271	1273	1280	1289	1301:4173:166	4	366	1216	216	462	70	154	41	991	487
14	288	925	938	1080	1224	1249	1256	1258	1264	1273	1284	1288	1295	1298:1585:162	183	66	1	124	54	241	141	24	79	4	108	345	12	41
14	1183	1257	1258	1270	1273	1283	1291	1297	1300:5460:1970	99	491	195	116	154	1116	654	70	595
10	291	926	935	1238	1243	1258	1264	1271	1273	1280	1291	1293	1302:2934:174	354	195	12	270	429	91	337	12	66	16	787	75	116
10	925	1177	1249	1255	1258	1267	1273	1283	1290	1293	1301:2345:150	200	20	325	450	66	20	24	320	479	141	150
15	938	1200	1240	1249	1254	1258	1264	1268	1273	1280	1301:7458:2025	41	354	695	2283	350	270	554	433	154	62	237
14	1213	1238	1243	1258	1266	1269	1289	1293	1298:3595:1191	233	391	429	62	41	12	995	162	79
15	1240	1245	1250	1257	1258	1266	1273	1281	1290:5127:2129	795	229	70	295	291	95	137	45	1041
14	425	923	1238	1255	1258	1265	1268	1273	1281	1291	1299:2491:575	33	204	187	412	87	187	108	29	20	570	79
14	956	1188	1239	1244	1249	1256	1258	1263	1273	1285	1290	1294	1302:1935:341	70	83	62	41	308	191	58	129	37	116	408	54	37
165	930	937	1238	1243	1258	1266	1268	1273	1280	1290	1294	1299:4903:1566	412	20	358	533	141	8	454	100	29	891	116	275
924	933	1073	1248	1254	1258	1269	1273	1280	1287	1288	1297	1298:3116:204	4	312	916	41	66	125	54	1	216	895	116	166
265	916	1078	1193	1239	1244	1250	1258	1266	1268	1273	1278	1289	1294	1298:2602:329	87	262	79	187	129	241	70	16	104	41	8	804	54	191
382	914	934	1048	1219	1258	1265	1270	1273	1298:1419:333	262	12	70	329	87	170	20	70	66
13	137	928	958	1239	1244	1258	1269	1273	1299:6730:1379	1816	758	100	900	916	283	250	149	179
916	935	1194	1238	1244	1254	1258	1266	1269	1273	1280	1289	1300:3082:108	8	158	475	604	95	108	108	49	79	12	1012	266
14	958	1178	1256	1258	1273	1282	1300:2768:1104	104	58	450	149	66	183	654
14	166	928	937	1166	1240	1245	1263	1268	1273	1295	1299:6760:1487	1266	862	83	49	504	274	1054	766	183	24	208
934	1196	1258	1270	1273	1281	1293	1302:662:4	150	95	58	45	37	224	49
345	930	937	1186	1238	1243	1250	1258	1273	1291	1297	1300:3552:770	395	8	112	470	395	66	79	70	750	179	258
14	929	938	940	1178	1256	1258	1265	1273	1284	1289	1300:2279:387	183	8	308	8	279	70	125	20	150	550	191
142	925	1060	1238	1243	1248	1258	1263	1268	1273	1278	1285	1291	1295	1301:1947:66	137	25	241	174	600	45	116	150	29	12	91	116	66	79
13	115	928	938	1240	1248	1255	1273	1284	1289	1293	1300:2423:366	12	158	4	29	595	241	29	262	470	95	162
1223	1258	1268	1273	1284	1289	1299:2217:550	141	366	62	745	320	33
11	1204	1239	1244	1249	1254	1258	1263	1269	1273	1285	1292:4358:825	454	358	604	954	145	133	445	95	91	125	129
923	948	1248	1256	1258	1269	1273	1280	1284	1291	1294	1302:2986:191	154	1062	350	45	37	45	12	237	579	108	166
14	316	1093	1239	1244	1249	1258	1268	1273	1285	1289	1294	1299:1698:145	145	100	129	220	258	54	70	12	66	408	33	58
15	926	1238	1243	1250	1256	1258	1264	1270	1273	1281	1291:3387:700	250	379	370	320	554	54	166	12	54	20	508
937	1048	1206	1249	1256	1265	1273	1281	1295:2682:8	66	237	1045	766	308	62	45	145
14	353	937	1078	1221	1250	1254	1258	1266	1273	1281	1289	1295	1298:2056:312	162	8	141	154	208	174	54	20	20	25	754	8	16
14	444	925	938	1077	1257	1258	1271	1273	1283	1293	1301:4113:1150	195	504	33	525	508	87	33	100	608	204	166
923	1207	1249	1257	1258	1271:1668:524	204	375	462	66	37
11	933	1068	1238	1243	1249	1254	1258	1263	1273	1283	1291	1295	1302:2038:225	4	170	150	283	208	204	49	120	8	283	300	1	33
13	127	923	1078	1239	1244	1249	1254	1258	1264	1269	1273	1289	1299:1911:225	79	79	179	108	137	191	129	66	108	41	20	470	79
14	322	923	1239	1244	1257	1258	1264	1273	1283	1291	1299:2469:462	249	166	162	100	225	62	162	33	370	404	74
11	929	1239	1244	1250	1253	1258	1266	1268	1273	1285	1291:3927:745	583	491	354	216	12	170	141	154	75	287	699
86	913	1218	1238	1243	1255	1258	1263	1269	1273	1280	1287	1290	1297	1298:2330:37	158	120	320	358	408	41	212	8	20	4	124	429	25	66
13	447	926	936	1194	1238	1243	1249	1255	1258	1265	1270	1273	1278	1285	1290	1300:1631:183	25	108	8	58	150	99	220	183	54	49	4	12	16	29	325	108
15	938	1245	1249	1258	1265	1269	1273	1278:3206:1699	91	170	566	145	233	224	66	12
360	913	937	1255	1258	1270	1273	1280	1284	1289	1293	1302:5070:725	433	16	1245	212	37	154	29	766	954	154	345
14	281	925	935	1058	1240	1249	1256	1258	1265	1273	1295:3791:708	525	375	4	220	287	633	700	137	133	45	24
10	272	915	932	1218	1254	1258	1263	1268	1273	1285	1289	1297	1298:2701:175	433	112	8	145	66	79	183	150	45	95	1141	49	20
12	914	1248	1258	1273	1283	1289	1294	1299:3493:558	150	1208	87	37	550	545	183	175
135	924	1099	1250	1256	1258	1266	1271	1273	1285	1292	1294	1301:2385:387	366	24	112	650	137	37	99	50	8	87	133	295
14	923	938	1238	1244	1257	1258	1265	1273	1282	1286	1293	1302:2768:666	312	12	345	458	416	75	129	66	12	70	137	70
14	18	1081	1153	1238	1243	1250	1256	1258	1264	1273	1285	1290	1293	1300:1765:250	112	179	4	179	170	12	216	33	79	8	37	320	83	83
14	927	1079	1197	1249	1255	1258	1266	1268	1273	1285	1288	1297	1298:2313:308	154	79	79	375	229	58	1	70	16	75	779	49	41
143	936	1074	1099	1243	1255	1258	1270	1273	1278	1285	1288	1294	1301:3287:212	4	400	183	312	425	70	4	37	29	83	1154	162	212
924	1239	1244	1258	1263	1268	1273	1282	1301:3987:633	808	929	216	433	470	112	20	366
228	916	935	1256	1258	1265	1282	1289	1293	1300:7175:1816	629	8	1908	208	583	29	1145	229	620
148	923	973	1198	1240	1249	1256	1258	1265	1271	1273	1282	1285	1291:2127:129	141	95	166	66	304	420	70	120	12	45	1	154	404
14	1214	1239	1244	1255	1268	1273	1290	1293	1299:3430:841	158	245	262	608	154	83	675	204	200
14	17	935	1238	1243	1250	1255	1258	1273	1281	1286	1289	1294	1299:1859:283	54	1	112	225	237	187	58	29	12	29	479	83	70
10	1182	1258	1270	1273	1280	1291	1293	1301:1537:237	116	166	29	66	79	220	308	316
927	936	1239	1244	1248	1258	1263	1273	1285	1289	1294	1298:1914:150	1	116	133	541	29	104	29	120	579	104	8
13	404	928	937	1255	1273	1281	1293	1302:3299:937	445	683	16	779	62	45	295	37
14	938	1250	1253	1258	1265	1273	1285	1289	1295	1299:3478:1387	33	137	162	133	345	116	70	1004	62	29
15	928	937	1256	1258	1266	1270	1273	1280	1290:6324:2345	1045	37	1583	187	4	112	141	58	812
14	917	1221	1251	1256	1258	1271	1273	1282	1289	1295:8144:2116	270	1329	179	1704	241	166	191	620	1316	12
181	915	1238	1243	1249	1256	1258	1264	1270	1273	1283	1289	1294	1299:2177:183	95	129	191	195	279	54	129	20	33	183	520	54	112
14	938	1179	1238	1243	1249	1256	1258	1263	1271	1273	1278	1290	1294	1300:1966:304	8	25	200	237	262	245	41	120	12	41	1	312	58	100
13	431	1257	1258	1265	1268	1273	1283	1290	1299:4033:1058	166	558	116	275	120	95	525	950	170
242	913	1099	1238	1243	1255	1258	1263	1273	1287	1289	1294	1301:2012:362	125	58	79	224	300	62	183	29	8	429	41	112
14	923	938	1241	1248	1258	1263	1273	1283	1290	1293	1300:2513:400	204	12	1	766	29	158	58	245	375	120	145
1063	1099	1249	1255	1258	1266	1271	1273	1280	1285	1291	1294	1301:7339:1345	141	1733	1404	241	183	233	195	41	320	150	633	720
15	1081	1239	1245	1258	1263	1270	1273	1280	1285	1290:3908:1625	437	441	29	158	366	62	33	33	33	691
12	930	938	1044	1250	1256	1258	1266	1273	1290	1294	1300:4207:954	470	45	20	191	875	129	62	62	820	229	350
1238	1254	1258	1265	1269	1273	1282	1284	1288:7679:1529	891	220	841	933	233	70	500	2462
13	334	917	1099	1254	1258	1265	1269	1273	1278	1294	1301:2887:787	625	45	174	383	120	179	45	125	25	175	204
12	1258	1264	1273	1280	1284	1289	1294:3627:1283	137	529	112	87	904	325	250
15	923	1240	1250	1258	1263	1268	1273	1301:3609:1279	595	258	562	133	325	208	70	179
12	922	1185	1239	1244	1256	1258	1264	1270	1273	1278	1297	1300:5996:1075	625	54	787	1004	1133	179	387	16	91	75	20	550
375	928	938	1211	1239	1244	1250	1255	1258	1266	1270	1273	1280	1285	1291	1293	1301:1884:141	133	4	141	187	179	91	262	49	12	8	4	8	137	395	54	79
13	456	924	1194	1238	1243	1250	1256	1258	1264	1270	1273	1285	1292	1300:1728:250	45	212	83	162	175	4	266	54	125	16	16	29	150	141
13	458	925	935	1081	1250	1258	1263	1280	1285	1290	1293	1300:2752:500	66	233	8	416	29	66	287	20	58	712	170	187
13	94	926	958	1240	1244	1249	1256	1258	1264	1271	1273	1280:4674:770	233	320	362	325	212	1058	766	129	329	66	79	25
926	936	1215	1240	1258	1271	1273	1293	1301:2342:845	1	466	220	187	50	70	354	149
48	917	946	1197	1238	1255	1258	1265	1269	1273	1280	1287	1288	1297:2862:100	24	270	133	99	466	74	183	37	45	12	220	1104	95
418	926	936	1239	1244	1250	1257	1258	1263	1271	1273	1283	1290	1295	1301:2009:70	204	12	124	141	66	187	62	166	4	66	254	433	87	133
14	917	1067	1178	1238	1243	1257	1258	1273	1280	1283	1289	1300:3262:704	4	191	20	329	425	279	79	33	16	358	554	270
13	925	935	1240	1256	1258	1273	1290	1299:4209:1087	470	1	158	1216	204	91	820	162
14	926	1060	1240	1245	1256	1258	1265	1271	1273	1280	1285	1291	1294	1299:2278:454	308	141	133	45	312	54	133	29	16	1	166	195	141	150
14	284	913	948	1177	1239	1244	1249	1256	1258	1264	1273	1284	1291	1293	1301:1526:145	116	66	45	25	62	100	191	133	29	54	20	133	295	75	37
12	916	1186	1240	1249	1255	1258	1264	1273	1280	1287	1289	1297	1300:1820:212	29	41	112	225	241	49	104	33	4	158	429	50	133
317	914	937	1239	1244	1255	1268	1273	1281	1284	1289:4483:1091	341	79	754	424	208	470	100	54	558	404
12	924	957	1240	1244	1248	1254	1258	1266	1269	1273	1287	1288	1297	1298:1725:195	133	20	54	70	554	95	24	12	8	25	12	437	45	41
184	923	1199	1240	1256	1258	1273	1280	1290	1294	1299:3774:395	437	74	149	1054	175	87	29	875	212	287
12	913	1073	1248	1268	1281	1287	1288	1297	1298:3849:441	166	412	1379	124	4	208	966	58	91
11	914	934	1239	1244	1249	1258	1264	1268	1273	1291	1302:4237:662	316	1	254	695	745	74	383	154	95	804	54
397	923	1049	1182	1256	1258	1265	1270	1273	1280	1284	1289	1293	1301:3552:300	283	41	29	612	79	162	24	66	12	429	1266	170	79
15	1058	1238	1243	1255	1258	1264	1270	1273	1280	1301:5928:2066	383	612	650	1162	187	329	74	83	12	370
9	928	937	1250	1256	1269	1273	1281	1283	1290	1294	1299:3299:295	337	12	104	750	20	112	20	483	729	204	233
14	376	927	937	1249	1255	1258	1264	1270	1273	1281	1285	1288	1297	1298:2173:283	120	183	8	366	250	49	125	8	29	8	58	633	45	8
916	1222	1238	1243	1255	1258	1265	1273	1280:2529:150	366	320	779	466	116	266	54	12
13	220	929	935	958	1258	1269	1273	1281	1293	1300:2821:600	733	570	4	279	112	104	66	12	91	250
14	924	935	1192	1240	1245	1249	1253	1258	1265	1269	1273	1290	1299:2715:504	254	1	116	70	70	591	58	62	212	41	62	500	174
10	937	1166	1239	1243	1256	1258	1264	1273	1284	1289	1295	1299:2541:266	4	4	275	333	454	66	162	66	325	495	62	29
14	385	924	937	964	1204	1248	1256	1258	1265	1273	1280	1286:2606:537	141	270	16	91	179	779	275	58	195	41	20	4
926	1099	1238	1243	1249	1257	1258	1263	1273	1278	1283	1290	1294	1301:1904:125	8	154	187	358	162	37	104	16	12	204	379	83	75
9	937	1250	1256	1258	1266	1273	1280	1284	1290	1294	1299:5116:925	29	145	1062	208	125	141	12	754	1170	341	204
479	922	1196	1258	1265	1270	1273	1293	1302:1357:58	458	270	87	87	37	74	216	70
267	928	1099	1250	1256	1258	1270	1273	1278	1286	1290	1294	1301:2665:412	262	141	333	433	75	33	58	12	8	566	145	187
12	928	1074	1248	1254	1258	1263	1269	1273	1285	1288	1295	1298:2206:308	145	112	583	45	41	129	16	33	20	679	25	70
14	175	923	964	1230	1238	1243	1254	1258	1263	1271	1273	1278	1286	1293	1301:1898:254	175	116	54	154	225	295	179	49	125	4	16	4	20	112	116
13	928	1065	1194	1240	1258	1270	1283	1291	1300:3224:716	295	162	112	233	87	8	612	666	333
923	1047	1199	1239	1244	1258	1263	1269	1273	1280	1287	1288	1294	1299:2015:183	25	74	170	91	62	154	33	8	4	191	808	112	100
179	1099	1240	1250	1257	1258	1266	1273	1281	1290	1294	1301:2570:333	91	295	29	400	104	29	70	16	833	137	233
12	925	1206	1239	1250	1257	1258	1273	1281	1290	1295	1302:5321:1529	454	266	604	179	870	162	125	37	808	129	158
466	913	936	1049	1186	1258	1273	1284	1289	1297	1300:3777:220	445	4	87	91	145	104	658	1537	37	449
346	928	948	1222	1239	1256	1258	1264	1273	1282	1284	1291:3015:283	295	229	279	124	370	62	191	50	16	287	829
14	213	925	1076	1238	1244	1255	1258	1265	1273	1278	1285	1288	1294	1299:1843:220	183	108	129	124	62	145	54	100	16	12	62	483	58	87
913	936	962	1238	1243	1249	1258	1268	1273:2610:425	8	37	350	629	850	133	112	66
913	1238	1254	1258	1266	1269	1273	1278	1289	1294	1301:3487:325	333	679	154	141	49	129	58	1045	116	458
12	1055	1199	1238	1243	1258	1269	1273	1287	1288	1294	1299:2357:387	149	79	125	237	49	29	12	200	891	112	87
14	925	940	1239	1244	1249	1254	1258	1271	1273	1280	1284	1289	1294	1299:2082:316	150	129	116	37	241	150	62	12	41	25	204	450	91	58
13	916	933	1218	1258	1273	1280	1297:1707:812	129	12	366	124	95	70	99
15	922	961	1249	1256	1258	1270	1273	1280:4095:1437	695	150	1033	520	145	16	62	37
485	924	935	964	1249	1255	1258	1269	1273	1301:4490:195	620	8	83	1666	1137	170	91	83	437
13	333	925	935	1240	1254	1263	1268	1273	1280	1284	1288	1299:2070:283	220	129	4	100	62	145	104	29	4	166	720	104
13	443	924	937	1064	1194	1250	1257	1258	1266	1273	1292	1300:2990:812	133	404	4	137	120	245	483	120	79	79	33	341
14	927	937	1214	1273	1289	1293	1299:2892:999	483	4	566	45	454	208	133
13	106	938	1074	1255	1268	1273	1285	1288	1300:7783:1391	387	16	1158	1200	241	175	295	2379	541
925	936	948	1240	1245	1248	1255	1258	1263	1273	1284	1291	1294	1300:2765:200	4	50	95	158	666	320	45	145	29	229	575	83	166
937	1089	1236	1239	1244	1249	1256	1258	1265	1273	1285	1290	1293	1300:2095:1	283	124	125	87	250	245	45	133	25	66	441	137	133
481	929	1060	1099	1240	1249	1254	1258	1266	1269	1273	1285	1291	1294	1301:1752:16	183	137	49	100	437	75	79	25	83	41	145	87	158	137
15	924	937	1239	1244	1258	1268	1273	1300:3500:1437	354	33	733	412	95	70	50	316
11	927	937	1248	1257	1258	1271	1273	1285	1291	1295	1301:2853:412	225	12	995	304	70	25	62	99	375	124	150
223	915	1044	1128	1239	1245	1270	1273	1280	1290	1294	1299:7706:2166	499	1129	175	741	579	162	216	120	512	245	1162
187	913	937	948	1256	1258	1271	1273	1284	1291	1295	1299:4782:1350	454	4	616	670	141	41	112	429	837	45	83
103	926	1256	1258	1271	1273	1278	1284	1288	1300:6417:504	841	1162	191	62	166	125	300	2633	433
12	930	1240	1248	1258	1265	1268	1273	1290	1300:4378:691	458	170	1666	62	208	216	79	616	212
230	926	937	1082	1222	1240	1245	1248	1258	1266	1273	1280	1283	1293:6658:404	483	8	433	333	337	87	3662	104	50	66	29	654	8
13	120	924	937	958	1238	1243	1248	1255	1258	1264	1269	1273	1280:3951:591	245	337	16	166	425	329	900	470	79	245	74	62	12
335	914	1199	1238	1243	1255	1258	1264	1273	1285	1291	1294	1299:3405:400	191	166	300	412	487	120	266	45	233	620	120	45
475	935	1049	1218	1238	1243	1258	1269	1273	1284	1289	1297	1298:2549:45	4	129	187	283	350	54	29	29	320	1050	45	24
241	913	938	1073	1224	1249	1255	1258	1263	1273	1287	1288	1295	1298:2482:254	124	4	187	120	204	316	54	158	37	170	775	4	75
248	936	1258	1268	1273	1287	1290	1297	1299:3257:1666	4	145	308	124	83	266	166	495
410	931	1073	1219	1238	1243	1254	1258	1265	1269	1273	1287	1288	1295	1298:1635:83	95	170	120	179	133	29	58	100	16	8	83	520	4	37
14	250	928	938	1214	1238	1243	1256	1258	1265	1271	1273	1285	1290	1293	1299:1555:187	187	129	12	108	91	141	62	41	58	20	12	83	279	54	91
11	931	1249	1258	1264	1271	1273	1285	1291	1301:6541:870	1458	1958	254	483	216	187	312	391	412
387	913	938	1211	1240	1245	1250	1255	1258	1264	1273	1285	1291	1293	1301:2044:133	129	16	179	104	20	187	208	58	212	25	179	358	120	116
12	1208	1249	1254	1269	1273	1284	1288:4647:641	333	1175	420	120	83	475	1400
64	948	1255	1258	1265	1273	1280	1284	1291	1294	1298:3053:212	504	370	116	183	33	29	404	1016	141	45
9	926	1248	1258	1273	1284	1289	1295	1299:4712:362	337	2287	129	91	383	741	162	220
13	451	1047	1254	1266	1268	1273	1278	1287	1288	1299:4629:825	320	508	145	20	200	100	95	433	1629	354
14	231	917	1049	1239	1244	1248	1254	1258	1266	1268	1273	1284	1289	1293	1299:1555:200	120	8	8	95	120	237	1	49	20	16	20	125	400	91	45
936	1084	1238	1244	1249	1255	1258	1265	1268	1273	1278	1283	1291	1295	1301:2096:8	245	179	187	212	320	37	125	95	33	16	195	295	62	87
14	916	935	1192	1238	1244	1256	1258	1264	1269	1273	1281	1283	1291	1299:1995:312	45	4	75	237	204	208	41	154	33	8	1	237	320	116
349	928	938	1240	1254	1258	1273	1294	1299:2503:595	679	62	62	466	124	50	216	249
263	1240	1245	1257	1258	1264	1269	1273	1284	1289	1299:3016:520	175	133	341	83	262	58	75	416	812	141
225	917	1060	1238	1243	1249	1258	1265	1273	1285	1291	1301:3687:1020	37	104	504	404	512	141	270	87	200	154	254
14	933	1084	1227	1238	1243	1256	1258	1265	1283	1291	1295	1300:1756:220	4	91	166	158	170	204	45	129	150	270	37	112
12	914	1239	1244	1258	1263	1273	1280	1283	1290	1299:3011:566	229	295	304	62	208	83	12	483	670	99
926	936	1084	1256	1258	1264	1268	1273	1278	1283	1291:6671:1262	16	879	1129	254	720	458	225	37	1083	608
916	1211	1238	1243	1253	1258	1263	1269	1273	1280	1285	1290	1293	1301:1953:45	216	216	200	58	50	187	20	29	4	79	683	62	104
422	917	937	958	1198	1239	1244	1249	1255	1258	1265	1271	1273:4393:383	45	16	229	287	541	483	945	962	162	208	37	95
390	927	1248	1257	1258	1273	1281	1285	1291	1295	1301:5555:300	383	3633	250	137	75	37	195	325	95	125
924	938	1107	1258	1268	1287	1290	1297	1298:2372:658	54	204	183	383	304	87	170	329
12	940	1223	1239	1244	1249	1254	1258	1265	1270	1273	1284	1289:2073:187	166	200	100	70	254	229	45	116	8	41	170	487
15	922	1207	1248	1256	1258	1265	1270	1273	1302:9942:1995	1687	1383	2529	1483	204	29	162	179	291
477	931	1048	1099	1258	1273	1294	1301:2779:366	741	558	320	141	41	429	183
13	473	925	936	1238	1243	1254	1258	1264	1270	1273	1278	1293	1300:7208:1525	333	883	4	987	1279	308	200	616	33	154	41	262	583
15	1249	1258	1268	1273	1278	1301:1506:754	216	87	179	54	62	154
14	167	922	937	1080	1189	1248	1257	1258	1266	1271	1273	1282	1284	1288	1298:1909:187	45	112	4	108	41	391	141	37	41	12	20	8	150	550	62
11	973	1240	1250	1254	1258	1265	1268	1273	1285	1291:6673:1274	233	824	679	487	279	612	1066	141	912	166
12	917	1254	1258	1263	1268	1273	1280	1284	1288	1299:3557:662	33	404	91	283	145	91	4	195	1487	162
294	925	935	948	1239	1244	1249	1254	1258	1263	1271	1273	1281	1284	1291	1293	1301:1689:212	112	1	58	99	54	241	24	62	104	12	12	1	145	441	62	49
14	394	929	1238	1243	1248	1258	1263	1268	1273	1283	1289	1293	1299:1649:208	45	99	137	145	287	20	108	45	12	174	295	41	33
12	914	1201	1248	1257	1258	1263	1273	1280	1291	1297	1300:3043:316	158	154	1245	12	49	270	41	20	504	74	200
922	938	1255	1258	1264	1268	1273	1280	1285	1289	1294	1299:4583:400	20	962	170	454	275	83	4	200	1470	212	333
13	455	1238	1244	1258	1265	1268	1281	1289:4366:1112	74	462	1091	145	458	308	79	637
224	926	936	1099	1238	1243	1256	1258	1269	1273	1278	1285	1289	1294	1301:1999:258	204	1	49	79	191	237	41	16	29	16	83	612	54	129
9	913	938	956	1230	1240	1249	1255	1258	1266	1273	1280	1285	1290	1293	1301:1852:108	83	4	24	204	58	175	245	58	41	62	8	141	450	116	75
12	1223	1238	1244	1250	1258	1268	1273	1285	1289	1299:3246:554	433	391	612	58	100	62	58	45	879	54
10	914	934	948	1250	1258	1264	1273	1282	1284	1291	1293	1302:3600:270	237	1	495	233	112	304	83	54	337	1158	137	179
13	304	914	935	1248	1254	1258	1266	1268	1273	1290	1300:1915:283	229	87	8	512	41	41	45	70	54	395	150
12	926	1049	1232	1239	1244	1254	1258	1264	1268	1273	1284	1289	1295	1299:2072:241	166	8	158	158	112	62	49	137	66	12	208	575	50	70
9	924	937	1173	1240	1245	1257	1258	1266	1273	1280	1285	1294	1300:3449:554	583	8	8	141	91	954	166	112	137	79	54	204	358
13	470	927	936	1194	1258	1270	1273	1283	1290	1300:5099:1408	145	583	4	245	162	29	145	991	883	504
11	922	936	1241	1254	1258	1264	1268	1284	1289	1301:4656:962	366	4	49	595	158	370	137	820	862	333
325	925	1086	1186	1240	1253	1258	1263	1268	1273	1281	1283	1289	1297	1300:1993:195	129	254	75	66	49	58	108	83	41	4	208	570	29	124
12	929	938	1167	1240	1264	1269	1273	1287	1289	1294:7452:1662	1762	45	45	300	1070	195	195	483	1458	237
15	916	1198	1238	1243	1248	1254	1258	1268	1273	1282:2746:508	54	120	270	316	1225	4	54	129	41	25
11	925	945	1256	1258	1273	1280	1295	1301:1578:262	416	137	416	87	45	8	70	137
14	239	924	1240	1256	1258	1273	1281	1286	1289	1293	1299:2569:470	295	208	108	450	75	12	20	16	683	95	137
14	929	938	1233	1240	1250	1258	1270	1273	1280	1286	1289	1293	1299:1808:391	162	8	195	33	195	54	1	29	4	8	600	99	29
14	924	938	953	1177	1249	1255	1258	1264	1273	1284	1290	1293	1301:2158:275	183	8	183	29	283	266	50	112	29	229	391	62	58
12	1201	1238	1243	1248	1255	1258	1265	1269	1273	1278	1291	1297	1300:2046:250	87	145	179	512	229	50	79	4	25	12	308	58	108
229	923	938	1186	1240	1245	1257	1266	1271	1273	1291	1297	1300:2494:575	220	29	66	158	49	379	45	62	54	587	125	145
11	917	934	1249	1273	1280	1294	1301:1232:274	20	4	491	66	20	149	208
14	1213	1239	1244	1255	1258	1265	1270	1273	1278	1290	1293	1298:2698:712	116	162	124	400	58	137	29	50	37	620	166	87
14	913	938	1213	1258	1266	1270	1273	1281	1283	1290	1293	1298:4751:1770	308	20	245	179	83	41	95	41	720	933	225	91
11	1257	1258	1263	1273	1285	1291	1297:2383:575	258	187	520	170	320	133	220
936	1219	1249	1255	1258	1270	1273	1282	1285	1289	1298:6416:4	450	1845	1545	162	54	162	16	279	1766	133
14	419	926	1249	1258	1263	1273	1280	1285	1294	1301:5665:1629	225	587	1662	183	470	170	37	70	191	441
12	914	1186	1249	1255	1258	1264	1270	1273	1278	1287	1289	1297	1300:2224:316	104	37	275	304	49	145	4	58	4	225	516	37	150
914	948	1249	1258	1264	1271	1273	1284	1291	1300:4516:187	337	1099	145	391	79	104	616	1075	483
11	928	936	1239	1243	1248	1256	1258	1263	1271	1273	1285	1291	1295	1302:2143:120	104	8	166	154	554	279	29	133	41	37	124	283	62	49
14	937	949	1257	1258	1266	1271	1273	1281	1283	1289	1294:3186:1004	16	33	387	95	104	29	66	45	458	833	116
13	308	1194	1241	1258	1264	1273	1283	1291	1300:3700:900	445	237	4	137	383	62	645	583	304
353	924	1198	1248	1254	1258	1264	1273	1291:2541:262	262	112	1120	216	79	220	33	237
14	928	938	1099	1240	1245	1249	1256	1258	1273	1281	1283	1291	1294	1301:1814:258	162	12	41	133	37	225	183	45	12	8	225	241	95	137
337	930	936	1238	1243	1249	1255	1258	1265	1273	1278	1287	1290	1300:1744:200	112	8	191	204	212	191	33	62	29	12	49	354	87
11	1240	1245	1249	1256	1258	1265	1270	1273	1281	1285	1291	1294	1300:2455:266	245	58	341	375	62	91	24	37	8	179	429	124	216
256	929	1080	1197	1239	1244	1255	1258	1264	1269	1273	1280	1284	1288	1297	1298:1843:162	104	137	37	129	137	179	16	112	8	12	4	145	587	33	41
13	102	1100	1238	1244	1254	1258	1266	1270	1273	1278	1286	1289	1293	1299:1962:362	54	91	254	187	58	58	1	33	29	8	12	645	79	91
925	936	948	1249	1257	1258	1265	1270	1273	1281	1284	1291	1301:2315:187	16	124	550	233	62	100	12	33	4	216	637	141
11	914	1204	1249	1258	1273:2669:425	475	354	1120	187	108
9	927	1257	1258	1266	1268	1273	1280	1283	1291	1300:5119:591	737	945	116	162	208	145	33	1104	545	533
14	913	1079	1216	1239	1244	1248	1254	1258	1266	1269	1273	1285	1288	1294	1298:1827:250	79	108	74	70	141	375	29	37	4	12	12	50	491	79	16
14	1238	1243	1249	1255	1258	1266	1273	1281	1285	1290	1294	1299:2068:395	187	166	258	220	54	20	33	8	154	416	120	37
1219	1238	1243	1249	1256	1258	1270	1273	1285	1289	1298:3521:287	354	333	470	529	79	29	29	91	1191	129
14	922	1224	1248	1258	1264	1271	1273	1280	1284	1288:3108:583	245	350	754	54	150	12	20	4	191	745